opportunity_id,nfl_id,role_proxy,in_study,distance_closed,player_name,exp_gbm,roe_gbm,exp_spline_ridge,roe_spline_ridge
2023090700_361_46137,46137,SPLIT_DEEP,False,5.272205474974143,Justin Reid,4.352832368133248,0.9193731068408955,2.868515158004845,2.403690316969298
2023090700_461_46137,46137,SPLIT_DEEP,False,-1.1265458518534452,Justin Reid,0.2038874800885042,-1.3304333319419495,0.21003012646250063,-1.3365759783159459
2023090700_461_54527,54527,SPLIT_DEEP,False,2.40688240483766,Bryan Cook,1.7947346703392937,0.6121477344983661,2.0585608309016186,0.34832157393604124
2023090700_736_47888,47888,SINGLE_HIGH,False,5.012003504971618,C.J. Gardner-Johnson,5.189549814972168,-0.1775463100005501,4.404096278633105,0.6079072263385132
2023090700_1154_54527,54527,SINGLE_HIGH,False,-2.770889415361525,Bryan Cook,1.2689004164081108,-4.039789831769636,2.6857267614019165,-5.456616176763442
2023090700_1422_47888,47888,SINGLE_HIGH,False,10.88403528542804,C.J. Gardner-Johnson,10.42386142074347,0.46017386468456856,9.887251447025244,0.9967838384027949
2023090700_1494_46137,46137,SPLIT_DEEP,False,-2.8912919740174363,Justin Reid,1.4675130385972115,-4.358805012614647,1.8875538249090322,-4.7788457989264685
2023090700_1494_54527,54527,SPLIT_DEEP,False,-7.8853129418961405,Bryan Cook,-1.4859459982086023,-6.3993669436875384,0.6221937780755074,-8.507506719971648
2023090700_1588_47888,47888,SINGLE_HIGH,False,16.074137026577745,C.J. Gardner-Johnson,11.784178495353707,4.289958531224038,12.17660247071965,3.897534555858094
2023090700_1679_47888,47888,SPLIT_DEEP,False,7.996483768312311,C.J. Gardner-Johnson,7.485508190067651,0.5109755782446603,6.348048897676311,1.6484348706359997
2023090700_1711_47888,47888,SPLIT_DEEP,False,6.775710298075657,C.J. Gardner-Johnson,8.283215720277473,-1.5075054222018167,6.689002289037235,0.08670800903842135
2023090700_1869_54527,54527,SPLIT_DEEP,False,1.8769286395544444,Bryan Cook,1.706624406491133,0.17030423306331155,1.4358522422579743,0.4410763972964702
2023090700_1940_54527,54527,SPLIT_DEEP,False,2.5256155329112264,Bryan Cook,3.053301347561715,-0.5276858146504884,4.335348036503323,-1.8097325035920964
2023090700_2118_47888,47888,SPLIT_DEEP,False,1.2600604114645255,C.J. Gardner-Johnson,1.4826471154588456,-0.22258670399432012,1.215076479694872,0.04498393176965343
2023090700_2186_46137,46137,SPLIT_DEEP,False,-1.9603371700633083,Justin Reid,1.404552544790464,-3.3648897148537724,1.0985622452452315,-3.05889941530854
2023090700_2510_54562,54562,SPLIT_DEEP,True,2.9229069610936853,Kerby Joseph,1.6400209986065084,1.282885962487177,0.7376534016884619,2.1852535594052234
2023090700_2613_54527,54527,SINGLE_HIGH,False,-1.6843328736390113,Bryan Cook,2.3586942384591683,-4.04302711209818,2.9317149136571032,-4.6160477872961145
2023090700_3089_54527,54527,SINGLE_HIGH,False,0.889905965609775,Bryan Cook,3.0342596172388228,-2.144353651629048,1.968653374475144,-1.078747408865369
2023090700_3912_47888,47888,SINGLE_HIGH,False,-4.584600866711623,C.J. Gardner-Johnson,1.7212460423090583,-6.305846909020682,3.027113319260291,-7.611714185971914
2023090700_3971_47888,47888,SINGLE_HIGH,False,3.4868469920501353,C.J. Gardner-Johnson,2.1775219712456715,1.3093250208044638,1.5926430258629996,1.8942039661871357
2023090700_3994_54562,54562,SINGLE_HIGH,True,-5.153386008769122,Kerby Joseph,7.356418759111247,-12.509804767880368,5.516254258490731,-10.669640267259853
2023090700_4041_47888,47888,SPLIT_DEEP,False,2.9942902541537535,C.J. Gardner-Johnson,6.005890714879008,-3.011600460725255,7.303325028916676,-4.309034774762923
2023090700_4041_54562,54562,SPLIT_DEEP,True,7.524389809132158,Kerby Joseph,6.234451613562853,1.289938195569305,7.84596193692107,-0.32157212778891164
2023091000_185_46123,46123,SINGLE_HIGH,True,0.6878141714550452,Jessie Bates,1.472624897640091,-0.7848107261850459,0.8109549473363433,-0.12314077588129813
2023091000_661_46123,46123,SINGLE_HIGH,True,3.977966640201177,Jessie Bates,1.3535377486531457,2.624428891548031,1.065833279256692,2.912133360944485
2023091000_842_46123,46123,SPLIT_DEEP,True,4.8505877115528016,Jessie Bates,0.8629413719382345,3.987646339614567,1.298486798878768,3.5521009126740335
2023091000_842_53469,53469,SPLIT_DEEP,False,7.686204551062362,Richie Grant,1.5853609844908696,6.100843566571492,1.574179959442974,6.112024591619388
2023091000_1046_43350,43350,SPLIT_DEEP,False,-0.7115763094944665,Vonn Bell,1.725631563964412,-2.4372078734588785,1.8487768393773045,-2.560353148871771
2023091000_1325_53469,53469,SPLIT_DEEP,False,8.154244725562606,Richie Grant,2.854093409119282,5.300151316443324,3.7509947431211375,4.403249982441468
2023091000_1743_46123,46123,SPLIT_DEEP,True,-3.436326762745278,Jessie Bates,0.8147562963188957,-4.2510830590641735,1.684658024238498,-5.120984786983776
2023091000_2101_46123,46123,SINGLE_HIGH,True,-0.5990628505124036,Jessie Bates,2.1251318771661976,-2.724194727678601,2.2411175697129284,-2.840180420225332
2023091000_2389_46123,46123,SINGLE_HIGH,True,3.305034543225153,Jessie Bates,-0.5397109205518884,3.8447454637770413,0.8481214346272985,2.4569131085978544
2023091000_3078_46123,46123,SINGLE_HIGH,True,15.485894462543005,Jessie Bates,18.842660851223133,-3.3567663886801284,15.321408947522011,0.16448551502099384
2023091000_3533_43350,43350,SINGLE_HIGH,False,15.089372621442516,Vonn Bell,11.911459830983253,3.1779127904592634,12.169433537106036,2.9199390843364803
2023091000_3916_52542,52542,SPLIT_DEEP,False,6.380936216379474,Jaylinn Hawkins,3.379687007307174,3.0012492090722995,3.6340566629314317,2.746879553448042
2023091001_893_54502,54502,SINGLE_HIGH,True,8.3915883106784,Jalen Pitre,4.0805740427531445,4.311014267925256,4.994557778739274,3.3970305319391265
2023091001_1042_44854,44854,SPLIT_DEEP,False,-2.942230817789971,Marcus Williams,-0.4817145473581399,-2.4605162704318313,0.4348299781499101,-3.3770607959398813
2023091001_1042_52627,52627,SPLIT_DEEP,True,3.1991012636608342,Geno Stone,1.5402327347011255,1.6588685289597087,1.7201145193017613,1.478986744359073
2023091001_1470_44854,44854,SPLIT_DEEP,False,4.169354737947984,Marcus Williams,1.5498950449564342,2.6194596929915495,1.975517681231807,2.193837056716177
2023091001_1574_54479,54479,SPLIT_DEEP,False,-0.3101675088265887,Kyle Hamilton,1.3854995298507535,-1.6956670386773423,0.8044974973321022,-1.114665006158691
2023091001_2033_52627,52627,SPLIT_DEEP,True,0.5465435725709415,Geno Stone,1.7825369675969216,-1.23599339502598,1.7783049671154885,-1.231761394544547
2023091001_2759_54479,54479,SPLIT_DEEP,False,0.8408223310015881,Kyle Hamilton,0.6011914435473933,0.2396308874541948,0.9770519612316697,-0.1362296302300816
2023091001_3086_52627,52627,SINGLE_HIGH,True,0.0234254019191855,Geno Stone,1.643481277023328,-1.6200558751041425,2.4791913481959202,-2.4557659462767347
2023091001_3216_52627,52627,SINGLE_HIGH,True,9.44457562859798,Geno Stone,3.295016400751457,6.149559227846522,3.709435946956795,5.735139681641185
2023091001_3514_52627,52627,SPLIT_DEEP,True,3.37129587175921,Geno Stone,1.5926333153154297,1.7786625564437804,1.0588618214347276,2.3124340503244825
2023091001_3902_54479,54479,SPLIT_DEEP,False,-3.215265801617418,Kyle Hamilton,0.9630462618073409,-4.178312063424759,0.6719896356687336,-3.8872554372861514
2023091001_4018_46122,46122,SPLIT_DEEP,False,9.359186294452398,M.J. Stewart,8.371335467719051,0.9878508267333466,8.934243630950071,0.42494266350232657
2023091001_4018_52897,52897,SPLIT_DEEP,False,14.822642569373285,Grayland Arnold,9.04339555373434,5.779247015638944,9.025281686142574,5.797360883230711
2023091001_4216_52627,52627,SINGLE_HIGH,True,1.8662866838657148,Geno Stone,0.31490863356189946,1.5513780503038155,1.300266353996923,0.5660203298687918
2023091001_4239_52627,52627,SPLIT_DEEP,True,5.441017464450096,Geno Stone,5.208165226855447,0.23285223759464913,3.652216885746679,1.788800578703417
2023091001_4639_52627,52627,SPLIT_DEEP,True,2.63619405356555,Geno Stone,3.0900717476116037,-0.4538776940460538,2.412716818849421,0.22347723471612913
2023091002_599_48026,48026,SINGLE_HIGH,False,19.795281807545692,Nick Scott,15.129822814674379,4.665458992871313,13.992896733057847,5.8023850744878445
2023091002_1412_38843,38843,SINGLE_HIGH,False,13.297046432563151,Rodney McLeod,11.428530782553608,1.8685156500095434,10.279075879546431,3.0179705530167205
2023091002_2942_56405,56405,SPLIT_DEEP,False,11.422818867837746,Ronnie Hickman Jr.,7.746403238488062,3.676415629349684,10.040456925373284,1.3823619424644615
2023091002_3253_52452,52452,SPLIT_DEEP,False,7.845079679764804,Grant Delpit,3.4638195857881673,4.381260093976636,2.7612483031829065,5.083831376581897
2023091002_3337_52452,52452,SPLIT_DEEP,False,2.933103619826066,Grant Delpit,2.581786028078087,0.35131759174797894,0.9934010335278085,1.9397025862982575
2023091002_3812_38843,38843,SPLIT_DEEP,False,11.900755684934962,Rodney McLeod,10.970325885482557,0.9304297994524049,9.968873244692542,1.9318824402424202
2023091002_4036_38843,38843,SINGLE_HIGH,False,7.959873165403952,Rodney McLeod,5.883072864858702,2.0768003005452496,7.1878346847516905,0.7720384806522613
2023091003_410_54704,54704,SINGLE_HIGH,True,6.067992745934781,Rodney Thomas,6.1595558551317335,-0.09156310919695265,6.921582425243283,-0.8535896793085023
2023091003_1706_54704,54704,SINGLE_HIGH,True,9.469617107302636,Rodney Thomas,11.329104240043495,-1.8594871327408597,10.99596531402585,-1.526348206723215
2023091003_1782_53494,53494,SINGLE_HIGH,True,5.464906609098517,Andre Cisco,0.5574493218962664,4.907457287202251,2.607652808330853,2.8572538007676647
2023091003_1805_53494,53494,SINGLE_HIGH,True,4.909872012679029,Andre Cisco,0.8796357028065398,4.03023630987249,3.162237800918045,1.7476342117609844
2023091003_2369_53494,53494,SINGLE_HIGH,True,3.37462734584637,Andre Cisco,2.347553895893452,1.0270734499529182,1.5158135665872523,1.8588137792591177
2023091003_3409_44926,44926,SPLIT_DEEP,True,1.0537889517582943,Rayshawn Jenkins,-0.8980048693392102,1.9517938210975045,0.3712479562387152,0.6825409955195791
2023091003_3645_53494,53494,SINGLE_HIGH,True,2.2786132681607683,Andre Cisco,2.521117010955445,-0.24250374279467657,1.984260044279524,0.2943532238812443
2023091003_3998_44926,44926,SINGLE_HIGH,True,1.222288460618886,Rayshawn Jenkins,0.7519132321273789,0.47037522849150704,2.290128422617454,-1.0678399619985681
2023091003_4047_54704,54704,SINGLE_HIGH,True,10.264506423998352,Rodney Thomas,4.160246182635245,6.104260241363107,3.749773820843534,6.514732603154818
2023091003_4153_44926,44926,SPLIT_DEEP,True,1.8903206274959372,Rayshawn Jenkins,1.1411900703521756,0.7491305571437616,0.31261019283257596,1.5777104346633612
2023091003_4283_53494,53494,SINGLE_HIGH,True,4.220519697843575,Andre Cisco,1.8929889726495959,2.3275307251939794,2.337098731097039,1.8834209667465363
2023091004_124_52453,52453,SPLIT_DEEP,True,4.611999757343641,Antoine Winfield Jr.,1.405108095643918,3.206891661699723,1.3751550741302498,3.2368446832133912
2023091004_196_53554,53554,SINGLE_HIGH,True,10.71695375402758,Camryn Bynum,12.132176333619292,-1.4152225795917115,11.956255717579458,-1.2393019635518776
2023091004_315_52453,52453,SPLIT_DEEP,True,0.5483311243383229,Antoine Winfield Jr.,1.5819700416552926,-1.0336389173169698,0.8976858910860717,-0.3493547667477488
2023091004_365_52453,52453,SINGLE_HIGH,True,3.3665199969077886,Antoine Winfield Jr.,3.3618515039551835,0.0046684929526050745,3.001421391242105,0.36509860566568353
2023091004_821_38559,38559,SPLIT_DEEP,False,-1.2336559736542858,Harrison Smith,0.7650810846431063,-1.998737058297392,1.0547663049961482,-2.288422278650434
2023091004_1190_52453,52453,SINGLE_HIGH,True,1.8220101392352692,Antoine Winfield Jr.,1.0013723785976703,0.820637760637599,0.9352045771431357,0.8868055620921336
2023091004_1326_52453,52453,SINGLE_HIGH,True,12.941983997260902,Antoine Winfield Jr.,12.360150843979087,0.5818331532818153,12.036750146000683,0.9052338512602187
2023091004_1540_52453,52453,SINGLE_HIGH,True,-1.0109105496089512,Antoine Winfield Jr.,2.4180988396772185,-3.4290093892861697,2.6522804944208254,-3.6631910440297766
2023091004_2154_53554,53554,SINGLE_HIGH,True,-2.3155602411051746,Camryn Bynum,0.6501731760593052,-2.96573341716448,2.0201256763512108,-4.335685917456385
2023091004_2177_38559,38559,SINGLE_HIGH,False,11.924311848438524,Harrison Smith,9.468715209436473,2.455596639002051,8.187653577851023,3.736658270587501
2023091004_2312_46711,46711,SPLIT_DEEP,False,2.8949952765638542,Ryan Neal,1.4718929069779083,1.423102369585946,3.1269004924276462,-0.23190521586379198
2023091004_2312_52453,52453,SPLIT_DEEP,True,-1.5329518053523683,Antoine Winfield Jr.,0.8304098737876862,-2.3633616791400547,1.5294877313016109,-3.0624395366539794
2023091004_2369_46711,46711,SPLIT_DEEP,False,-0.2901725885880832,Ryan Neal,1.4028774897699299,-1.6930500783580131,0.3387184433105972,-0.6288910318986805
2023091004_2936_46711,46711,SPLIT_DEEP,False,6.8840443772634785,Ryan Neal,1.6233263355194953,5.260718041743983,1.3309957911486112,5.553048586114867
2023091004_3616_52453,52453,SPLIT_DEEP,True,3.9520137772123967,Antoine Winfield Jr.,0.8912611128822604,3.060752664330136,1.1871504655523637,2.764863311660033
2023091004_3849_53554,53554,SINGLE_HIGH,True,2.855732984303442,Camryn Bynum,0.930608156106222,1.92512482819722,2.152687198198808,0.7030457861046342
2023091005_301_47899,47899,SPLIT_DEEP,False,10.694227052647236,Amani Hooker,11.962190317038038,-1.2679632643908025,10.717613964637074,-0.023386911989838666
2023091005_721_40017,40017,SPLIT_DEEP,True,1.600290894173928,Tyrann Mathieu,2.040794870605406,-0.440503976431478,1.4935646929504198,0.10672620122350818
2023091005_768_44851,44851,SINGLE_HIGH,False,4.72128950965233,Marcus Maye,2.099139639664087,2.6221498699882426,2.875254171384256,1.8460353382680736
2023091005_793_40017,40017,SPLIT_DEEP,True,-1.0905564623026152,Tyrann Mathieu,4.018730770441697,-5.109287232744312,3.2047473171503826,-4.295303779452998
2023091005_1016_53529,53529,SPLIT_DEEP,False,15.055773798835986,Elijah Molden,11.067625478860965,3.9881483199750214,11.631626958464576,3.42414684037141
2023091005_1721_44851,44851,SINGLE_HIGH,False,-4.34269789196375,Marcus Maye,1.0717593702691526,-5.414457262232903,2.5825395430261633,-6.9252374349899135
2023091005_1766_44851,44851,SPLIT_DEEP,False,12.434447928249725,Marcus Maye,7.40881352328046,5.0256344049692645,6.196243264452121,6.238204663797604
2023091005_1766_56011,56011,SPLIT_DEEP,False,3.323339362779084,Jordan Howden,8.591215429548797,-5.267876066769713,7.813793016365501,-4.4904536535864175
2023091005_2166_43353,43353,SPLIT_DEEP,False,2.2343991723382786,Kevin Byard,1.5348992033157065,0.699499969022572,1.2112759304750842,1.0231232418631944
2023091005_2251_43353,43353,SPLIT_DEEP,False,3.4727335473766354,Kevin Byard,2.1715866423093004,1.301146905067335,1.2840230490563531,2.1887104983202823
2023091005_2283_43353,43353,SPLIT_DEEP,False,1.419478510268302,Kevin Byard,2.1223949934879673,-0.7029164832196653,2.077467715791948,-0.6579892055236458
2023091005_2440_44851,44851,SINGLE_HIGH,False,20.990282398583997,Marcus Maye,14.955725456040142,6.034556942543855,14.805789302930725,6.184493095653272
2023091005_2518_43353,43353,SINGLE_HIGH,False,1.634628513744108,Kevin Byard,5.092672747707005,-3.458044233962897,3.856013843758836,-2.221385330014728
2023091005_2720_40017,40017,SPLIT_DEEP,True,4.861633798929555,Tyrann Mathieu,1.5676616382793895,3.2939721606501653,0.9748726781165704,3.8867611208129844
2023091005_2720_44851,44851,SPLIT_DEEP,False,1.8266785835013095,Marcus Maye,1.647002463575743,0.17967611992556654,1.2584853437646313,0.5681932397366782
2023091005_2964_53529,53529,SPLIT_DEEP,False,4.643135218770139,Elijah Molden,1.9794759493617422,2.663659269408397,2.9433284533217012,1.6998067654484377
2023091005_3128_43353,43353,SINGLE_HIGH,False,3.457552712474562,Kevin Byard,1.5547500290296576,1.9028026834449046,2.2891319695116987,1.1684207429628635
2023091005_3208_43353,43353,SPLIT_DEEP,False,13.98182935058512,Kevin Byard,9.620564714619713,4.361264635965407,9.437732252884402,4.544097097700718
2023091005_3358_44851,44851,SPLIT_DEEP,False,-2.4324409665793425,Marcus Maye,2.7144305704856686,-5.146871537065011,2.4816619360856977,-4.91410290266504
2023091005_3358_56011,56011,SPLIT_DEEP,False,0.2030697151524272,Jordan Howden,1.3315042469968585,-1.1284345318444313,1.5630349011986286,-1.3599651860462014
2023091005_3413_40017,40017,SINGLE_HIGH,True,4.507089183911468,Tyrann Mathieu,11.226540738653025,-6.719451554741557,11.226775758775782,-6.719686574864314
2023091005_3774_43353,43353,SPLIT_DEEP,False,-4.440412768220726,Kevin Byard,1.871290564191452,-6.311703332412178,2.7724453696086453,-7.212858137829372
2023091005_3875_53529,53529,SPLIT_DEEP,False,25.323585607618615,Elijah Molden,21.313390364000394,4.01019524361822,16.006497092975785,9.31708851464283
2023091005_4124_44851,44851,SPLIT_DEEP,False,3.0906883965141763,Marcus Maye,2.944299832386269,0.14638856412790746,3.5618772093550284,-0.4711888128408521
2023091006_431_38868,38868,SINGLE_HIGH,True,5.730964414182013,Tashaun Gipson,7.74558226264557,-2.0146178484635566,6.106099180663472,-0.3751347664814588
2023091006_492_43306,43306,SPLIT_DEEP,False,0.88344165506083,Keanu Neal,1.592762331857943,-0.709320676797113,1.58524879216146,-0.70180713710063
2023091006_550_46080,46080,SPLIT_DEEP,False,2.2701404839953723,Minkah Fitzpatrick,1.6707700888843957,0.5993703951109766,1.4527447122677994,0.8173957717275728
2023091006_575_44962,44962,SINGLE_HIGH,True,-3.4071758464565605,Damontae Kazee,1.173777257252873,-4.580953103709433,1.7093755439803449,-5.116551390436905
2023091006_598_44962,44962,SPLIT_DEEP,True,5.0808764659320165,Damontae Kazee,2.091330916855917,2.9895455490760994,2.324428524525292,2.7564479414067247
2023091006_822_38868,38868,SINGLE_HIGH,True,-0.4213827690009619,Tashaun Gipson,3.351667663264253,-3.7730504322652147,2.988795101836617,-3.410177870837579
2023091006_1027_44962,44962,SINGLE_HIGH,True,1.9346412496376144,Damontae Kazee,1.7068583373209707,0.22778291231664372,2.0801691703575482,-0.1455279207199338
2023091006_1096_44962,44962,SINGLE_HIGH,True,-1.705630576396132,Damontae Kazee,0.1824314197909989,-1.8880619961871308,1.7091658704544672,-3.414796446850599
2023091006_1446_43306,43306,SPLIT_DEEP,False,5.891809596994207,Keanu Neal,1.2321671104399046,4.6596424865543025,1.6305543089799963,4.261255288014211
2023091006_1446_44962,44962,SPLIT_DEEP,True,-1.1099481547541412,Damontae Kazee,1.8356731086124607,-2.945621263366602,2.212394573859811,-3.322342728613952
2023091006_1828_44962,44962,SPLIT_DEEP,True,-1.562248500944861,Damontae Kazee,1.4738993617028933,-3.0361478626477543,2.3912430293170246,-3.9534915302618856
2023091006_2188_38868,38868,SPLIT_DEEP,True,19.127384042735898,Tashaun Gipson,18.46273629441484,0.6646477483210589,16.14767890726405,2.9797051354718462
2023091006_2188_53609,53609,SPLIT_DEEP,False,4.976516105147265,Talanoa Hufanga,16.149374844940798,-11.172858739793533,16.13874735857209,-11.162231253424824
2023091006_2380_38868,38868,SPLIT_DEEP,True,1.8882661254481228,Tashaun Gipson,1.135339216649081,0.7529269087990418,1.8296237926556573,0.058642332792465446
2023091006_2470_38868,38868,SPLIT_DEEP,True,3.9808938958945337,Tashaun Gipson,2.0260890795598727,1.954804816334661,3.100738183019579,0.8801557128749549
2023091006_2657_44962,44962,SPLIT_DEEP,True,7.105893121306661,Damontae Kazee,1.5196213232301994,5.586271798076462,2.273660529480609,4.832232591826052
2023091006_2657_46080,46080,SPLIT_DEEP,False,-2.279767339890448,Minkah Fitzpatrick,1.9364235561994414,-4.2161908960898895,1.7366206706610203,-4.016388010551468
2023091006_2861_44962,44962,SINGLE_HIGH,True,5.536738514385295,Damontae Kazee,1.496978239999827,4.039760274385468,2.0700910369887833,3.4666474773965117
2023091006_2930_44962,44962,SINGLE_HIGH,True,7.449786086212822,Damontae Kazee,3.670400660407428,3.779385425805394,2.830529443595424,4.619256642617398
2023091006_3472_53609,53609,SINGLE_HIGH,False,1.672574106893769,Talanoa Hufanga,-0.5113906488252735,2.1839647557190425,0.6443212936409957,1.0282528132527733
2023091006_3881_38868,38868,SPLIT_DEEP,True,5.253423751920878,Tashaun Gipson,7.1206099460731735,-1.8671861941522954,5.233341657758761,0.020082094162117592
2023091006_3881_53609,53609,SPLIT_DEEP,False,7.383770501413858,Talanoa Hufanga,6.372566100836599,1.0112044005772596,4.416850347965807,2.9669201534480507
2023091007_124_44848,44848,SINGLE_HIGH,False,0.840600526865594,Budda Baker,1.7354377053051229,-0.8948371784395288,1.8017727772993632,-0.9611722504337692
2023091007_842_52624,52624,SPLIT_DEEP,False,-1.2787625318285905,Kam Curl,5.430537207635032,-6.7092997394636225,4.690885951895597,-5.969648483724187
2023091007_1371_44848,44848,SINGLE_HIGH,False,0.2487615347882457,Budda Baker,1.5629040452410656,-1.31414251045282,1.3410647240373015,-1.0923031892490558
2023091007_1679_44848,44848,SINGLE_HIGH,False,-0.2471207882920119,Budda Baker,1.6796070377701962,-1.926727826062208,1.4433465560811047,-1.6904673443731166
2023091007_1794_53592,53592,SPLIT_DEEP,False,11.870790515023966,Darrick Forrest,6.018711207816972,5.852079307206994,4.624231928236243,7.246558586787723
2023091007_1988_44848,44848,SINGLE_HIGH,False,2.7543738745812663,Budda Baker,1.852382050305475,0.9019918242757912,1.8573425005975164,0.8970313739837499
2023091007_2160_44848,44848,SINGLE_HIGH,False,12.885639053648312,Budda Baker,6.802419215634605,6.083219838013707,7.545427525127857,5.340211528520455
2023091007_2208_52535,52535,SPLIT_DEEP,False,5.986714050306703,K'Von Wallace,0.3957142982163966,5.5909997520903065,0.5874294001503788,5.399284650156324
2023091007_2238_52535,52535,SPLIT_DEEP,False,7.049551518477751,K'Von Wallace,0.9497295165195653,6.099822001958185,1.7215529759504165,5.327998542527334
2023091007_2359_54578,54578,SINGLE_HIGH,True,4.781210065945074,Percy Butler,2.887349080298074,1.8938609856470001,2.3223080986468716,2.4589019672982024
2023091007_2495_53592,53592,SPLIT_DEEP,False,1.7994643685351814,Darrick Forrest,1.5911544366824881,0.2083099318526933,0.7080539376127106,1.0914104309224708
2023091007_4271_54578,54578,SPLIT_DEEP,True,-1.8250647855076405,Percy Butler,1.7289422003793615,-3.554006985887002,1.464436344274139,-3.2895011297817796
2023091008_572_47804,47804,SINGLE_HIGH,False,8.967011015171035,Darnell Savage,4.377897940195065,4.5891130749759705,3.6971744130713136,5.269836602099722
2023091008_1130_45021,45021,SPLIT_DEEP,False,1.5966260786006865,Rudy Ford,1.5488855188842383,0.047740559716448194,0.7708652580987412,0.8257608205019453
2023091008_1200_45021,45021,SINGLE_HIGH,False,3.8980197286932494,Rudy Ford,0.830129536347299,3.0678901923459505,2.2526967946820964,1.645322934011153
2023091008_1601_54513,54513,SPLIT_DEEP,True,4.573454859933051,Jaquan Brisker,1.3999431145341261,3.1735117453989248,1.6737502831582827,2.8997045767747682
2023091008_1626_44925,44925,SINGLE_HIGH,True,21.589758852863977,Eddie Jackson,16.612478912470618,4.977279940393359,16.7365339873475,4.853224865516477
2023091008_1818_47804,47804,SPLIT_DEEP,False,6.707357610164628,Darnell Savage,2.2884004572156726,4.4189571529489555,1.6287246243717384,5.07863298579289
2023091008_1981_44925,44925,SPLIT_DEEP,True,2.7579758376878765,Eddie Jackson,1.5978164815289673,1.1601593561589092,1.69085801246114,1.0671178252267364
2023091008_2007_44925,44925,SPLIT_DEEP,True,1.1595712039913062,Eddie Jackson,1.0238225177048295,0.13574868628647674,0.962727114905567,0.19684408908573925
2023091008_2749_44925,44925,SPLIT_DEEP,True,9.671048325288124,Eddie Jackson,3.8597411655119185,5.811307159776206,2.952920418106962,6.718127907181162
2023091008_3010_47804,47804,SINGLE_HIGH,False,8.968077353507228,Darnell Savage,9.897189947257461,-0.9291125937502329,10.005695839731173,-1.0376184862239448
2023091008_3178_44925,44925,SINGLE_HIGH,True,8.055132006973098,Eddie Jackson,4.035591827280309,4.019540179692789,3.3441144833848346,4.711017523588263
2023091008_3208_44925,44925,SINGLE_HIGH,True,12.572601278723964,Eddie Jackson,12.937186648344854,-0.3645853696208903,14.645929226204618,-2.0733279474806547
2023091008_3745_44925,44925,SPLIT_DEEP,True,22.627385352822696,Eddie Jackson,19.10886495953847,3.518520393284227,16.590782828133886,6.03660252468881
2023091008_3745_54513,54513,SPLIT_DEEP,True,20.893282007759385,Jaquan Brisker,17.864107482541854,3.029174525217531,16.76857685419247,4.124705153566914
2023091008_3826_45021,45021,SPLIT_DEEP,False,5.599467386080407,Rudy Ford,2.5770368588480608,3.0224305272323466,1.788673192570255,3.8107941935101524
2023091009_442_47974,47974,SINGLE_HIGH,True,8.94501998594494,Marcus Epps,1.7198924943876204,7.22512749155732,2.931746620662394,6.013273365282546
2023091009_987_43387,43387,SINGLE_HIGH,True,5.1295465915595795,Justin Simmons,3.6949901549193997,1.4345564366401797,4.64043123158618,0.4891153599733995
2023091009_1621_43387,43387,SINGLE_HIGH,True,1.8438852987025207,Justin Simmons,2.1389397056776045,-0.2950544069750838,1.649487814791252,0.19439748391126876
2023091009_1827_53472,53472,SPLIT_DEEP,True,4.023649695781311,Tre'von Moehrig,2.1183419165302437,1.9053077792510669,1.4691228193457597,2.554526876435551
2023091009_1886_53472,53472,SPLIT_DEEP,True,1.02873410654258,Tre'von Moehrig,1.7450905327648532,-0.7163564262222732,0.5156470574084526,0.5130870491341273
2023091009_2430_35459,35459,SINGLE_HIGH,False,15.904262983604845,Kareem Jackson,10.874848944200762,5.029414039404083,9.918297568598575,5.9859654150062696
2023091009_2499_43387,43387,SPLIT_DEEP,True,4.636037003038578,Justin Simmons,0.5244074747953938,4.111629528243184,0.7301743653744701,3.905862637664108
2023091009_2546_35459,35459,SPLIT_DEEP,False,2.505107656584535,Kareem Jackson,2.003040138697937,0.5020675178865979,1.9756252817066198,0.5294823748779152
2023091009_2609_43387,43387,SINGLE_HIGH,True,5.869348338031289,Justin Simmons,0.9287342066575489,4.9406141313737395,1.4978492319107328,4.371499106120556
2023091009_3454_43387,43387,SINGLE_HIGH,True,6.367779013222661,Justin Simmons,2.7729430369875017,3.594835976235159,2.7503747693025105,3.6174042439201504
2023091009_3587_53472,53472,SPLIT_DEEP,True,-1.6070823940210213,Tre'von Moehrig,0.8850598327826856,-2.492142226803707,0.602649175704288,-2.2097315697253093
2023091010_328_46259,46259,SPLIT_DEEP,True,7.757156857061433,DeShon Elliott,7.677002700698717,0.08015415636271594,7.593609147873214,0.1635477091882187
2023091010_706_52594,52594,SINGLE_HIGH,True,10.54257257598564,Alohi Gilman,3.948312564982164,6.594260011003476,5.442429675811496,5.100142900174143
2023091010_767_52594,52594,SINGLE_HIGH,True,-3.1020120617101146,Alohi Gilman,2.3002263399438405,-5.402238401653955,2.2893777106665922,-5.391389772376707
2023091010_1040_52594,52594,SINGLE_HIGH,True,-3.9278741368297863,Alohi Gilman,1.3263161002188375,-5.254190237048624,2.5810385067197714,-6.508912643549557
2023091010_1072_52594,52594,SINGLE_HIGH,True,-0.8614173272879277,Alohi Gilman,4.239386036388628,-5.1008033636765555,4.004805518344818,-4.866222845632746
2023091010_1513_46086,46086,SPLIT_DEEP,True,12.129757450166425,Derwin James,11.901659580917608,0.22809786924881692,11.030048579286746,1.0997088708796792
2023091010_1513_52594,52594,SPLIT_DEEP,True,8.87330947099111,Alohi Gilman,10.249022643630646,-1.3757131726395357,10.493441927959534,-1.620132456968424
2023091010_1558_52594,52594,SINGLE_HIGH,True,-1.2028909498974445,Alohi Gilman,0.5673464526729841,-1.7702374025704286,0.6733201453096154,-1.8762110952070599
2023091010_1761_52594,52594,SPLIT_DEEP,True,7.24781387805411,Alohi Gilman,-0.8535275230511857,8.101341401105296,1.0587509515806666,6.189062926473444
2023091010_1858_52594,52594,SPLIT_DEEP,True,-0.3652183978159566,Alohi Gilman,3.043284935183253,-3.4085033329992096,2.074967865738869,-2.4401862635548257
2023091010_1940_46086,46086,SPLIT_DEEP,True,4.572025065091503,Derwin James,2.049578721782729,2.522446343308774,2.375929396194354,2.196095668897149
2023091010_1940_52594,52594,SPLIT_DEEP,True,0.4180069316012336,Alohi Gilman,1.038697838700968,-0.6206909070997344,1.9187930669785374,-1.5007861353773038
2023091010_2261_46259,46259,SPLIT_DEEP,True,14.927629573419026,DeShon Elliott,12.571204987836316,2.35642458558271,12.701539205577363,2.226090367841662
2023091010_2372_46086,46086,SPLIT_DEEP,True,-8.364796810587489,Derwin James,7.048068741448968,-15.412865552036457,7.528582816934291,-15.89337962752178
2023091010_2930_46086,46086,SPLIT_DEEP,True,4.44181211471953,Derwin James,1.3649559553661286,3.076856159353402,3.283613607523674,1.1581985071958565
2023091010_2930_52594,52594,SPLIT_DEEP,True,-1.5391991978670203,Alohi Gilman,0.7967907883324179,-2.335989986199438,2.1067110717471227,-3.645910269614143
2023091010_3029_46086,46086,SPLIT_DEEP,True,-5.0195141967445105,Derwin James,1.6306671675762368,-6.650181364320748,0.5468371443981503,-5.566351341142661
2023091010_3064_52594,52594,SINGLE_HIGH,True,7.745645092158025,Alohi Gilman,11.543729414666858,-3.798084322508833,11.169372672869097,-3.4237275807110716
2023091010_3198_46086,46086,SPLIT_DEEP,True,13.894083298209376,Derwin James,12.616644989897244,1.2774383083121315,11.714553695138218,2.179529603071158
2023091010_3826_52594,52594,SINGLE_HIGH,True,3.687347251149052,Alohi Gilman,1.5841887143532487,2.1031585367958034,1.425676721343379,2.261670529805673
2023091010_4099_46259,46259,SPLIT_DEEP,True,-2.224569550196076,DeShon Elliott,2.7461739133924783,-4.970743463588555,2.1263783652862713,-4.350947915482347
2023091010_4099_53465,53465,SPLIT_DEEP,False,4.90933553560428,Jevon Holland,4.133750525095033,0.7755850105092463,2.9151694672217623,1.9941660683825173
2023091010_4426_46086,46086,SPLIT_DEEP,True,19.1437486196894,Derwin James,14.869624827226398,4.274123792463003,14.752801235077303,4.390947384612097
2023091010_4473_52594,52594,SINGLE_HIGH,True,1.3410510122370276,Alohi Gilman,1.6189204098682928,-0.27786939763126517,2.314912975217627,-0.9738619629805996
2023091010_4498_52594,52594,SINGLE_HIGH,True,-0.8764711292248881,Alohi Gilman,2.0049873638489113,-2.8814584930737994,1.0683807047356257,-1.9448518339605139
2023091010_4699_53465,53465,SPLIT_DEEP,False,2.5577117626238897,Jevon Holland,0.9980742477680631,1.5596375148558266,1.2791538988445197,1.27855786377937
2023091011_515_44862,44862,SINGLE_HIGH,False,4.065669150949237,Justin Evans,2.9267173302267437,1.1389518207224931,1.3834880450970068,2.68218110585223
2023091011_980_54808,54808,SPLIT_DEEP,True,2.7360728111488775,Reed Blankenship,3.0625561241347743,-0.32648331298589683,1.3202929103575585,1.415779900791319
2023091011_1418_54808,54808,SPLIT_DEEP,True,2.3679580976346433,Reed Blankenship,1.161607592148289,1.2063505054863544,0.7168350410407314,1.651123056593912
2023091011_1686_44862,44862,SINGLE_HIGH,False,6.631428785731046,Justin Evans,17.003997766002968,-10.372568980271922,16.316594212762524,-9.685165427031478
2023091011_1964_52445,52445,SPLIT_DEEP,False,-1.4972176970876632,Kyle Dugger,1.5570047277646393,-3.0542224248523024,1.4099853709939083,-2.9072030680815715
2023091011_2093_44862,44862,SPLIT_DEEP,False,3.660724308301791,Justin Evans,0.4867253624442049,3.173998945857586,0.525321546142214,3.135402762159577
2023091011_2125_44862,44862,SINGLE_HIGH,False,2.2793643162018373,Justin Evans,1.9166296017201068,0.36273471448173056,1.7373161538276012,0.5420481623742361
2023091011_2221_44862,44862,SINGLE_HIGH,False,7.792205883194278,Justin Evans,4.216957308392655,3.5752485748016225,4.202706625939961,3.5894992572543165
2023091011_2388_44862,44862,SPLIT_DEEP,False,13.06951852980443,Justin Evans,7.007687431234167,6.061831098570263,7.98219160470598,5.08732692509845
2023091011_2388_54808,54808,SPLIT_DEEP,True,11.047556188727508,Reed Blankenship,7.405641910996715,3.641914277730794,7.577397032645164,3.470159156082344
2023091011_2449_52445,52445,SPLIT_DEEP,False,3.649138910256594,Kyle Dugger,1.4377586375592006,2.2113802726973932,0.6523983584682398,2.996740551788354
2023091011_2643_44837,44837,SPLIT_DEEP,False,20.28072406864208,Jabrill Peppers,15.369005185173306,4.911718883468774,14.472173458037666,5.808550610604414
2023091011_2834_44862,44862,SINGLE_HIGH,False,1.1844647696952073,Justin Evans,1.069601987286346,0.11486278240886127,1.9783360370926122,-0.7938712673974049
2023091011_3006_44862,44862,SPLIT_DEEP,False,13.60904614157262,Justin Evans,15.849357224221842,-2.2403110826492227,14.556871402205928,-0.9478252606333086
2023091011_3006_54808,54808,SPLIT_DEEP,True,18.140865929365017,Reed Blankenship,15.835452312019273,2.305413617345744,15.49014022055976,2.6507257088052576
2023091011_3285_52445,52445,SPLIT_DEEP,False,-1.3759327151771128,Kyle Dugger,3.1128203607871807,-4.4887530759642935,2.070407821088841,-3.4463405362659536
2023091011_3491_44862,44862,SPLIT_DEEP,False,12.650537548884913,Justin Evans,8.731385089959778,3.9191524589251348,12.768185574739714,-0.11764802585480183
2023091011_3683_44837,44837,SINGLE_HIGH,False,17.82996119816133,Jabrill Peppers,16.812791827008688,1.0171693711526437,15.576685452646522,2.2532757455148094
2023091011_3797_52445,52445,SINGLE_HIGH,False,0.3515905591841264,Kyle Dugger,0.617849758757831,-0.2662591995737046,2.9739690253413293,-2.622378466157203
2023091011_3976_44862,44862,SPLIT_DEEP,False,10.236850543397628,Justin Evans,16.07433686781015,-5.837486324412522,16.26366460322519,-6.026814059827563
2023091011_3976_54808,54808,SPLIT_DEEP,True,22.0568464626229,Reed Blankenship,18.798640184741984,3.258206277880916,15.951397855242064,6.105448607380836
2023091011_4046_54808,54808,SINGLE_HIGH,True,-0.6161939670086927,Reed Blankenship,0.9962487025329423,-1.612442669541635,1.06951949649749,-1.6857134635061826
2023091011_4096_54808,54808,SINGLE_HIGH,True,7.78658431124761,Reed Blankenship,3.102212546763898,4.684371764483712,4.15210870557328,3.6344756056743304
2023091011_4270_44862,44862,SPLIT_DEEP,False,-4.360127989426504,Justin Evans,2.000946951909761,-6.361074941336264,2.0660159431692824,-6.426143932595786
2023091011_4270_54808,54808,SPLIT_DEEP,True,7.324452293776938,Reed Blankenship,1.3185922236759071,6.005860070101031,2.1002314274327105,5.224220866344227
2023091011_4666_54808,54808,SPLIT_DEEP,True,7.5315250759814365,Reed Blankenship,3.1001838001140314,4.431341275867405,4.06813697930571,3.4633880966757262
2023091012_439_42543,42543,SINGLE_HIGH,True,3.609568667164962,Quandre Diggs,2.269292981557595,1.340275685607367,1.734028260131411,1.8755404070335508
2023091012_605_47891,47891,SPLIT_DEEP,True,2.750670028236003,Julian Love,1.5445721551269345,1.2060978731090684,0.29015117273167945,2.4605188555043234
2023091012_652_47891,47891,SPLIT_DEEP,True,4.075480274948536,Julian Love,1.1971137751719114,2.8783664997766243,0.5988662319476887,3.476614043000847
2023091012_677_42543,42543,SINGLE_HIGH,True,-0.7202894371927693,Quandre Diggs,1.849807747007027,-2.5700971841997964,1.5191434199668397,-2.239432857159609
2023091012_950_54718,54718,SPLIT_DEEP,True,-1.2313501745300766,Russ Yeast,1.5187720153017805,-2.750122189831857,1.3062171450465767,-2.5375673195766533
2023091012_1455_52607,52607,SPLIT_DEEP,True,1.659918159447673,Jordan Fuller,1.499356005139611,0.16056215430806198,1.086436106832405,0.573482052615268
2023091012_1641_47891,47891,SPLIT_DEEP,True,1.851334793448815,Julian Love,1.700243228889332,0.1510915645594828,1.5323093103761618,0.3190254830726531
2023091012_1713_42543,42543,SINGLE_HIGH,True,0.641595125613575,Quandre Diggs,-1.4073145465729455,2.0489096721865208,1.6402964883302875,-0.9987013627167125
2023091012_1956_47891,47891,SPLIT_DEEP,True,-1.456221730345442,Julian Love,1.6137536601973443,-3.069975390542786,0.6737340526038782,-2.1299557829493203
2023091012_1979_47891,47891,SPLIT_DEEP,True,3.553930501814503,Julian Love,1.9163979062958034,1.6375325955186997,0.8208301863342964,2.7331003154802067
2023091012_2002_42543,42543,SINGLE_HIGH,True,4.074001029629295,Quandre Diggs,3.158519536210279,0.9154814934190156,1.6866457056383481,2.3873553239909464
2023091012_2240_42543,42543,SPLIT_DEEP,True,12.14856322616371,Quandre Diggs,7.997219073714381,4.151344152449329,8.90191905055565,3.2466441756080595
2023091012_2240_47891,47891,SPLIT_DEEP,True,3.946790572990004,Julian Love,8.086116230506533,-4.13932565751653,8.653413719990983,-4.706623147000979
2023091012_2335_42543,42543,SINGLE_HIGH,True,8.866824230692782,Quandre Diggs,16.841468667213093,-7.974644436520311,14.254814513509178,-5.387990282816396
2023091012_2725_42543,42543,SPLIT_DEEP,True,6.051527197958391,Quandre Diggs,8.191698824196063,-2.140171626237672,8.214002700209765,-2.1624755022513735
2023091012_3068_42543,42543,SINGLE_HIGH,True,-1.510087952269548,Quandre Diggs,1.7655835441786683,-3.2756714964482163,1.7035989820228927,-3.213686934292441
2023091012_3093_42543,42543,SPLIT_DEEP,True,-5.085412679832908,Quandre Diggs,1.858399205326171,-6.943811885159079,2.0049748158154976,-7.090387495648406
2023091012_3093_47891,47891,SPLIT_DEEP,True,5.078101636336866,Julian Love,1.597751501539191,3.480350134797675,1.6367506758060575,3.4413509605308086
2023091012_3541_47891,47891,SPLIT_DEEP,True,10.859936145447485,Julian Love,7.127537617848841,3.7323985275986438,7.338944596250026,3.5209915491974586
2023091012_3618_42543,42543,SPLIT_DEEP,True,11.039397395754625,Quandre Diggs,10.096837840250906,0.9425595555037187,7.790442030605288,3.248955365149337
2023091012_3618_47891,47891,SPLIT_DEEP,True,13.93430033490128,Julian Love,8.964463390392025,4.969836944509256,8.476045691341278,5.458254643560002
2023091012_3663_47891,47891,SPLIT_DEEP,True,17.156645357072204,Julian Love,13.853459600051687,3.3031857570205165,14.113824420299505,3.0428209367726993
2023091013_539_52444,52444,SINGLE_HIGH,True,11.917137365734146,Xavier McKinney,9.887474117640256,2.0296632480938896,8.407849295070243,3.509288070663903
2023091013_1072_52444,52444,SPLIT_DEEP,True,10.262300664429825,Xavier McKinney,3.7772230891821943,6.48507757524763,2.8235843373703853,7.438716327059439
2023091013_1233_52444,52444,SPLIT_DEEP,True,-4.786714363715244,Xavier McKinney,1.695098230938698,-6.481812594653942,0.7552458973708251,-5.541960261086069
2023091013_1337_53604,53604,SINGLE_HIGH,True,0.5915492759124188,Jason Pinnock,2.2535450090855322,-1.6619957331731134,3.3825979411285516,-2.791048665216133
2023091013_1687_44827,44827,SINGLE_HIGH,True,3.5258442150582834,Malik Hooker,0.2795616308702142,3.2462825841880694,1.4282028878466768,2.0976413272116066
2023091013_1943_52444,52444,SINGLE_HIGH,True,13.105411946946113,Xavier McKinney,14.50395077018471,-1.3985388232385976,13.00617988022479,0.09923206672132245
2023091013_2292_52444,52444,SINGLE_HIGH,True,8.47164425887187,Xavier McKinney,2.276728550970487,6.194915707901382,3.1095921691661257,5.3620520897057435
2023091013_2802_53604,53604,SPLIT_DEEP,True,0.679570498952355,Jason Pinnock,1.8815943400111508,-1.2020238410587958,1.1720677593802797,-0.49249726042792474
2023091013_2932_55166,55166,SPLIT_DEEP,False,0.9918160268620416,Juanyeh Thomas,2.3777424684146524,-1.385926441552611,1.4043270577418046,-0.41251103087976293
2023091013_3101_52444,52444,SINGLE_HIGH,True,8.577025864148048,Xavier McKinney,7.572941350849298,1.00408451329875,6.231326363021555,2.345699501126493
2023091013_3870_53656,53656,SPLIT_DEEP,False,6.164410694901353,Israel Mukuamu,8.738045338605994,-2.573634643704642,8.014792010920507,-1.8503813160191545
2023091013_3974_52444,52444,SINGLE_HIGH,True,3.546525487257589,Xavier McKinney,3.1842437985608933,0.3622816886966955,3.1151960247443524,0.43132946251323645
2023091100_299_40107,40107,SINGLE_HIGH,True,2.1065602340717184,Micah Hyde,0.7974154128892823,1.3091448211824361,1.458401258917835,0.6481589751538834
2023091100_559_46186,46186,SPLIT_DEEP,False,-2.080789580868313,Jordan Whitehead,2.041209787147075,-4.121999368015388,1.2492533195805926,-3.3300429004489054
2023091100_779_40107,40107,SPLIT_DEEP,True,4.677972822790558,Micah Hyde,1.440858841852661,3.237113980937897,0.9817798955724282,3.6961929272181298
2023091100_804_40166,40166,SINGLE_HIGH,False,0.1152995357679032,Jordan Poyer,1.3369562752021484,-1.2216567394342452,1.6777986700166876,-1.5624991342487844
2023091100_993_46186,46186,SINGLE_HIGH,False,22.164500346578723,Jordan Whitehead,17.415119382940848,4.749380963637876,16.252110227732057,5.912390118846666
2023091100_1356_42485,42485,SPLIT_DEEP,False,0.6464026455476128,Adrian Amos,1.781958161638103,-1.1355555160904902,0.7229704944569733,-0.07656784890936041
2023091100_1973_40107,40107,SPLIT_DEEP,True,-5.249210111152318,Micah Hyde,1.4289871418650921,-6.6781972530174105,0.6659486745717427,-5.915158785724061
2023091100_2281_46186,46186,SINGLE_HIGH,False,2.436229541513061,Jordan Whitehead,3.0602423171120803,-0.6240127755990192,2.8351829927399264,-0.3989534512268653
2023091100_2383_46186,46186,SINGLE_HIGH,False,4.781079631726208,Jordan Whitehead,1.7395140077694105,3.0415656239567976,2.4060912741089693,2.374988357617239
2023091100_2428_46186,46186,SINGLE_HIGH,False,15.820688580689932,Jordan Whitehead,14.249995486563078,1.5706930941268542,13.998198249968894,1.8224903307210383
2023091100_3618_46186,46186,SPLIT_DEEP,False,-4.303911240086427,Jordan Whitehead,0.98726770253836,-5.291178942624787,1.6140028615961448,-5.917914101682571
2023091100_3942_46186,46186,SINGLE_HIGH,False,3.323025530944161,Jordan Whitehead,1.7524391420936851,1.5705863888504759,1.5397039517183941,1.7833215792257668
2023091400_56_53554,53554,SINGLE_HIGH,True,4.845115038911985,Camryn Bynum,1.2298234751496047,3.61529156376238,1.889380694418346,2.9557343444936386
2023091400_151_53554,53554,SINGLE_HIGH,True,10.5617972502059,Camryn Bynum,14.507299892184918,-3.945502641979017,16.4502651243926,-5.8884678741867
2023091400_293_44862,44862,SINGLE_HIGH,False,-6.358046997480228,Justin Evans,6.136456852255541,-12.494503849735768,5.321016099535955,-11.679063097016183
2023091400_366_46097,46097,SPLIT_DEEP,False,-0.1001663147165459,Terrell Edmunds,0.782523990239368,-0.8826903049559139,1.7363798683689708,-1.8365461830855168
2023091400_685_53554,53554,SPLIT_DEEP,True,1.6082125756351229,Camryn Bynum,-1.2310609006628734,2.839273476297996,0.8016329019379622,0.8065796736971607
2023091400_953_44862,44862,SINGLE_HIGH,False,-1.6339090023685738,Justin Evans,1.130913414019016,-2.76482241638759,2.286214127310398,-3.920123129678972
2023091400_1420_38559,38559,SPLIT_DEEP,False,-1.5685845843196882,Harrison Smith,1.6738277691870704,-3.242412353506759,1.0644462510077926,-2.6330308353274807
2023091400_1767_44862,44862,SPLIT_DEEP,False,10.678457417894768,Justin Evans,13.550973123281015,-2.872515705386247,13.333446726607153,-2.654989308712386
2023091400_2450_44862,44862,SINGLE_HIGH,False,2.838128186425811,Justin Evans,2.2016611160776294,0.6364670703481816,3.891582045342669,-1.0534538589168578
2023091400_2475_46097,46097,SPLIT_DEEP,False,4.679360078113589,Terrell Edmunds,1.367996238403382,3.311363839710207,1.1021607491478669,3.5771993289657225
2023091400_2523_44862,44862,SPLIT_DEEP,False,8.02886697419579,Justin Evans,10.360732576733813,-2.3318656025380236,11.87798101135656,-3.8491140371607706
2023091400_2523_46097,46097,SPLIT_DEEP,False,5.423740245130915,Terrell Edmunds,13.500555847237248,-8.076815602106333,12.699155288056243,-7.275415042925328
2023091400_2587_38559,38559,SPLIT_DEEP,False,-0.6785576244240357,Harrison Smith,1.7131761458404438,-2.391733770264479,1.007599163679112,-1.6861567881031476
2023091400_2587_53554,53554,SPLIT_DEEP,True,5.510579692435832,Camryn Bynum,1.7080184024200107,3.8025612900158214,1.3104301747625353,4.200149517673297
2023091400_2885_38559,38559,SINGLE_HIGH,False,3.3321847219771894,Harrison Smith,1.2118683932155883,2.120316328761601,1.4115195701664849,1.9206651518107045
2023091400_3333_44862,44862,SINGLE_HIGH,False,-5.253536575676808,Justin Evans,1.2879410412889216,-6.54147761696573,2.2056205063318304,-7.459157082008638
2023091400_3486_44862,44862,SPLIT_DEEP,False,5.2093307418062125,Justin Evans,5.184331506495809,0.024999235310403378,5.737618652473483,-0.5282879106672702
2023091400_4084_44862,44862,SPLIT_DEEP,False,4.708410016027047,Justin Evans,0.6459414930832614,4.062468522943785,1.3036574867530675,3.4047525292739795
2023091400_4084_46097,46097,SPLIT_DEEP,False,-3.4451836519837507,Terrell Edmunds,2.986820683244,-6.4320043352277505,3.8240118231408253,-7.269195475124576
2023091400_4107_46097,46097,SPLIT_DEEP,False,3.7722028632973577,Terrell Edmunds,0.7280291547374009,3.0441737085599567,2.138559557084937,1.6336433062124205
2023091700_522_45021,45021,SPLIT_DEEP,False,4.3541712007089775,Rudy Ford,1.2385267054019427,3.115644495307035,1.0076397663482517,3.3465314343607258
2023091700_597_47804,47804,SINGLE_HIGH,False,1.291196295067027,Darnell Savage,1.5300718222266043,-0.23887552715957727,1.3254713541087888,-0.03427505904176176
2023091700_989_46123,46123,SPLIT_DEEP,True,3.2616254526306587,Jessie Bates,1.4678110703872056,1.7938143822434531,1.1147693457309291,2.1468561068997296
2023091700_1311_45021,45021,SPLIT_DEEP,False,4.05685005694264,Rudy Ford,3.195838960579801,0.8610110963628386,4.118018246825215,-0.061168189882574886
2023091700_1311_47804,47804,SPLIT_DEEP,False,-5.695037616343676,Darnell Savage,-2.2315343007719886,-3.4635033155716872,0.8591185812208071,-6.554156197564483
2023091700_1959_47804,47804,SINGLE_HIGH,False,1.0428136697254171,Darnell Savage,1.767663040648946,-0.7248493709235289,1.6247187860294554,-0.5819051163040383
2023091700_2147_45021,45021,SPLIT_DEEP,False,5.064076724455205,Rudy Ford,1.7149459361059924,3.3491307883492127,2.2677616301205052,2.7963150943347
2023091700_2193_45021,45021,SPLIT_DEEP,False,2.260891038024451,Rudy Ford,2.1358710076394334,0.12502003038501774,1.3914970679947238,0.8693939700297273
2023091700_2395_53469,53469,SINGLE_HIGH,False,-0.3320491227055235,Richie Grant,0.9924812510773584,-1.324530373782882,2.3462679491818523,-2.678317071887376
2023091700_3163_47804,47804,SINGLE_HIGH,False,19.821053869095003,Darnell Savage,15.32209903659464,4.498954832500363,15.104690028771515,4.716363840323488
2023091700_3328_46123,46123,SINGLE_HIGH,True,3.2382714513652253,Jessie Bates,9.85002108397428,-6.611749632609055,9.468049870869368,-6.229778419504143
2023091700_3585_47804,47804,SINGLE_HIGH,False,0.5691981598536948,Darnell Savage,1.3115640764257663,-0.7423659165720715,1.7237427293309224,-1.1545445694772276
2023091700_3781_47804,47804,SINGLE_HIGH,False,7.992205821802129,Darnell Savage,4.770282005908588,3.2219238158935406,5.361993711662261,2.630212110139868
2023091700_3843_45021,45021,SPLIT_DEEP,False,0.0124170623802335,Rudy Ford,1.8718830511594997,-1.8594659887792662,1.3224788739031563,-1.3100618115229228
2023091700_4189_46123,46123,SPLIT_DEEP,True,11.071989130266042,Jessie Bates,10.853943297900987,0.21804583236505515,10.813688390393803,0.25830073987223834
2023091700_4212_46123,46123,SPLIT_DEEP,True,1.3497297596342277,Jessie Bates,0.7748526998144423,0.5748770598197854,0.8489373605915134,0.5007923990427143
2023091700_4212_52542,52542,SPLIT_DEEP,False,1.897121135429776,Jaylinn Hawkins,0.671712687433338,1.225408447996438,1.2233401995702167,0.6737809358595592
2023091701_102_40166,40166,SINGLE_HIGH,False,11.219335971719094,Jordan Poyer,6.008148920866015,5.211187050853079,5.930864384556157,5.288471587162936
2023091701_487_47974,47974,SPLIT_DEEP,True,-0.3163057261225255,Marcus Epps,2.1346490616206704,-2.450954787743196,1.6594707908778261,-1.9757765170003516
2023091701_857_47974,47974,SPLIT_DEEP,True,-0.7535402537656744,Marcus Epps,0.8936640983405753,-1.6472043521062496,2.0113970179983376,-2.764937271764012
2023091701_936_47974,47974,SPLIT_DEEP,True,2.8343494178025797,Marcus Epps,1.458643168205328,1.3757062495972516,1.8199110202564484,1.0144383975461313
2023091701_1105_40166,40166,SINGLE_HIGH,False,19.0397021504398,Jordan Poyer,19.371535297506313,-0.33183314706651146,16.640504184543413,2.399197965896388
2023091701_1169_40107,40107,SINGLE_HIGH,True,7.688933197550893,Micah Hyde,2.0933064280448477,5.595626769506046,2.8899090286482085,4.799024168902685
2023091701_1697_53472,53472,SINGLE_HIGH,True,-1.7316619166680989,Tre'von Moehrig,0.7582377228476693,-2.489899639515768,1.6350578265551388,-3.3667197432232374
2023091701_1908_53472,53472,SPLIT_DEEP,True,7.303062418050568,Tre'von Moehrig,2.7493282130989534,4.553734204951615,2.6807684865763246,4.6222939314742435
2023091701_1938_47974,47974,SPLIT_DEEP,True,5.3661183367964345,Marcus Epps,1.5334699735778425,3.832648363218592,1.3139723660262002,4.052145970770234
2023091701_1938_53472,53472,SPLIT_DEEP,True,3.262319649649148,Tre'von Moehrig,1.7452628486494262,1.5170568009997218,0.7216663416233917,2.5406533080257563
2023091701_1961_47974,47974,SPLIT_DEEP,True,1.1581510030114337,Marcus Epps,0.8898552632353831,0.2682957397760506,0.6445560130829016,0.5135949899285321
2023091701_1961_53472,53472,SPLIT_DEEP,True,-1.2444542249920172,Tre'von Moehrig,2.073166612104773,-3.3176208370967903,1.5401434506059086,-2.784597675597926
2023091701_2591_40107,40107,SINGLE_HIGH,True,-3.040733195910998,Micah Hyde,0.8386243093258855,-3.8793575052368836,1.5349311688202487,-4.575664364731247
2023091701_2705_47974,47974,SPLIT_DEEP,True,4.424017771579965,Marcus Epps,1.5230005948287448,2.9010171767512203,1.351916857736203,3.0721009138437623
2023091701_2752_53472,53472,SINGLE_HIGH,True,0.2114836016373056,Tre'von Moehrig,1.3655220196481315,-1.1540384180108259,1.5653708833984128,-1.3538872817611072
2023091701_3000_40107,40107,SPLIT_DEEP,True,1.9064078534573,Micah Hyde,2.1446340156208983,-0.23822616216359838,1.3395270674715523,0.5668807859857476
2023091701_3521_47844,47844,SPLIT_DEEP,False,8.748157850413328,Taylor Rapp,4.917851752373635,3.830306098039693,2.8280631692062155,5.920094681207113
2023091701_3521_48487,48487,SPLIT_DEEP,False,3.2915112091887755,Cam Lewis,2.9678000876355815,0.32371112155319404,2.049936138868217,1.2415750703205584
2023091702_504_52627,52627,SPLIT_DEEP,True,2.3632086167514625,Geno Stone,1.5367266646772135,0.826481952074249,0.9951386583625883,1.3680699583888742
2023091702_711_48026,48026,SINGLE_HIGH,False,10.311477358598545,Nick Scott,15.067189626147343,-4.755712267548798,13.070499602305055,-2.759022243706511
2023091702_1228_55960,55960,SINGLE_HIGH,False,-4.586866569105295,Jordan Battle,1.2887488943854368,-5.875615463490732,1.5866427356560688,-6.173509304761364
2023091702_1928_48026,48026,SINGLE_HIGH,False,4.009645623044544,Nick Scott,2.5256462901101298,1.483999332934414,1.6332258298322415,2.3764197932123023
2023091702_2094_48026,48026,SINGLE_HIGH,False,2.853605376457028,Nick Scott,1.6571525083997054,1.1964528680573228,1.300748706447834,1.5528566700091941
2023091702_2374_54479,54479,SPLIT_DEEP,False,0.128899536011926,Kyle Hamilton,1.6852497026256412,-1.5563501666137152,0.8995892569494526,-0.7706897209375265
2023091702_2483_52627,52627,SPLIT_DEEP,True,4.479422628539827,Geno Stone,0.5342210776876101,3.9452015508522167,0.6298297626082032,3.8495928659316236
2023091702_2483_54479,54479,SPLIT_DEEP,False,-2.7074740370077546,Kyle Hamilton,0.8742128772220653,-3.5816869142298198,1.7478565208691101,-4.455330557876865
2023091702_2817_52627,52627,SPLIT_DEEP,True,2.6860594301416816,Geno Stone,1.1307269888056626,1.555332441336019,0.6537942509248396,2.032265179216842
2023091702_2817_54479,54479,SPLIT_DEEP,False,0.6595864915519218,Kyle Hamilton,1.146437557656408,-0.48685106610448625,1.865200709319435,-1.205614217767513
2023091702_3246_55960,55960,SINGLE_HIGH,False,17.870554671157652,Jordan Battle,14.23963989659271,3.6309147745649426,13.190698894362596,4.679855776795057
2023091702_3367_55960,55960,SINGLE_HIGH,False,10.28348005560199,Jordan Battle,10.461269229273976,-0.17778917367198588,9.687434060839516,0.5960459947624734
2023091702_3483_54479,54479,SINGLE_HIGH,False,3.520134918060956,Kyle Hamilton,1.3005783035314085,2.219556614529547,0.7140992945762719,2.806035623484684
2023091702_3700_52627,52627,SPLIT_DEEP,True,3.138116401734256,Geno Stone,0.06743340000308704,3.0706830017311693,1.3719773045999997,1.7661390971342565
2023091702_3796_54479,54479,SPLIT_DEEP,False,2.550517621383409,Kyle Hamilton,1.4034245611373817,1.1470930602460272,1.3600426452650707,1.1904749761183382
2023091702_3876_54479,54479,SPLIT_DEEP,False,-3.08827799760724,Kyle Hamilton,1.9522340473733049,-5.040512044980545,1.1077415246599358,-4.196019522267176
2023091702_3901_52627,52627,SINGLE_HIGH,True,1.3137445261129752,Geno Stone,1.4681713573191508,-0.15442683120617562,2.2429258717120533,-0.9291813455990781
2023091703_629_47891,47891,SPLIT_DEEP,True,-0.4454239800463764,Julian Love,4.642607198726451,-5.088031178772828,3.4109224744063322,-3.8563464544527086
2023091703_665_42543,42543,SINGLE_HIGH,True,5.760044266754453,Quandre Diggs,0.9963401557097583,4.763704111044695,2.1504274266492533,3.6096168401051996
2023091703_1238_54562,54562,SINGLE_HIGH,True,6.943049337346455,Kerby Joseph,9.694300309467206,-2.7512509721207508,7.64075618525348,-0.6977068479070248
2023091703_1496_42543,42543,SINGLE_HIGH,True,16.798898621494104,Quandre Diggs,14.451649671595998,2.3472489498981055,13.903966423363002,2.8949321981311016
2023091703_1586_54562,54562,SPLIT_DEEP,True,1.1578713604230098,Kerby Joseph,1.5825273395124007,-0.4246559790893909,0.8155964867659247,0.3422748736570851
2023091703_1771_47891,47891,SPLIT_DEEP,True,-3.2850813412966353,Julian Love,1.5067680281122264,-4.791849369408862,1.041579579319727,-4.326660920616362
2023091703_1986_47888,47888,SPLIT_DEEP,False,3.923417362231707,C.J. Gardner-Johnson,1.709339580387885,2.214077781843822,1.0289927030914816,2.8944246591402254
2023091703_2268_42543,42543,SINGLE_HIGH,True,4.793876991447084,Quandre Diggs,3.3133459848514555,1.480531006595628,4.355580065985158,0.438296925461926
2023091703_3690_42543,42543,SINGLE_HIGH,True,0.4046025168821732,Quandre Diggs,2.60715584801452,-2.202553331132347,3.1703613992477004,-2.7657588823655272
2023091703_4077_47891,47891,SPLIT_DEEP,True,3.845050293700204,Julian Love,1.06684020531201,2.7782100883881937,0.27955632377897466,3.565493969921229
2023091703_4351_54562,54562,SPLIT_DEEP,True,4.191019254569226,Kerby Joseph,1.2464568098659385,2.9445624447032874,1.9598972216521036,2.2311220329171224
2023091704_565_54704,54704,SINGLE_HIGH,True,-0.259618845512847,Rodney Thomas,1.5908989435388212,-1.8505177890516682,1.8564441652409318,-2.116063010753779
2023091704_683_54704,54704,SINGLE_HIGH,True,-0.1255597490572935,Rodney Thomas,3.4396251947843037,-3.5651849438415972,3.8456772510490227,-3.971237000106316
2023091704_1309_52493,52493,SPLIT_DEEP,False,-3.866170723700412,Julian Blackmon,1.2658970760121715,-5.132067799712583,0.7634990606741106,-4.6296697843745225
2023091704_1481_43474,43474,SINGLE_HIGH,False,6.541728970172761,DeAndre Houston-Carson,5.8208832131823165,0.7208457569904443,6.08405338250804,0.4576755876647205
2023091704_1584_52493,52493,SPLIT_DEEP,False,-7.197651570918836,Julian Blackmon,0.5785536108379846,-7.776205181756821,0.7424089350858125,-7.940060506004649
2023091704_1584_54704,54704,SPLIT_DEEP,True,-5.027724285061372,Rodney Thomas,-0.2539169120703039,-4.773807372991068,0.638960398364091,-5.666684683425463
2023091704_1738_54704,54704,SPLIT_DEEP,True,9.218540036969625,Rodney Thomas,5.421726790277308,3.7968132466923166,4.279855313094269,4.9386847238753555
2023091704_1807_54704,54704,SINGLE_HIGH,True,6.58687802145997,Rodney Thomas,4.856077643301245,1.7308003781587251,3.0458224777526057,3.5410555437073645
2023091704_2421_52493,52493,SPLIT_DEEP,False,-2.0281075884875985,Julian Blackmon,1.070114717483668,-3.098222305971267,0.9519658753887352,-2.9800734638763338
2023091704_2421_54704,54704,SPLIT_DEEP,True,-4.086435780905837,Rodney Thomas,-0.3061976235993709,-3.780238157306466,1.00657177943466,-5.093007560340497
2023091704_2490_52493,52493,SPLIT_DEEP,False,3.498740100044205,Julian Blackmon,2.3578197951240107,1.1409203049201944,1.127908920903666,2.370831179140539
2023091704_2742_46122,46122,SPLIT_DEEP,False,10.427384484602054,M.J. Stewart,3.055932818640474,7.3714516659615805,2.592655699835137,7.834728784766917
2023091704_2742_52897,52897,SPLIT_DEEP,False,-5.046991878604965,Grayland Arnold,1.0109165620085996,-6.057908440613565,1.3320767931591941,-6.379068671764159
2023091704_2817_52897,52897,SINGLE_HIGH,False,16.33651214680971,Grayland Arnold,13.996983535201323,2.3395286116083867,13.106253961379727,3.2302581854299834
2023091704_3134_54704,54704,SINGLE_HIGH,True,0.6730242825910846,Rodney Thomas,1.1995858802926262,-0.5265615977015417,1.5717563784845208,-0.8987320958934362
2023091704_3571_54704,54704,SINGLE_HIGH,True,9.896816824480627,Rodney Thomas,5.177172834336587,4.71964399014404,6.471455535605605,3.4253612888750222
2023091704_3619_52493,52493,SPLIT_DEEP,False,-4.524521518233769,Julian Blackmon,1.6723086411066181,-6.1968301593403865,0.6010069082601248,-5.125528426493894
2023091704_3619_54704,54704,SPLIT_DEEP,True,-1.9807351907988204,Rodney Thomas,1.2067115188534805,-3.187446709652301,1.1651312200449144,-3.145866410843735
2023091704_4016_52493,52493,SPLIT_DEEP,False,1.3355444515574062,Julian Blackmon,1.815448709876522,-0.47990425831911576,1.3162111447542628,0.01933330680314338
2023091704_4086_54704,54704,SPLIT_DEEP,True,0.467685843009809,Rodney Thomas,0.589083550188042,-0.12139770717823306,1.5994251915526654,-1.1317393485428564
2023091704_4327_52493,52493,SPLIT_DEEP,False,2.1662723283264764,Julian Blackmon,1.4832712079268615,0.6830011203996149,1.109083704029267,1.0571886242972095
2023091704_4457_52493,52493,SPLIT_DEEP,False,3.408637957091881,Julian Blackmon,2.1772464510884646,1.2313915060034164,1.7186661051792287,1.6899718519126523
2023091705_175_54527,54527,SINGLE_HIGH,False,1.144395574458815,Bryan Cook,1.7697019424221443,-0.6253063679633293,1.4912642797243993,-0.34686870526558433
2023091705_531_53494,53494,SINGLE_HIGH,True,7.241901638488397,Andre Cisco,1.0787489845387874,6.163152653949609,2.405092177104887,4.83680946138351
2023091705_561_44926,44926,SINGLE_HIGH,True,1.3313211305693011,Rayshawn Jenkins,1.7818554817316403,-0.4505343511623392,1.3685392958503257,-0.03721816528102462
2023091705_1332_44926,44926,SPLIT_DEEP,True,-0.5577421461122061,Rayshawn Jenkins,1.3788214882755099,-1.936563634387716,1.5490686052965703,-2.1068107514087764
2023091705_1530_53494,53494,SINGLE_HIGH,True,20.294661185035565,Andre Cisco,16.609752671003413,3.684908514032152,15.949417926399628,4.3452432586359375
2023091705_2020_53494,53494,SINGLE_HIGH,True,2.6058584611705955,Andre Cisco,1.3505718619365845,1.255286599234011,2.1266730958541142,0.47918536531648126
2023091705_2157_46137,46137,SPLIT_DEEP,False,10.935807716709874,Justin Reid,6.461787348851324,4.47402036785855,6.490462784269473,4.445344932440401
2023091705_2403_44926,44926,SPLIT_DEEP,True,4.297048228441096,Rayshawn Jenkins,10.572294071050674,-6.2752458426095785,10.970253396128603,-6.673205167687508
2023091705_2403_53494,53494,SPLIT_DEEP,True,2.189562235016803,Andre Cisco,10.244500655115914,-8.054938420099111,9.937878264409477,-7.748316029392674
2023091705_2636_54527,54527,SPLIT_DEEP,False,-1.4023070330715122,Bryan Cook,1.0717067851002178,-2.4740138181717297,1.5986710888738696,-3.0009781219453817
2023091705_2953_54527,54527,SINGLE_HIGH,False,5.676358348016549,Bryan Cook,5.586142775872397,0.09021557214415221,4.859652137645138,0.8167062103714118
2023091705_3296_46137,46137,SINGLE_HIGH,False,-10.092946067375172,Justin Reid,7.283006387166937,-17.37595245454211,7.224537682330757,-17.31748374970593
2023091705_3789_44926,44926,SPLIT_DEEP,True,7.040159564761588,Rayshawn Jenkins,1.0573340621526837,5.982825502608904,1.7743029993891648,5.265856565372423
2023091705_3789_53494,53494,SPLIT_DEEP,True,3.412261957173291,Andre Cisco,1.3955321170053903,2.0167298401679004,3.0702097957373926,0.3420521614358982
2023091705_3867_54527,54527,SINGLE_HIGH,False,24.873218870744008,Bryan Cook,15.232272284723884,9.640946586020124,16.472091510509134,8.401127360234874
2023091705_4350_53494,53494,SINGLE_HIGH,True,3.383781223676552,Andre Cisco,5.161169624542431,-1.7773884008658793,4.861765138463467,-1.4779839147869147
2023091706_77_54513,54513,SPLIT_DEEP,True,1.8283461432246195,Jaquan Brisker,1.8112101661175615,0.017135977107058054,0.7909408251611065,1.037405318063513
2023091706_237_44925,44925,SPLIT_DEEP,True,3.099586183129892,Eddie Jackson,3.35713916801097,-0.25755298488107803,2.506369582970236,0.5932166001596562
2023091706_237_54513,54513,SPLIT_DEEP,True,0.8990303621255125,Jaquan Brisker,0.7078267174666313,0.19120364465888118,0.7682958474717712,0.1307345146537413
2023091706_329_44925,44925,SPLIT_DEEP,True,3.60183426883098,Eddie Jackson,1.0626554527208394,2.5391788161101405,1.8806503455137626,1.7211839233172173
2023091706_397_46711,46711,SINGLE_HIGH,False,-2.6211955694743825,Ryan Neal,1.2295291093717577,-3.8507246788461402,2.3284064914362492,-4.949602060910632
2023091706_676_44925,44925,SPLIT_DEEP,True,-2.426457031530492,Eddie Jackson,1.0214116574831522,-3.447868689013644,0.35493394934964684,-2.781390980880139
2023091706_844_56141,56141,SINGLE_HIGH,False,13.713918126193809,Quindell Johnson,11.698041258350042,2.015876867843767,11.682066747233803,2.031851378960006
2023091706_1028_56141,56141,SINGLE_HIGH,False,3.0175050950433384,Quindell Johnson,2.9572039400995602,0.06030115494377819,3.604118826904962,-0.5866137318616236
2023091706_1361_54719,54719,SPLIT_DEEP,False,2.05997051351894,Elijah Hicks,1.0577116771257433,1.0022588363931968,1.0376025323843603,1.0223679811345798
2023091706_1514_52453,52453,SINGLE_HIGH,True,11.995718419324785,Antoine Winfield Jr.,5.939014624411137,6.0567037949136475,6.100912631928694,5.89480578739609
2023091706_1852_54719,54719,SPLIT_DEEP,False,5.198577156377365,Elijah Hicks,5.240961292594231,-0.04238413621686643,4.997215621344803,0.2013615350325617
2023091706_1882_54719,54719,SPLIT_DEEP,False,9.725973691555271,Elijah Hicks,9.755181622756629,-0.02920793120135734,10.283638998989723,-0.5576653074344513
2023091706_2321_54719,54719,SINGLE_HIGH,False,5.7584015819329135,Elijah Hicks,2.1514202270572773,3.606981354875636,4.095144444681536,1.6632571372513771
2023091706_2583_54513,54513,SPLIT_DEEP,True,15.12668528265479,Jaquan Brisker,11.605343000708189,3.521342281946602,13.417981301196075,1.708703981458715
2023091706_2719_52453,52453,SINGLE_HIGH,True,9.633303310878205,Antoine Winfield Jr.,4.362293429768802,5.271009881109403,4.394774825761615,5.23852848511659
2023091706_3447_52453,52453,SPLIT_DEEP,True,2.5440209014310664,Antoine Winfield Jr.,3.2506727230225567,-0.7066518215914903,3.4908940200771177,-0.9468731186460513
2023091706_3512_52453,52453,SINGLE_HIGH,True,7.902683142852315,Antoine Winfield Jr.,3.125286608427788,4.777396534424527,2.9845441401633614,4.918139002688954
2023091706_3981_52453,52453,SPLIT_DEEP,True,5.298634868768222,Antoine Winfield Jr.,1.4502103230005854,3.848424545767636,2.0784800490133053,3.2201548197549164
2023091707_925_43353,43353,SINGLE_HIGH,False,22.66579172571084,Kevin Byard,13.821421116893418,8.844370608817421,14.556474363274125,8.109317362436714
2023091707_948_43353,43353,SPLIT_DEEP,False,2.396214777902757,Kevin Byard,1.6384281949990682,0.7577865829036887,1.2240983351311439,1.172116442771613
2023091707_1413_52594,52594,SINGLE_HIGH,True,24.32319059901795,Alohi Gilman,19.28133659865858,5.041854000359368,15.854489421199446,8.468701177818502
2023091707_1576_43353,43353,SPLIT_DEEP,False,1.70611686162799,Kevin Byard,11.903287320767733,-10.197170459139743,11.735375519495491,-10.029258657867501
2023091707_2792_43353,43353,SPLIT_DEEP,False,7.586033793018651,Kevin Byard,3.5361956694435817,4.04983812357507,2.800026549939509,4.786007243079142
2023091707_2792_53529,53529,SPLIT_DEEP,False,1.7748249593658976,Elijah Molden,2.0116732774733967,-0.23684831810749918,1.983227423447179,-0.20840246408128138
2023091707_2817_53529,53529,SPLIT_DEEP,False,2.277527216599,Elijah Molden,1.915086310126481,0.36244090647251914,1.2769003763302251,1.000626840268775
2023091707_2878_53529,53529,SINGLE_HIGH,False,5.5039165412242825,Elijah Molden,1.606238024904731,3.8976785163195515,2.2081495194864074,3.295767021737875
2023091707_3399_43353,43353,SPLIT_DEEP,False,-0.6711938297396927,Kevin Byard,1.30017032256146,-1.9713641523011527,1.670426602388149,-2.3416204321278418
2023091707_3399_55081,55081,SPLIT_DEEP,False,2.5427358360474623,Mike Brown,1.2494805257876347,1.2932553102598277,0.30027819769338926,2.242457638354073
2023091707_3520_46086,46086,SINGLE_HIGH,True,5.524502223616029,Derwin James,0.9651710152399118,4.559331208376117,1.470620932053901,4.053881291562128
2023091707_3807_55081,55081,SINGLE_HIGH,False,13.20118111392501,Mike Brown,7.8216147794301385,5.379566334494871,9.805436956204586,3.395744157720424
2023091708_166_53604,53604,SINGLE_HIGH,True,7.245071172247968,Jason Pinnock,10.752627376989746,-3.5075562047417783,9.5036000600326,-2.2585288877846317
2023091708_449_53604,53604,SINGLE_HIGH,True,-0.2349332381836806,Jason Pinnock,2.0556447865691974,-2.290578024752878,2.550565688991493,-2.7854989271751736
2023091708_494_53604,53604,SPLIT_DEEP,True,12.471764931512332,Jason Pinnock,5.556650267298889,6.915114664213443,5.0836200446985735,7.388144886813759
2023091708_570_53604,53604,SINGLE_HIGH,True,2.462351834898284,Jason Pinnock,2.5291911059295966,-0.06683927103131282,1.8289734181823505,0.6333784167159333
2023091708_792_52444,52444,SINGLE_HIGH,True,1.799738507887808,Xavier McKinney,2.597404351092393,-0.7976658432045849,2.935561470737735,-1.1358229628499268
2023091708_1110_46807,46807,SINGLE_HIGH,False,3.307945017312984,Andre Chachere,2.045626680922807,1.262318336390177,1.238402533092514,2.06954248422047
2023091708_1325_53604,53604,SINGLE_HIGH,True,2.268963224872315,Jason Pinnock,1.3318426485371264,0.9371205763351884,2.062476408722384,0.2064868161499307
2023091708_1582_46807,46807,SINGLE_HIGH,False,7.83234382239338,Andre Chachere,16.211518724220237,-8.379174901826858,15.51414094735945,-7.681797124966071
2023091708_2043_46807,46807,SINGLE_HIGH,False,4.486921953162614,Andre Chachere,2.0147330482204584,2.472188904942156,1.0070610366863306,3.4798609164762837
2023091708_2139_46807,46807,SINGLE_HIGH,False,21.108301492626477,Andre Chachere,18.190634378655044,2.917667113971433,16.93559896749442,4.172702525132056
2023091708_2886_52444,52444,SINGLE_HIGH,True,1.72166749804955,Xavier McKinney,2.195965224082243,-0.47429772603269305,1.8506684658750032,-0.12900096782545312
2023091708_2999_53604,53604,SINGLE_HIGH,True,5.9640838951416315,Jason Pinnock,2.0923259166197696,3.871757978521862,2.604258960337651,3.3598249348039806
2023091708_3128_52444,52444,SPLIT_DEEP,True,21.280767914156073,Xavier McKinney,18.068902187276628,3.211865726879445,15.652536015463987,5.628231898692086
2023091708_3128_53604,53604,SPLIT_DEEP,True,5.570213048734054,Jason Pinnock,14.101622533118759,-8.531409484384705,14.447430872144427,-8.877217823410373
2023091708_3206_46807,46807,SINGLE_HIGH,False,-1.9097510612220692,Andre Chachere,0.9543875996889439,-2.864138660911013,1.9325499834686202,-3.8423010446906893
2023091708_3231_46807,46807,SINGLE_HIGH,False,7.332171327648759,Andre Chachere,13.532267567353623,-6.200096239704864,14.164375515622524,-6.832204187973765
2023091708_3755_46807,46807,SPLIT_DEEP,False,8.791956567286253,Andre Chachere,9.933931086780944,-1.141974519494692,8.827834162077352,-0.0358775947910992
2023091708_4145_46807,46807,SINGLE_HIGH,False,2.5495903925218375,Andre Chachere,1.3805225172110076,1.16906787531083,2.031760857303688,0.5178295352181497
2023091709_243_52607,52607,SPLIT_DEEP,True,2.107143626711486,Jordan Fuller,1.7019931194253985,0.4051505072860875,0.8042290617295862,1.3029145649818998
2023091709_468_53609,53609,SINGLE_HIGH,False,-2.7358568652876087,Talanoa Hufanga,-0.12185893998589212,-2.6139979253017165,1.2461040816701967,-3.9819609469578054
2023091709_1228_54718,54718,SPLIT_DEEP,True,1.1903427269742055,Russ Yeast,1.7665629222851857,-0.5762201953109802,1.6319148548237514,-0.4415721278495459
2023091709_1302_52607,52607,SPLIT_DEEP,True,17.55091035827723,Jordan Fuller,11.18542629536574,6.365484062911488,13.476157729232336,4.074752629044893
2023091709_1524_38868,38868,SPLIT_DEEP,True,-1.3141990904292786,Tashaun Gipson,4.819960957608311,-6.1341600480375895,3.5839613616989414,-4.89816045212822
2023091709_1581_53609,53609,SPLIT_DEEP,False,1.7781554704921223,Talanoa Hufanga,1.6429850865256084,0.13517038396651393,0.8557916914643862,0.9223637790277361
2023091709_1860_54718,54718,SINGLE_HIGH,True,0.0859082130656343,Russ Yeast,1.0337898872059377,-0.9478816741403033,1.3162501876323969,-1.2303419745667625
2023091709_2391_52607,52607,SPLIT_DEEP,True,9.538817852087591,Jordan Fuller,5.204534419753164,4.334283432334427,3.676654598497918,5.8621632535896735
2023091709_2391_54718,54718,SPLIT_DEEP,True,2.0411436239888463,Russ Yeast,4.237539660987074,-2.1963960369982276,2.5722254065973704,-0.5310817826085241
2023091709_2676_54718,54718,SINGLE_HIGH,True,-1.403031638591724,Russ Yeast,0.7371471523392966,-2.140178790931021,0.6996436798044527,-2.1026753183961766
2023091709_2785_52607,52607,SINGLE_HIGH,True,6.590252611155922,Jordan Fuller,13.688735328393212,-7.098482717237291,13.484955397303793,-6.894702786147871
2023091709_2854_53609,53609,SINGLE_HIGH,False,8.112590725916881,Talanoa Hufanga,12.381170845206176,-4.268580119289295,11.83688367645858,-3.724292950541699
2023091709_2993_54718,54718,SINGLE_HIGH,True,-6.895198234695666,Russ Yeast,1.7865968414766524,-8.68179507617232,1.5123430356750953,-8.40754127037076
2023091709_3018_54718,54718,SPLIT_DEEP,True,-6.864131625054942,Russ Yeast,8.419662821952492,-15.283794447007434,8.69518178380453,-15.559313408859472
2023091709_3255_53609,53609,SINGLE_HIGH,False,3.433492031707769,Talanoa Hufanga,1.2165873943624497,2.216904637345319,2.7421196034334603,0.6913724282743088
2023091709_3736_53609,53609,SINGLE_HIGH,False,1.377660146309024,Talanoa Hufanga,1.7532702607817672,-0.3756101144727433,1.7180201655221694,-0.3403600192131455
2023091709_3889_53609,53609,SPLIT_DEEP,False,1.1544884952014258,Talanoa Hufanga,1.383705834516152,-0.2292173393147261,0.5439027945313075,0.6105857006701183
2023091709_4294_38868,38868,SPLIT_DEEP,True,-3.756194489532025,Tashaun Gipson,1.3183422493584434,-5.074536738890468,1.421496837528954,-5.177691327060979
2023091709_4294_53609,53609,SPLIT_DEEP,False,7.035172012193738,Talanoa Hufanga,1.1414864867145604,5.893685525479177,1.5131859942588264,5.521986017934911
2023091709_4342_38868,38868,SPLIT_DEEP,True,21.95986556069541,Tashaun Gipson,17.031871820881623,4.927993739813786,15.961576501891106,5.998289058804303
2023091709_4342_53609,53609,SPLIT_DEEP,False,15.560128061688488,Talanoa Hufanga,15.627032130453495,-0.0669040687650071,15.28312861187145,0.27699944981703695
2023091710_805_54833,54833,SINGLE_HIGH,False,-1.754666970168547,Tony Adams,1.599757834364526,-3.354424804533073,1.5085226023767788,-3.2631895725453255
2023091710_1250_44827,44827,SPLIT_DEEP,True,-0.9519046594954066,Malik Hooker,1.1688798108751994,-2.120784470370606,1.7023182774435082,-2.6542229369389148
2023091710_1322_46186,46186,SPLIT_DEEP,False,1.1465701451435883,Jordan Whitehead,2.1875664760623454,-1.040996330918757,1.7137925047538136,-0.5672223596102253
2023091710_1322_54833,54833,SPLIT_DEEP,False,-5.817922800115706,Tony Adams,1.6089550378073476,-7.426877837923054,0.5708008985055582,-6.3887236986212645
2023091710_1394_44827,44827,SINGLE_HIGH,True,0.4837255870360963,Malik Hooker,-0.4246167473803256,0.9083423344164219,0.6569556856930738,-0.17323009865697753
2023091710_1485_54833,54833,SINGLE_HIGH,False,5.245124441510953,Tony Adams,0.561825986414383,4.68329845509657,1.4557616689020048,3.789362772608948
2023091710_2452_46186,46186,SPLIT_DEEP,False,-2.4508430899963756,Jordan Whitehead,4.395385977170699,-6.846229067167075,4.565178685742567,-7.016021775738943
2023091710_3223_42485,42485,SPLIT_DEEP,False,-0.1272738865338194,Adrian Amos,5.408938940621276,-5.536212827155095,2.7976605910240107,-2.92493447755783
2023091710_3707_44827,44827,SPLIT_DEEP,True,14.530607126219762,Malik Hooker,9.451629455038818,5.078977671180944,9.681647820908456,4.848959305311306
2023091710_3815_43533,43533,SPLIT_DEEP,False,2.7906758590748515,Jayron Kearse,1.4965887014079344,1.294087157666917,1.1620207359710157,1.6286551231038358
2023091710_3860_44827,44827,SPLIT_DEEP,True,23.96671014531913,Malik Hooker,19.58230519901567,4.384404946303459,16.508895919207664,7.457814226111466
2023091711_102_35459,35459,SINGLE_HIGH,False,5.366410651629086,Kareem Jackson,2.663341830714087,2.703068820914999,3.117458803717801,2.248951847911285
2023091711_675_35459,35459,SPLIT_DEEP,False,4.177910007319401,Kareem Jackson,0.10322531000403941,4.074684697315361,1.8264070644513701,2.3515029428680307
2023091711_675_43387,43387,SPLIT_DEEP,True,3.7303827942404144,Justin Simmons,1.788252444199526,1.9421303500408884,2.0455295727151643,1.68485322152525
2023091711_720_43387,43387,SPLIT_DEEP,True,2.6331942094393055,Justin Simmons,1.6111437538483506,1.0220504555909549,1.3311681147485643,1.3020260946907412
2023091711_750_43387,43387,SPLIT_DEEP,True,3.89556097609801,Justin Simmons,2.926641133613528,0.9689198424844823,1.9431549470268799,1.9524060290711303
2023091711_855_53592,53592,SPLIT_DEEP,False,15.513908755188934,Darrick Forrest,14.054691967300005,1.4592167878889288,15.927792048674567,-0.41388329348563246
2023091711_855_54578,54578,SPLIT_DEEP,True,25.271960533009608,Percy Butler,11.83668212138106,13.435278411628548,16.088531379964433,9.183429153045175
2023091711_1031_52624,52624,SINGLE_HIGH,False,9.368453453953002,Kam Curl,5.66991512809136,3.6985383258616418,6.283125395205167,3.0853280587478347
2023091711_1363_43387,43387,SPLIT_DEEP,True,1.9525064306638689,Justin Simmons,1.0977453926101375,0.8547610380537314,2.8684940038722004,-0.9159875732083316
2023091711_1577_43387,43387,SPLIT_DEEP,True,-0.2605879694673447,Justin Simmons,1.6552928048268218,-1.9158807742941666,1.1706390237210922,-1.431226993188437
2023091711_2035_54617,54617,SPLIT_DEEP,False,2.37983958536232,Delarrin Turner-Yell,1.7960246720692874,0.5838149132930326,1.145154549293519,1.234685036068801
2023091711_2150_43387,43387,SPLIT_DEEP,True,10.929023618614204,Justin Simmons,6.582352463444162,4.346671155170042,7.315725215623312,3.6132984029908926
2023091711_2539_43387,43387,SPLIT_DEEP,True,12.19542874606888,Justin Simmons,8.432315603953338,3.7631131421155413,6.531512510936309,5.663916235132571
2023091711_2539_54617,54617,SPLIT_DEEP,False,9.324083067871657,Delarrin Turner-Yell,5.82464955644741,3.4994335114242467,4.746404813610485,4.577678254261172
2023091711_2647_53592,53592,SINGLE_HIGH,False,12.640210340395091,Darrick Forrest,9.101827882477803,3.5383824579172884,7.5235951212179835,5.116615219177108
2023091711_2693_53592,53592,SPLIT_DEEP,False,-1.517993589795438,Darrick Forrest,2.6687882792391546,-4.186781869034593,2.453093521023286,-3.971087110818724
2023091711_3369_43387,43387,SPLIT_DEEP,True,-0.1846664852170443,Justin Simmons,1.7660377159691272,-1.9507042011861715,1.184631015082969,-1.3692975003000134
2023091711_3511_53592,53592,SPLIT_DEEP,False,-2.5958547107931516,Darrick Forrest,1.1746844298448758,-3.7705391406380273,1.072112608216198,-3.6679673190093496
2023091711_3511_54578,54578,SPLIT_DEEP,True,-0.5980100533652664,Percy Butler,2.0292349900795497,-2.627245043444816,2.1928975679864493,-2.7909076213517157
2023091711_3943_52624,52624,SPLIT_DEEP,False,-0.0470497878744051,Kam Curl,2.4147921923938944,-2.4618419802682996,1.518747195644159,-1.5657969835185641
2023091711_4627_53592,53592,SPLIT_DEEP,False,5.596516708177809,Darrick Forrest,14.680184620373227,-9.083667912195418,11.226848579522352,-5.630331871344543
2023091711_4627_54578,54578,SPLIT_DEEP,True,3.823409570098966,Percy Butler,14.816043438214129,-10.992633868115163,12.00274934238114,-8.179339772282173
2023091712_788_46259,46259,SINGLE_HIGH,True,15.936678359546985,DeShon Elliott,17.90527728643465,-1.9685989268876654,16.27899121793953,-0.3423128583925461
2023091712_1304_46259,46259,SPLIT_DEEP,True,19.352754221233297,DeShon Elliott,16.11111847188992,3.241635749343377,15.11009103160653,4.242663189626768
2023091712_1493_44837,44837,SINGLE_HIGH,False,2.729984772445767,Jabrill Peppers,0.6789697134305795,2.0510150590151874,1.0256838396936399,1.704300932752127
2023091712_1848_46259,46259,SPLIT_DEEP,True,3.2939212108975053,DeShon Elliott,2.464566536670168,0.8293546742273374,0.9898040200396885,2.304117190857817
2023091712_2732_44837,44837,SINGLE_HIGH,False,10.361989852328856,Jabrill Peppers,9.790607219342663,0.5713826329861931,10.173532169360243,0.18845768296861287
2023091712_3215_44837,44837,SINGLE_HIGH,False,-1.257221959525863,Jabrill Peppers,1.4959244587453946,-2.7531464182712577,2.1335654907125754,-3.390787450238438
2023091712_3306_53465,53465,SPLIT_DEEP,False,0.4551568697374284,Jevon Holland,0.35054123137837967,0.10461563835904875,1.2222134307367014,-0.767056560999273
2023091712_3606_52445,52445,SINGLE_HIGH,False,16.73333819510945,Kyle Dugger,18.367387129875222,-1.6340489347657723,15.834943515365813,0.8983946797436371
2023091712_3844_53465,53465,SPLIT_DEEP,False,3.229598505861124,Jevon Holland,2.4982324793318775,0.7313660265292463,1.8682464720804086,1.3613520337807152
2023091712_3928_46259,46259,SPLIT_DEEP,True,20.2504508620693,DeShon Elliott,21.50756032147815,-1.2571094594088486,16.636056200874688,3.6143946611946127
2023091712_3928_53465,53465,SPLIT_DEEP,False,10.930005030383462,Jevon Holland,14.470949448262788,-3.5409444178793255,15.799304598682038,-4.869299568298576
2023091712_3951_46259,46259,SPLIT_DEEP,True,0.9396562778333162,DeShon Elliott,0.13971856999584634,0.7999377078374699,0.7569969451741478,0.18265933265916834
2023091712_3951_53465,53465,SPLIT_DEEP,False,1.599440587051836,Jevon Holland,3.2540846554133283,-1.6546440683614922,2.9670681014762694,-1.3676275144244334
2023091712_3976_53465,53465,SPLIT_DEEP,False,1.7930788068315504,Jevon Holland,0.9437806957262681,0.8492981111052823,1.9495396923336727,-0.15646088550212234
2023091712_4405_53465,53465,SPLIT_DEEP,False,3.8661604110341905,Jevon Holland,2.1998063092656217,1.6663541017685688,0.7848795754074125,3.081280835626778
2023091712_4428_53465,53465,SPLIT_DEEP,False,2.237328642291872,Jevon Holland,0.853405197025979,1.3839234452658928,1.5064293295156084,0.7308993127762635
2023091712_4453_53465,53465,SPLIT_DEEP,False,-1.4014246764063465,Jevon Holland,3.4182320645370954,-4.819656740943442,3.6270969178585597,-5.028521594264906
2023091800_148_45004,45004,SINGLE_HIGH,False,4.306699718659537,Xavier Woods,5.180879210305703,-0.8741794916461654,6.531217052495277,-2.22451733383574
2023091800_429_44851,44851,SPLIT_DEEP,False,2.8043828125210153,Marcus Maye,1.3799059259072546,1.4244768866137607,0.6477645582704437,2.1566182542505716
2023091800_1102_40017,40017,SPLIT_DEEP,True,8.262696010761273,Tyrann Mathieu,7.680572069015439,0.5821239417458335,5.768166929804621,2.494529080956652
2023091800_1340_45004,45004,SINGLE_HIGH,False,17.987638279043328,Xavier Woods,12.996912769548581,4.990725509494746,12.439744019643031,5.547894259400296
2023091800_1363_45004,45004,SINGLE_HIGH,False,9.292226544312609,Xavier Woods,11.095981235244638,-1.8037546909320294,10.67371457937857,-1.3814880350659617
2023091800_1945_45004,45004,SINGLE_HIGH,False,11.049628360291186,Xavier Woods,6.541342558073925,4.5082858022172605,5.614270953386458,5.4353574069047275
2023091800_1972_40017,40017,SINGLE_HIGH,True,-0.6546011839372561,Tyrann Mathieu,5.474101889502282,-6.128703073439538,4.593052984933141,-5.2476541688703975
2023091800_2196_45004,45004,SPLIT_DEEP,False,4.482515490715784,Xavier Woods,8.175394011640453,-3.692878520924669,9.038467094496376,-4.555951603780592
2023091800_2455_44851,44851,SINGLE_HIGH,False,2.6325110528355573,Marcus Maye,6.839848428678917,-4.20733737584336,8.22236012862847,-5.5898490757929125
2023091800_2700_40017,40017,SPLIT_DEEP,True,-0.9533423866487318,Tyrann Mathieu,1.859704632318652,-2.8130470189673837,0.45665213694258355,-1.4099945235913154
2023091800_2700_44851,44851,SPLIT_DEEP,False,-1.516768067395251,Marcus Maye,1.5286866578533265,-3.0454547252485775,1.0227271643085967,-2.5394952317038477
2023091800_2839_45004,45004,SPLIT_DEEP,False,3.3496124767970468,Xavier Woods,0.9887654647904306,2.3608470120066163,1.8813196484331236,1.4682928283639232
2023091800_2943_43350,43350,SPLIT_DEEP,False,13.530076661324223,Vonn Bell,13.488789885948108,0.041286775376114804,13.436795427495113,0.09328123382911002
2023091800_3202_40017,40017,SPLIT_DEEP,True,-1.7105026101391614,Tyrann Mathieu,1.8988016459108823,-3.6093042560500437,1.2505514259647192,-2.9610540361038806
2023091800_3852_43350,43350,SINGLE_HIGH,False,17.367152698199405,Vonn Bell,10.986567546376582,6.380585151822823,12.065284616373638,5.301868081825766
2023091800_4339_44851,44851,SPLIT_DEEP,False,7.811412163886099,Marcus Maye,4.593089059556447,3.2183231043296523,3.757272698015747,4.054139465870352
2023091801_144_46080,46080,SPLIT_DEEP,False,2.3635456773691343,Minkah Fitzpatrick,1.6935051180023606,0.6700405593667738,0.9676115968476608,1.3959340805214735
2023091801_230_46080,46080,SPLIT_DEEP,False,3.9820963957617423,Minkah Fitzpatrick,1.1840013714567394,2.798095024305003,0.8897311174149234,3.092365278346819
2023091801_807_44962,44962,SINGLE_HIGH,True,5.189036470639094,Damontae Kazee,4.136044861842392,1.0529916087967015,4.8074603800635245,0.3815760905755692
2023091801_1163_46080,46080,SINGLE_HIGH,False,2.447202785946925,Minkah Fitzpatrick,2.1985392671869577,0.2486635187599675,2.2101881476677594,0.2370146382791658
2023091801_1640_47846,47846,SINGLE_HIGH,False,5.414118589487153,Juan Thornhill,1.69740786941777,3.7167107200693827,2.4274211507155377,2.986697438771615
2023091801_1743_46080,46080,SPLIT_DEEP,False,1.3144607712204,Minkah Fitzpatrick,10.43861541951136,-9.12415464829096,10.982158499416032,-9.667697728195632
2023091801_1863_52452,52452,SINGLE_HIGH,False,-2.6089311849898884,Grant Delpit,1.8853038170551006,-4.494235002044989,2.330323084195351,-4.9392542691852395
2023091801_1945_43306,43306,SPLIT_DEEP,False,3.4947049024223853,Keanu Neal,1.1100235166470231,2.3846813857753624,1.814372066742485,1.6803328356799003
2023091801_1945_46080,46080,SPLIT_DEEP,False,4.949164984780253,Minkah Fitzpatrick,0.7683454669887656,4.180819517791487,0.740816414956937,4.208348569823316
2023091801_2139_47846,47846,SINGLE_HIGH,False,1.9899912643629631,Juan Thornhill,0.4188299623927673,1.5711613019701958,1.772463549585071,0.21752771477789223
2023091801_3204_43306,43306,SINGLE_HIGH,False,23.587471435565824,Keanu Neal,14.240192462046258,9.347278973519566,16.570921463714612,7.016549971851212
2023091801_3640_44962,44962,SINGLE_HIGH,True,-6.913493764647375,Damontae Kazee,0.7971443416007007,-7.7106381062480756,1.8830357056097702,-8.796529470257145
2023091801_4004_52904,52904,SPLIT_DEEP,False,4.701970823292411,Elijah Riley,3.9868917935701247,0.7150790297222867,4.655203677781995,0.046767145510416164
2023092100_78_52444,52444,SPLIT_DEEP,True,0.93095391408359,Xavier McKinney,1.6065785663524665,-0.6756246522688766,1.6985758304643737,-0.7676219163807837
2023092100_126_53604,53604,SPLIT_DEEP,True,-2.0021669900992425,Jason Pinnock,5.641949541218469,-7.644116531317711,4.781005348720696,-6.783172338819939
2023092100_353_52444,52444,SINGLE_HIGH,True,3.693105245436639,Xavier McKinney,8.644554987429489,-4.95144974199285,7.647858122288328,-3.954752876851689
2023092100_423_53609,53609,SINGLE_HIGH,False,16.477499320443762,Talanoa Hufanga,13.93156468796656,2.545934632477202,13.186334152927039,3.2911651675167235
2023092100_473_53609,53609,SPLIT_DEEP,False,4.105954438353526,Talanoa Hufanga,1.6285582248483246,2.477396213505201,1.2906867422358665,2.815267696117659
2023092100_771_52444,52444,SPLIT_DEEP,True,10.279649517379484,Xavier McKinney,6.182392670303162,4.097256847076322,3.7278905921068164,6.551758925272668
2023092100_1632_53604,53604,SPLIT_DEEP,True,-0.3474351583959789,Jason Pinnock,1.8376329046008675,-2.185068062996846,0.566999593593227,-0.914434751989206
2023092100_1856_38868,38868,SINGLE_HIGH,True,4.191670940476828,Tashaun Gipson,1.5424558664988395,2.649215073977989,1.682329112319196,2.5093418281576323
2023092100_2016_53609,53609,SINGLE_HIGH,False,5.02012869537665,Talanoa Hufanga,5.802141861593944,-0.7820131662172942,6.513087795234834,-1.4929590998581839
2023092100_2588_52444,52444,SPLIT_DEEP,True,-9.379388974223655,Xavier McKinney,1.038254893814327,-10.417643868037983,0.9029229551573721,-10.282311929381027
2023092100_2588_53604,53604,SPLIT_DEEP,True,2.128590590931003,Jason Pinnock,0.9029876242338143,1.2256029666971884,2.4516190844603436,-0.3230284935293408
2023092100_2633_52444,52444,SPLIT_DEEP,True,4.780665915735567,Xavier McKinney,1.6118391480278456,3.1688267677077215,1.0813645443543738,3.6993013713811935
2023092100_2633_53604,53604,SPLIT_DEEP,True,-4.447483837356092,Jason Pinnock,1.6255450055364886,-6.0730288428925805,1.5811155472620264,-6.0285993846181185
2023092100_3052_53609,53609,SINGLE_HIGH,False,11.260846475095578,Talanoa Hufanga,13.691541347684923,-2.4306948725893456,13.173153805646391,-1.9123073305508136
2023092100_3445_53609,53609,SPLIT_DEEP,False,1.040968677056232,Talanoa Hufanga,0.9924354951512311,0.048533181905001,0.9063721576218704,0.13459651943436168
2023092400_109_52627,52627,SINGLE_HIGH,True,2.387778298121116,Geno Stone,2.754848610481836,-0.36707031236071996,3.1100089078601822,-0.722230609739066
2023092400_419_54704,54704,SINGLE_HIGH,True,9.152124853595382,Rodney Thomas,5.048693915015325,4.103430938580057,3.9842488270718155,5.167876026523566
2023092400_626_43366,43366,SPLIT_DEEP,False,-0.4655938102775554,Daryl Worley,1.725068706895935,-2.1906625171734904,0.9296945770140397,-1.395288387291595
2023092400_724_54704,54704,SINGLE_HIGH,True,5.279301094951959,Rodney Thomas,1.2191894690832197,4.06011162586874,2.2054361486119705,3.073864946339989
2023092400_1134_52627,52627,SINGLE_HIGH,True,-1.4502089702810128,Geno Stone,1.0105256712617703,-2.460734641542783,1.4376337810552897,-2.8878427513363025
2023092400_1189_52627,52627,SPLIT_DEEP,True,2.319459154331794,Geno Stone,0.14102534470466258,2.1784338096271316,0.7529445250356979,1.5665146292960963
2023092400_1878_52627,52627,SPLIT_DEEP,True,-3.622512363403579,Geno Stone,1.252500404790656,-4.875012768194235,2.6850790336671624,-6.307591397070741
2023092400_2386_43366,43366,SINGLE_HIGH,False,11.66487024626042,Daryl Worley,14.383197754801895,-2.718327508541474,14.167935750963512,-2.503065504703091
2023092400_2688_52627,52627,SPLIT_DEEP,True,17.77309370634616,Geno Stone,15.780680226204897,1.9924134801412627,14.086371208778544,3.686722497567615
2023092400_2711_43366,43366,SPLIT_DEEP,False,5.642312145166919,Daryl Worley,5.172993707361891,0.46931843780502813,4.8399332191408515,0.8023789260260674
2023092400_2711_52627,52627,SPLIT_DEEP,True,-1.1783919556722733,Geno Stone,5.059222171876449,-6.2376141275487225,4.778259398382969,-5.956651354055242
2023092400_2711_54479,54479,SPLIT_DEEP,False,6.041697429126806,Kyle Hamilton,5.638213107663786,0.4034843214630204,7.236239965615459,-1.1945425364886528
2023092400_4126_43366,43366,SINGLE_HIGH,False,-1.2098479796796244,Daryl Worley,2.657732724631198,-3.8675807043108223,1.7296491669335445,-2.939497146613169
2023092400_4215_52627,52627,SINGLE_HIGH,True,16.020181255993798,Geno Stone,11.573775430700705,4.446405825293093,12.123656164971468,3.8965250910223297
2023092400_4419_52493,52493,SPLIT_DEEP,False,4.01463067894548,Julian Blackmon,3.52439670738757,0.4902339715579096,2.470307688666993,1.544322990278487
2023092400_4419_54561,54561,SPLIT_DEEP,False,2.197475252053593,Nick Cross,1.792690522335902,0.40478472971769097,2.8717528624165016,-0.6742776103629087
2023092400_4419_54704,54704,SPLIT_DEEP,True,4.241328733573903,Rodney Thomas,1.403834578720325,2.8374941548535784,1.4509004913275465,2.7904282422463567
2023092400_4448_52493,52493,SPLIT_DEEP,False,2.5140220727375873,Julian Blackmon,1.5031312040424893,1.010890868695098,0.8794406073385765,1.6345814653990107
2023092400_4615_52627,52627,SINGLE_HIGH,True,14.65694481024535,Geno Stone,12.084987945880053,2.571956864365296,15.007240571456704,-0.3502957612113544
2023092400_4773_52627,52627,SINGLE_HIGH,True,15.783033954816467,Geno Stone,11.125734503386532,4.657299451429935,11.50920311267476,4.273830842141708
2023092400_4926_54704,54704,SINGLE_HIGH,True,3.057701708762851,Rodney Thomas,1.7685131411501802,1.2891885676126706,1.4518910008380068,1.605810707924844
2023092401_626_47846,47846,SINGLE_HIGH,False,1.6951832725992817,Juan Thornhill,1.4722793399109375,0.2229039326883442,1.2901883282606104,0.40499494433867134
2023092401_1288_47899,47899,SPLIT_DEEP,False,0.6978097335163866,Amani Hooker,10.40274996201955,-9.704940228503164,8.397525927074474,-7.699716193558087
2023092401_1429_52452,52452,SPLIT_DEEP,False,3.1198312645313617,Grant Delpit,1.239734798112898,1.8800964664184636,1.1221445704901,1.9976866940412616
2023092401_1746_47899,47899,SINGLE_HIGH,False,8.26120771794253,Amani Hooker,11.866135936438956,-3.6049282184964273,11.73844880679655,-3.4772410888540204
2023092401_1781_43353,43353,SINGLE_HIGH,False,9.177230744475604,Kevin Byard,11.94102913232739,-2.7637983878517858,11.445516432062627,-2.2682856875870225
2023092401_1915_47846,47846,SINGLE_HIGH,False,14.032435603760872,Juan Thornhill,11.366330827191383,2.6661047765694885,10.335731335736329,3.6967042680245434
2023092401_1938_47846,47846,SINGLE_HIGH,False,3.785059445922215,Juan Thornhill,1.9146807164978052,1.8703787294244099,3.388589114375124,0.396470331547091
2023092401_2005_47846,47846,SPLIT_DEEP,False,12.308336847832404,Juan Thornhill,6.767376775700732,5.540960072131672,7.704841803153746,4.603495044678658
2023092401_2113_47846,47846,SINGLE_HIGH,False,11.180321608962728,Juan Thornhill,12.392658547972214,-1.2123369390094858,11.263761975354218,-0.08344036639148911
2023092401_2414_47846,47846,SPLIT_DEEP,False,21.94322431354225,Juan Thornhill,14.207307865871632,7.735916447670617,11.437276866375445,10.505947447166804
2023092401_2493_43353,43353,SINGLE_HIGH,False,10.128727417825978,Kevin Byard,13.676789775337019,-3.548062357511041,12.26850615090622,-2.1397787330802416
2023092401_2687_43353,43353,SINGLE_HIGH,False,1.5992499526943798,Kevin Byard,1.4972512644995701,0.10199868819480962,1.893548304055706,-0.2942983513613262
2023092401_2829_47846,47846,SINGLE_HIGH,False,-3.6120679213951625,Juan Thornhill,2.731523157883027,-6.343591079278189,2.800262644806506,-6.4123305662016685
2023092401_3015_47899,47899,SPLIT_DEEP,False,9.921534134906985,Amani Hooker,3.981122072239,5.940412062667985,2.828209310816498,7.0933248240904865
2023092401_3045_47899,47899,SPLIT_DEEP,False,5.590606315487582,Amani Hooker,3.1282983649073404,2.4623079505802417,2.191489463978913,3.399116851508669
2023092401_3710_47846,47846,SINGLE_HIGH,False,14.73103857496965,Juan Thornhill,8.928094848908607,5.802943726061043,8.68841525444352,6.042623320526131
2023092402_215_46123,46123,SPLIT_DEEP,True,0.5592652311944093,Jessie Bates,1.677389711473363,-1.1181244802789536,1.4752899132828077,-0.9160246820883984
2023092402_306_46151,46151,SINGLE_HIGH,False,13.71990815141458,Tracy Walker III,13.121265474291356,0.5986426771232249,14.6371425549004,-0.9172344034858195
2023092402_347_53530,53530,SPLIT_DEEP,False,4.367637383557618,Ifeatu Melifonwu,7.286351375567311,-2.9187139920096934,8.226749924001258,-3.8591125404436397
2023092402_470_46123,46123,SINGLE_HIGH,True,1.066225551221036,Jessie Bates,1.466946734649025,-0.4007211834279891,1.549718355464952,-0.48349280424391616
2023092402_540_46123,46123,SPLIT_DEEP,True,2.420694160308331,Jessie Bates,1.0229107184806447,1.3977834418276864,1.5523217921717123,0.8683723681366189
2023092402_612_46123,46123,SINGLE_HIGH,True,2.345812442725334,Jessie Bates,1.62270693311139,0.7231055096139443,2.1238492166199237,0.22196322610541053
2023092402_728_52542,52542,SPLIT_DEEP,False,0.9537695653536816,Jaylinn Hawkins,1.7365130603902341,-0.7827434950365525,1.082903449700753,-0.1291338843470714
2023092402_912_46151,46151,SPLIT_DEEP,False,1.4831258674828964,Tracy Walker III,1.3422107907805452,0.14091507670235126,0.5190441118029181,0.9640817556799783
2023092402_1078_46123,46123,SPLIT_DEEP,True,19.574076487699124,Jessie Bates,12.45695776372923,7.117118723969893,12.892803453248161,6.681273034450962
2023092402_1078_53469,53469,SPLIT_DEEP,False,6.6676922834385906,Richie Grant,11.92605429419666,-5.25836201075807,12.097124604782634,-5.429432321344043
2023092402_1123_46123,46123,SPLIT_DEEP,True,5.6292144047234345,Jessie Bates,4.437274750413424,1.1919396543100103,3.872824319979573,1.7563900847438614
2023092402_1200_53469,53469,SINGLE_HIGH,False,7.438512725609574,Richie Grant,15.028676532273966,-7.590163806664392,14.642758540607566,-7.204245814997992
2023092402_1316_53530,53530,SINGLE_HIGH,False,14.435819266537967,Ifeatu Melifonwu,11.222464392668742,3.213354873869225,11.40799204811152,3.027827218426447
2023092402_1418_52542,52542,SPLIT_DEEP,False,3.663841482814732,Jaylinn Hawkins,1.1177370267274338,2.5461044560872983,0.6082944362165126,3.0555470465982193
2023092402_1515_46123,46123,SINGLE_HIGH,True,8.825665424781768,Jessie Bates,7.017832081126723,1.8078333436550444,5.911300255695058,2.91436516908671
2023092402_1909_53469,53469,SPLIT_DEEP,False,2.562139154669044,Richie Grant,4.827403140670837,-2.265263986001793,3.8164263152853444,-1.2542871606163004
2023092402_2634_46123,46123,SPLIT_DEEP,True,2.9442170012523903,Jessie Bates,2.0440206810653945,0.9001963201869958,2.11263729804158,0.8315797032108101
2023092402_2793_46151,46151,SPLIT_DEEP,False,1.8718349831404604,Tracy Walker III,1.1946335693193857,0.6772014138210747,0.7969254026936596,1.0749095804468007
2023092402_2819_46151,46151,SPLIT_DEEP,False,0.3990230459621493,Tracy Walker III,1.3280821667801852,-0.9290591208180359,1.9168372194293806,-1.5178141734672312
2023092402_2819_53530,53530,SPLIT_DEEP,False,5.482436520575405,Ifeatu Melifonwu,1.3751558163429747,4.10728070423243,0.8232111411424157,4.659225379432989
2023092402_3058_46151,46151,SPLIT_DEEP,False,10.63240328111021,Tracy Walker III,5.177861886386268,5.454541394723942,6.2217823668019205,4.41062091430829
2023092402_3211_52542,52542,SINGLE_HIGH,False,-0.3852617019162281,Jaylinn Hawkins,1.6597085109227978,-2.0449702128390257,2.8275493116170045,-3.2128110135332326
2023092402_3657_46151,46151,SPLIT_DEEP,False,1.804585846183027,Tracy Walker III,3.1855541072577314,-1.3809682610747043,2.742096725216701,-0.9375108790336739
2023092402_3657_53530,53530,SPLIT_DEEP,False,5.668245656393283,Ifeatu Melifonwu,3.0847100068653703,2.5835356495279123,2.9157792222782417,2.752466434115041
2023092402_3686_46151,46151,SPLIT_DEEP,False,0.536841935831526,Tracy Walker III,2.0272682703098583,-1.4904263344783324,1.1773154261272456,-0.6404734902957196
2023092402_3908_53530,53530,SPLIT_DEEP,False,1.275066195285845,Ifeatu Melifonwu,2.225864445433907,-0.9507982501480621,1.5380521920837351,-0.26298599679789003
2023092402_4336_46151,46151,SPLIT_DEEP,False,2.3576667958356143,Tracy Walker III,0.6937203125785286,1.6639464832570856,0.3974707979683192,1.9601959978672951
2023092403_250_40017,40017,SPLIT_DEEP,True,3.3082909239692295,Tyrann Mathieu,2.2004704898130036,1.1078204341562259,0.8763015234942557,2.431989400474974
2023092403_673_40017,40017,SINGLE_HIGH,True,13.333372233958343,Tyrann Mathieu,14.119626353074759,-0.7862541191164159,12.149813922701645,1.1835583112566983
2023092403_1214_56011,56011,SPLIT_DEEP,False,4.046278426193598,Jordan Howden,1.3503346661303828,2.695943760063215,1.333824474314417,2.712453951879181
2023092403_1237_56011,56011,SPLIT_DEEP,False,8.296468381655773,Jordan Howden,2.762609015231393,5.53385936642438,2.2294937091035267,6.066974672552246
2023092403_1409_56011,56011,SINGLE_HIGH,False,18.242511494248273,Jordan Howden,17.147090747643954,1.0954207466043187,16.289726975276604,1.9527845189716686
2023092403_1598_40017,40017,SPLIT_DEEP,True,8.277820489953836,Tyrann Mathieu,9.58547691118897,-1.3076564212351336,9.591534465560638,-1.3137139756068024
2023092403_1704_45021,45021,SINGLE_HIGH,False,24.363260764938605,Rudy Ford,22.92078949166996,1.4424712732686444,17.32650729342182,7.036753471516786
2023092403_1835_47804,47804,SINGLE_HIGH,False,1.72054757270935,Darnell Savage,2.2604424746186744,-0.5398949019093244,1.7538986014501772,-0.03335102874082718
2023092403_1919_47804,47804,SINGLE_HIGH,False,13.263855439902814,Darnell Savage,11.554180084980421,1.7096753549223926,9.541779655345014,3.7220757845578003
2023092403_2220_40017,40017,SPLIT_DEEP,True,5.757881041861719,Tyrann Mathieu,17.4401853957683,-11.68230435390658,14.626060761928787,-8.868179720067069
2023092403_2220_47837,47837,SPLIT_DEEP,False,17.693089235848404,Lonnie Johnson,15.505021683948758,2.188067551899646,15.611597448729793,2.081491787118612
2023092403_2781_56011,56011,SPLIT_DEEP,False,8.291098190741954,Jordan Howden,2.6331601592282734,5.65793803151368,1.7880217990946363,6.503076391647317
2023092403_2905_40017,40017,SPLIT_DEEP,True,20.523008665909792,Tyrann Mathieu,16.62998341427237,3.8930252516374217,15.389674909946145,5.133333755963648
2023092403_2905_56011,56011,SPLIT_DEEP,False,17.540782554117385,Jordan Howden,12.652498291278844,4.888284262838541,14.453348891063914,3.0874336630534707
2023092403_3198_56011,56011,SPLIT_DEEP,False,3.2474240242023455,Jordan Howden,5.522185945503239,-2.274761921300893,4.7751473982275785,-1.527723374025233
2023092403_3228_40017,40017,SPLIT_DEEP,True,0.7315167661877986,Tyrann Mathieu,0.7215345253201185,0.00998224086768007,1.6170450888054884,-0.8855283226176898
2023092403_3275_40017,40017,SINGLE_HIGH,True,12.585182091023231,Tyrann Mathieu,9.97468060330955,2.610501487713682,9.80078912588635,2.784392965136881
2023092403_3310_40017,40017,SPLIT_DEEP,True,8.418130123337658,Tyrann Mathieu,9.116907737663162,-0.698777614325504,7.266834609630302,1.151295513707356
2023092403_3383_45021,45021,SPLIT_DEEP,False,-0.3170953491404766,Rudy Ford,1.3016789183553186,-1.6187742674957952,1.329593493915663,-1.6466888430561397
2023092403_3466_45021,45021,SPLIT_DEEP,False,0.9954797444751372,Rudy Ford,0.7846210330249354,0.21085871145020185,2.0978564677216793,-1.1023767232465422
2023092403_3491_47804,47804,SINGLE_HIGH,False,11.947063640307068,Darnell Savage,8.2723669260584,3.674696714248668,7.454936138702851,4.492127501604217
2023092403_3666_56011,56011,SPLIT_DEEP,False,-0.9649655399191808,Jordan Howden,1.1213401674112902,-2.086305707330471,1.5477873438335088,-2.5127528837526896
2023092403_3824_47804,47804,SPLIT_DEEP,False,2.641950430272914,Darnell Savage,1.7998491539215316,0.8421012763513827,0.9611084193753854,1.6808420108975288
2023092403_4078_56011,56011,SINGLE_HIGH,False,5.317877586640522,Jordan Howden,9.745176339314346,-4.427298752673824,7.139568319869516,-1.8216907332289942
2023092403_4103_40017,40017,SPLIT_DEEP,True,2.0183632463708756,Tyrann Mathieu,1.9567479693100536,0.06161527706082204,1.2016351703656625,0.8167280760052131
2023092404_1478_41256,41256,SPLIT_DEEP,False,1.5727137630776973,Jimmie Ward,1.3827735148267675,0.1899402482509298,2.451646071722065,-0.8789323086443677
2023092404_1677_53494,53494,SINGLE_HIGH,True,3.8184825429589937,Andre Cisco,1.5782020568827841,2.2402804860762098,1.6631099702667216,2.155372572692272
2023092404_1970_43395,43395,SPLIT_DEEP,False,-1.6411870576762082,Eric Murray,2.0886652938101737,-3.729852351486382,0.6279734312224967,-2.269160488898705
2023092404_2110_53494,53494,SINGLE_HIGH,True,17.462804368682978,Andre Cisco,16.909011730351377,0.5537926383316005,15.369221214327922,2.0935831543550556
2023092404_2178_44926,44926,SPLIT_DEEP,True,0.4129829930257527,Rayshawn Jenkins,1.8075519683962904,-1.3945689753705377,0.7526655338409007,-0.33968254081514804
2023092404_2744_44926,44926,SPLIT_DEEP,True,3.3876574365426055,Rayshawn Jenkins,1.3134757652644022,2.074181671278203,1.4447454368943111,1.9429119996482944
2023092404_2744_53494,53494,SPLIT_DEEP,True,-1.3844288889381673,Andre Cisco,1.9635604686736754,-3.3479893576118425,0.6026499833257599,-1.9870788722639272
2023092404_3566_43395,43395,SPLIT_DEEP,False,-2.3590141200380756,Eric Murray,4.759335605375678,-7.118349725413753,3.767991204964817,-6.127005325002893
2023092404_3591_41256,41256,SPLIT_DEEP,False,-1.4929622836183445,Jimmie Ward,-1.631600071537905,0.1386377879195606,0.3283455688723258,-1.8213078524906703
2023092404_3639_43395,43395,SINGLE_HIGH,False,12.84323738950334,Eric Murray,9.596511397483614,3.2467259920197264,8.607479616007726,4.235757773495614
2023092404_3740_53494,53494,SINGLE_HIGH,True,14.387136630062985,Andre Cisco,9.335712917037627,5.051423713025358,9.190619174160343,5.196517455902642
2023092404_3996_41256,41256,SPLIT_DEEP,False,1.334510086716148,Jimmie Ward,0.6551904157889433,0.6793196709272046,0.7384731146251049,0.596036972091043
2023092404_3996_43395,43395,SPLIT_DEEP,False,-2.103715338873842,Eric Murray,0.5072063724899086,-2.610921711363751,2.297490488932742,-4.401205827806584
2023092405_77_54617,54617,SPLIT_DEEP,False,1.382452248548434,Delarrin Turner-Yell,1.3857188419827424,-0.0032665934343083514,1.265296227075119,0.11715602147331516
2023092405_102_35459,35459,SPLIT_DEEP,False,-0.6518129178338459,Kareem Jackson,3.1290151473259606,-3.7808280651598065,3.761970513144578,-4.413783430978424
2023092405_102_54617,54617,SPLIT_DEEP,False,-0.8562543235947349,Delarrin Turner-Yell,2.0913307166500834,-2.9475850402448183,2.137400791224236,-2.9936551148189707
2023092405_210_46259,46259,SINGLE_HIGH,True,14.214431238546531,DeShon Elliott,12.168440423822947,2.0459908147235844,10.861813020894992,3.352618217651539
2023092405_529_46259,46259,SPLIT_DEEP,True,4.013208984239103,DeShon Elliott,0.144361912486484,3.868847071752619,0.8909318811685036,3.1222771030705996
2023092405_838_35459,35459,SPLIT_DEEP,False,1.1123199767045175,Kareem Jackson,1.41227678208366,-0.2999568053791424,2.2193876706021483,-1.1070676938976307
2023092405_838_54617,54617,SPLIT_DEEP,False,-0.7593727814060474,Delarrin Turner-Yell,0.7171080055710795,-1.4764807869771268,1.1219168591729733,-1.8812896405790207
2023092405_1321_46259,46259,SINGLE_HIGH,True,16.17737692271509,DeShon Elliott,10.787196279308063,5.390180643407028,12.847019625099424,3.3303572976156666
2023092405_1640_53465,53465,SPLIT_DEEP,False,7.49199963170512,Jevon Holland,2.582643714775617,4.909355916929503,2.3640117092264017,5.127987922478718
2023092405_1692_46259,46259,SPLIT_DEEP,True,17.650425874935728,DeShon Elliott,13.506382775093744,4.1440430998419835,15.061277403785773,2.5891484711499544
2023092405_1692_53465,53465,SPLIT_DEEP,False,14.270712962441918,Jevon Holland,12.031191891482237,2.2395210709596807,14.824231739764878,-0.5535187773229602
2023092405_1741_35459,35459,SPLIT_DEEP,False,-3.14324029730195,Kareem Jackson,0.6456847246560714,-3.7889250219580215,1.1069485080183608,-4.250188805320311
2023092405_1741_54617,54617,SPLIT_DEEP,False,2.72331833052246,Delarrin Turner-Yell,1.9521490946468065,0.7711692358756534,3.1739847581061387,-0.4506664275836787
2023092405_1798_35459,35459,SPLIT_DEEP,False,1.6336877515051285,Kareem Jackson,1.4951851647045062,0.13850258680062222,2.1716520702782045,-0.537964318773076
2023092405_1798_54617,54617,SPLIT_DEEP,False,-6.573575413203704,Delarrin Turner-Yell,2.4919532896552528,-9.065528702858957,2.749269107949285,-9.32284452115299
2023092405_1828_35459,35459,SPLIT_DEEP,False,2.525946041776871,Kareem Jackson,1.6312669809005194,0.8946790608763517,1.0310559808189073,1.4948900609579638
2023092405_2123_46259,46259,SPLIT_DEEP,True,0.9404769557289684,DeShon Elliott,2.144091954961013,-1.2036149992320446,1.764774184924498,-0.8242972291955296
2023092405_2226_46259,46259,SINGLE_HIGH,True,13.938742564055204,DeShon Elliott,11.2567037471255,2.6820388169297047,11.369085072218068,2.5696574918371358
2023092405_2505_46259,46259,SPLIT_DEEP,True,2.2083219019845135,DeShon Elliott,2.1281825767333618,0.08013932525115175,2.150988568097338,0.05733333388717554
2023092405_2719_35459,35459,SPLIT_DEEP,False,-0.5345039248713128,Kareem Jackson,4.4149873366602055,-4.949491261531518,3.263339937301568,-3.797843862172881
2023092405_2742_35459,35459,SINGLE_HIGH,False,-1.109972092387066,Kareem Jackson,1.5817037935355585,-2.691675885922624,2.423978130145696,-3.533950222532762
2023092405_3003_53465,53465,SPLIT_DEEP,False,3.667974548310017,Jevon Holland,1.7178548034509808,1.9501197448590362,2.2192774024206585,1.4486971458893585
2023092405_3028_46259,46259,SPLIT_DEEP,True,19.690811945147217,DeShon Elliott,14.002308337157492,5.688503607989725,14.25063859166508,5.4401733534821375
2023092405_3028_53465,53465,SPLIT_DEEP,False,1.6675645897025078,Jevon Holland,15.237960314511913,-13.570395724809405,14.111045620639688,-12.44348103093718
2023092405_3259_35459,35459,SPLIT_DEEP,False,2.0261991335634892,Kareem Jackson,0.7907552127411285,1.2354439208223607,2.0204390170244,0.005760116539089033
2023092405_3259_54617,54617,SPLIT_DEEP,False,5.04533174624394,Delarrin Turner-Yell,1.0144471475739643,4.030884598669976,1.2661101276914621,3.7792216185524783
2023092405_3559_52478,52478,SPLIT_DEEP,False,1.8722606089280291,Brandon Jones,1.478293572959171,0.39396703596885807,0.7042268930128994,1.1680337159151297
2023092405_3582_52478,52478,SPLIT_DEEP,False,11.07939211963745,Brandon Jones,5.720902842673192,5.358489276964258,5.4978446994038235,5.581547420233627
2023092405_3916_35459,35459,SPLIT_DEEP,False,12.574907968359604,Kareem Jackson,12.60728827381854,-0.03238030545893622,13.565409784811742,-0.990501816452138
2023092405_3916_54617,54617,SPLIT_DEEP,False,1.6457223113997372,Delarrin Turner-Yell,11.255511984052017,-9.60978967265228,13.702140836636204,-12.056418525236467
2023092405_4180_46501,46501,SPLIT_DEEP,False,22.946681641501087,Elijah Campbell,12.232264121087113,10.714417520413974,14.242814142926871,8.703867498574215
2023092405_4180_52478,52478,SPLIT_DEEP,False,16.02231806312346,Brandon Jones,15.660287173591092,0.3620308895323685,14.534582341237702,1.487735721885759
2023092406_320_52594,52594,SINGLE_HIGH,True,3.756874432701096,Alohi Gilman,3.754518674185052,0.002355758516044304,1.22340919269445,2.533465240006646
2023092406_597_52613,52613,SINGLE_HIGH,False,0.1673215868012887,Josh Metellus,1.5384612271628226,-1.371139640361534,1.6055290195022085,-1.4382074327009198
2023092406_1240_52594,52594,SINGLE_HIGH,True,10.270504898043455,Alohi Gilman,5.990389698343932,4.280115199699523,4.883924640963254,5.386580257080201
2023092406_1663_52594,52594,SPLIT_DEEP,True,12.320050300971127,Alohi Gilman,6.74216657014297,5.577883730828157,6.096400777864252,6.223649523106875
2023092406_2019_38559,38559,SINGLE_HIGH,False,0.5047190040454694,Harrison Smith,1.4213568487103878,-0.9166378446649184,1.428389002653116,-0.9236699986076466
2023092406_2489_52594,52594,SINGLE_HIGH,True,10.216134885528554,Alohi Gilman,3.107705858675488,7.108429026853066,2.875483198149543,7.340651687379011
2023092406_3018_54669,54669,SINGLE_HIGH,False,2.8699701618598894,Theo Jackson,2.8414673924400935,0.028502769419795904,3.5402875832666947,-0.6703174214068053
2023092406_3112_46086,46086,SPLIT_DEEP,True,-1.8225396774890772,Derwin James,1.653047983730666,-3.475587661219743,1.4113092770742455,-3.2338489545633227
2023092406_3112_52594,52594,SPLIT_DEEP,True,2.3748318096744914,Alohi Gilman,1.0531265091828088,1.3217053004916826,1.85543093264896,0.5194008770255314
2023092406_3273_52594,52594,SINGLE_HIGH,True,7.221660807107053,Alohi Gilman,14.452134269635224,-7.23047346252817,12.936156982561261,-5.714496175454208
2023092406_4004_53554,53554,SINGLE_HIGH,True,-8.35889993679895,Camryn Bynum,5.4937430250890325,-13.852642961887984,4.294630500708302,-12.653530437507253
2023092406_4029_53554,53554,SPLIT_DEEP,True,13.766817307247267,Camryn Bynum,13.674489986655233,0.09232732059203386,14.429014521809332,-0.6621972145620649
2023092406_4134_52594,52594,SINGLE_HIGH,True,4.603420429745382,Alohi Gilman,4.126741527520973,0.47667890222440956,3.2454303657551575,1.3579900639902247
2023092406_4690_52594,52594,SINGLE_HIGH,True,3.742140038371731,Alohi Gilman,0.7110274638566365,3.0311125745150944,0.896048791151113,2.846091247220618
2023092407_243_42485,42485,SINGLE_HIGH,False,0.7194044993352939,Adrian Amos,1.3615339043588495,-0.6421294050235555,1.7952460564677093,-1.0758415571324154
2023092407_872_46186,46186,SINGLE_HIGH,False,2.669895278278566,Jordan Whitehead,1.551126822083583,1.1187684561949829,1.4414341733926683,1.2284611048858975
2023092407_1215_42485,42485,SINGLE_HIGH,False,1.7524807700328005,Adrian Amos,5.699994225659189,-3.947513455626389,6.056728853260823,-4.304248083228023
2023092407_1836_46186,46186,SPLIT_DEEP,False,1.7812358316531482,Jordan Whitehead,0.16177696493912241,1.6194588667140257,0.8047342905684758,0.9765015410846725
2023092407_1881_46186,46186,SPLIT_DEEP,False,6.102362849235475,Jordan Whitehead,1.594183071091916,4.508179778143559,1.9237233653004004,4.178639483935075
2023092407_1933_42485,42485,SINGLE_HIGH,False,16.935343364600854,Adrian Amos,18.17937261609677,-1.2440292514959168,15.606454141738759,1.3288892228620952
2023092407_2250_42485,42485,SPLIT_DEEP,False,8.187734494579193,Adrian Amos,6.667864987302646,1.519869507276547,5.883687595969239,2.304046898609953
2023092407_2250_46186,46186,SPLIT_DEEP,False,7.733928774922932,Jordan Whitehead,4.694633084017867,3.039295690905065,7.470774903505274,0.263153871417658
2023092407_2687_52445,52445,SPLIT_DEEP,False,4.218403491896073,Kyle Dugger,1.3483051332731186,2.870098358622954,0.5769064753692277,3.641497016526845
2023092407_2811_46186,46186,SPLIT_DEEP,False,-4.0554169646523786,Jordan Whitehead,1.7437971182597556,-5.799214082912134,0.5276084598841173,-4.583025424536496
2023092407_3312_44837,44837,SINGLE_HIGH,False,1.8343880323008657,Jabrill Peppers,1.629196557977581,0.20519147432328477,1.235619191506892,0.5987688407939737
2023092407_3446_52445,52445,SINGLE_HIGH,False,6.349496108301824,Kyle Dugger,2.5432751618400524,3.8062209464617713,2.7321109910685166,3.617385117233307
2023092407_4111_44837,44837,SINGLE_HIGH,False,5.997430072510664,Jabrill Peppers,4.55707533168316,1.4403547408275035,4.76802036827035,1.2294097042403136
2023092407_4134_44837,44837,SINGLE_HIGH,False,10.662955197136776,Jabrill Peppers,7.230436621392686,3.4325185757440906,6.260325055269046,4.40263014186773
2023092407_4288_42116,42116,SPLIT_DEEP,False,5.646002595895914,Adrian Phillips,1.2108690214114706,4.435133574484444,2.101532603735107,3.544469992160807
2023092407_4288_44837,44837,SPLIT_DEEP,False,4.142972302491282,Jabrill Peppers,1.211747025733239,2.931225276758043,1.8172844302465148,2.3256878722447674
2023092408_171_53592,53592,SINGLE_HIGH,False,9.6888544216124,Darrick Forrest,11.165154607978195,-1.4763001863657959,10.671099764804737,-0.9822453431923375
2023092408_232_53592,53592,SPLIT_DEEP,False,7.336209284652645,Darrick Forrest,1.1178802600256912,6.218329024626954,1.652791609271624,5.683417675381021
2023092408_232_54578,54578,SPLIT_DEEP,True,5.983554922482366,Percy Butler,2.3835002636036107,3.600054658878755,1.869782174282963,4.113772748199403
2023092408_449_40107,40107,SINGLE_HIGH,True,-2.669127231167458,Micah Hyde,2.078229135784328,-4.747356366951786,3.595721984889554,-6.264849216057012
2023092408_514_40107,40107,SPLIT_DEEP,True,-3.504484153903337,Micah Hyde,1.1580219319282696,-4.662506085831606,0.7745580427992476,-4.2790421967025845
2023092408_514_40166,40166,SPLIT_DEEP,False,-3.1802500107743796,Jordan Poyer,1.7855428372100786,-4.965792847984458,2.2920736610426946,-5.472323671817074
2023092408_668_54578,54578,SINGLE_HIGH,True,0.7497254014823604,Percy Butler,-1.976882186167257,2.7266075876496174,1.261603264160291,-0.5118778626779306
2023092408_840_53592,53592,SINGLE_HIGH,False,15.31132569560185,Darrick Forrest,10.001581147299575,5.309744548302275,7.597035593736626,7.714290101865224
2023092408_911_40107,40107,SINGLE_HIGH,True,14.18609063217524,Micah Hyde,12.952075573210847,1.2340150589643937,13.048905048658273,1.1371855835169669
2023092408_990_40107,40107,SPLIT_DEEP,True,5.613092040900639,Micah Hyde,1.4746848965825186,4.138407144318121,1.6121888999764646,4.000903140924175
2023092408_1338_54578,54578,SINGLE_HIGH,True,5.366793969947844,Percy Butler,10.356273224131693,-4.989479254183848,7.96528496889542,-2.598490998947576
2023092408_1368_54578,54578,SPLIT_DEEP,True,-4.387170472546835,Percy Butler,0.6682409123898664,-5.0554113849367015,1.715686815772445,-6.10285728831928
2023092408_1574_52624,52624,SPLIT_DEEP,False,2.194139248027998,Kam Curl,2.4442292903850866,-0.25009004235708865,1.2325190174259273,0.9616202306020707
2023092408_1826_53592,53592,SINGLE_HIGH,False,15.1432560489768,Darrick Forrest,12.667760898191348,2.475495150785452,12.106720488649945,3.036535560326856
2023092408_2043_40107,40107,SINGLE_HIGH,True,1.752482950802608,Micah Hyde,1.5800287882336248,0.17245416256898327,0.8479118432275161,0.904571107575092
2023092408_2100_40166,40166,SINGLE_HIGH,False,2.560306770764076,Jordan Poyer,1.624476269404823,0.9358305013592529,1.2168323280943252,1.3434744426697507
2023092408_2177_40107,40107,SPLIT_DEEP,True,1.8270247005863112,Micah Hyde,1.9373362363982811,-0.11031153581196995,1.6546877527609603,0.17233694782535092
2023092408_2295_53592,53592,SINGLE_HIGH,False,5.450263330637016,Darrick Forrest,7.105432533234774,-1.655169202597758,5.483772050994462,-0.03350872035744601
2023092408_2376_53592,53592,SINGLE_HIGH,False,0.6338726453336303,Darrick Forrest,0.4249027596601483,0.20896988567348201,1.7889402557323493,-1.155067610398719
2023092408_2709_54578,54578,SPLIT_DEEP,True,-5.154385017083708,Percy Butler,0.9397540832421835,-6.094139100325892,1.3409295743571246,-6.495314591440833
2023092408_3600_47844,47844,SPLIT_DEEP,False,8.851310044901497,Taylor Rapp,4.728124519584014,4.123185525317483,5.123701407657697,3.7276086372438
2023092409_173_42543,42543,SPLIT_DEEP,True,3.727403303543854,Quandre Diggs,1.8928730727984455,1.8345302307454083,1.7208802810489114,2.0065230224949424
2023092409_196_42543,42543,SINGLE_HIGH,True,9.250174782112904,Quandre Diggs,4.438070078897135,4.812104703215769,4.933040114648824,4.31713466746408
2023092409_570_43350,43350,SPLIT_DEEP,False,-1.343019453339025,Vonn Bell,2.4508655347203128,-3.7938849880593377,2.4451774269838413,-3.7881968803228663
2023092409_570_45004,45004,SPLIT_DEEP,False,6.603537748196336,Xavier Woods,1.8055121817031026,4.798025566493234,2.57873535193562,4.024802396260716
2023092409_697_43350,43350,SPLIT_DEEP,False,17.2054910633904,Vonn Bell,12.67904368602352,4.52644737736688,14.000051889830601,3.2054391735597996
2023092409_1390_52939,52939,SPLIT_DEEP,False,9.10612584540146,Sam Franklin Jr.,7.844561048950313,1.2615647964511467,6.858506316091418,2.2476195293100414
2023092409_1479_42543,42543,SINGLE_HIGH,True,0.9850342089326674,Quandre Diggs,10.089503048030064,-9.104468839097397,8.85771110216822,-7.872676893235553
2023092409_1713_42543,42543,SPLIT_DEEP,True,7.176883687334005,Quandre Diggs,8.097448569442593,-0.9205648821085877,8.570734014972299,-1.3938503276382939
2023092409_1713_47891,47891,SPLIT_DEEP,True,13.21409962980707,Julian Love,7.684114845506714,5.529984784300356,8.789297835645634,4.424801794161436
2023092409_1770_43350,43350,SPLIT_DEEP,False,15.036159410567883,Vonn Bell,9.58804139719503,5.448118013372854,10.029608537780222,5.0065508727876615
2023092409_1770_52939,52939,SPLIT_DEEP,False,12.242201541923112,Sam Franklin Jr.,10.457209243066593,1.784992298856519,10.140598658007411,2.1016028839157013
2023092409_1824_43350,43350,SPLIT_DEEP,False,2.4224577248657138,Vonn Bell,2.409128076868751,0.013329647996962901,1.2174090969185993,1.2050486279471144
2023092409_1875_47891,47891,SPLIT_DEEP,True,4.9955821067640995,Julian Love,1.7670892282326052,3.2284928785314944,1.445450570184132,3.5501315365799675
2023092409_1922_42543,42543,SPLIT_DEEP,True,5.72155845817764,Quandre Diggs,10.20305581347566,-4.4814973552980195,9.275808935068216,-3.5542504768905765
2023092409_2714_52939,52939,SPLIT_DEEP,False,-3.9398748117466695,Sam Franklin Jr.,4.283765226873947,-8.223640038620616,3.256340979422318,-7.196215791168988
2023092409_3503_42543,42543,SINGLE_HIGH,True,0.8639771665758929,Quandre Diggs,7.630785891016946,-6.766808724441053,8.218753032489133,-7.35477586591324
2023092409_3611_42543,42543,SINGLE_HIGH,True,3.4034665415466643,Quandre Diggs,1.6816628250796275,1.7218037164670368,1.9413026367005894,1.4621639048460748
2023092409_3984_42543,42543,SPLIT_DEEP,True,-2.7457031107226957,Quandre Diggs,1.394739669941008,-4.140442780663704,1.6563447215889227,-4.402047832311618
2023092409_4081_42543,42543,SPLIT_DEEP,True,8.526062552974269,Quandre Diggs,14.40646152339825,-5.880398970423981,14.081806003379237,-5.555743450404968
2023092409_4182_42543,42543,SPLIT_DEEP,True,3.5984900735963663,Quandre Diggs,1.4727109826253035,2.1257790909710628,2.937607795162691,0.6608822784336752
2023092409_4182_47891,47891,SPLIT_DEEP,True,-5.300814150941625,Julian Love,0.7871779012114973,-6.087992052153123,0.6056576670210116,-5.906471817962637
2023092409_4826_44865,44865,SPLIT_DEEP,False,3.715893908449937,Teez Tabor,2.1653841670104006,1.5505097414395363,1.3411822616340192,2.3747116468159177
2023092409_4968_44865,44865,SINGLE_HIGH,False,3.0177591753387594,Teez Tabor,1.0886648780560038,1.9290942972827556,2.0680364733136116,0.9497227020251477
2023092410_374_43533,43533,SINGLE_HIGH,False,1.842677753976634,Jayron Kearse,4.6671157550707285,-2.8244380010940944,3.51405659753351,-1.671378843556876
2023092410_1603_49410,49410,SINGLE_HIGH,False,11.089853369157709,Jalen Thompson,10.481022497630294,0.6088308715274149,10.037016657916759,1.0528367112409498
2023092410_1912_44827,44827,SINGLE_HIGH,True,2.210929664237799,Malik Hooker,5.32533360257603,-3.1144039383382305,4.42669283763267,-2.215763173394871
2023092410_2402_44827,44827,SINGLE_HIGH,True,16.381296564402877,Malik Hooker,13.712801501231866,2.6684950631710116,14.39812348837738,1.9831730760254977
2023092410_2672_46807,46807,SINGLE_HIGH,False,16.41626780719661,Andre Chachere,13.624538833520553,2.791728973676058,12.571938373685274,3.844329433511337
2023092410_3367_44827,44827,SINGLE_HIGH,True,10.280403132757415,Malik Hooker,8.61229012915687,1.6681130036005456,8.19530767066054,2.0850954620968754
2023092410_3860_44827,44827,SINGLE_HIGH,True,9.779314159268992,Malik Hooker,8.297203245495725,1.4821109137732673,8.373873989683087,1.405440169585905
2023092411_195_54719,54719,SPLIT_DEEP,False,0.221253278239466,Elijah Hicks,3.0205764196011495,-2.7993231413616835,1.9540317346870388,-1.7327784564475728
2023092411_401_54719,54719,SINGLE_HIGH,False,-0.2896119797372805,Elijah Hicks,1.786408541665778,-2.0760205214030583,1.9651732248292237,-2.254785204566504
2023092411_901_54719,54719,SINGLE_HIGH,False,5.044891519171026,Elijah Hicks,1.953530553044295,3.091360966126731,3.545805240867704,1.4990862783033219
2023092411_1474_54719,54719,SPLIT_DEEP,False,12.303348034916162,Elijah Hicks,9.750776553032416,2.5525714818837457,8.29709139152141,4.006256643394751
2023092411_1760_54719,54719,SPLIT_DEEP,False,4.701560556599036,Elijah Hicks,5.162264086761361,-0.46070353016232524,5.356264120020484,-0.6547035634214478
2023092411_1837_54527,54527,SPLIT_DEEP,False,14.691070729209963,Bryan Cook,12.179616188560265,2.511454540649698,11.882116874080552,2.8089538551294115
2023092411_2043_54527,54527,SPLIT_DEEP,False,9.805916596024622,Bryan Cook,10.723355521376359,-0.9174389253517372,12.470437420147181,-2.66452082412256
2023092411_2208_54719,54719,SPLIT_DEEP,False,-0.625264321398685,Elijah Hicks,0.5634886326870537,-1.1887529540857389,1.7043539264857799,-2.329618247884465
2023092411_2494_54719,54719,SPLIT_DEEP,False,4.095484001736644,Elijah Hicks,9.470441489464923,-5.374957487728279,8.189564577115144,-4.0940805753785
2023092411_2494_56141,56141,SPLIT_DEEP,False,7.765377622593408,Quindell Johnson,8.126066846728687,-0.36068922413527904,6.585286833244206,1.1800907893492019
2023092411_2863_54527,54527,SINGLE_HIGH,False,19.267278511028035,Bryan Cook,13.276576489124427,5.9907020219036085,12.601125258229796,6.666153252798239
2023092411_3515_54719,54719,SPLIT_DEEP,False,-1.0237384845531494,Elijah Hicks,1.0309228957250935,-2.054661380278243,2.1310502120098835,-3.154788696563033
2023092411_3742_54527,54527,SINGLE_HIGH,False,11.543291049652211,Bryan Cook,11.517359085124951,0.025931964527259765,10.460754348643901,1.0825367010083102
2023092412_195_44962,44962,SPLIT_DEEP,True,2.8483234600753793,Damontae Kazee,4.269886172330802,-1.4215627122554224,3.594050384086061,-0.7457269240106816
2023092412_545_44962,44962,SPLIT_DEEP,True,2.605577721134258,Damontae Kazee,2.119278706976502,0.4862990141577561,0.8730110362724819,1.732566684861776
2023092412_592_46080,46080,SINGLE_HIGH,False,-6.624472109924515,Minkah Fitzpatrick,11.20622903056148,-17.830701140485992,11.355529941364495,-17.98000205128901
2023092412_703_47974,47974,SINGLE_HIGH,True,12.480627061103696,Marcus Epps,11.484682229256109,0.9959448318475879,13.263613545996186,-0.7829864848924899
2023092412_792_44962,44962,SPLIT_DEEP,True,4.240710455016241,Damontae Kazee,1.7658616165499814,2.4748488384662592,1.4856906899289868,2.755019765087254
2023092412_792_46080,46080,SPLIT_DEEP,False,2.498772050408403,Minkah Fitzpatrick,2.413324217922121,0.08544783248628196,1.0217333544619098,1.4770386959464932
2023092412_817_46080,46080,SPLIT_DEEP,False,9.140144065887313,Minkah Fitzpatrick,7.524070199865324,1.6160738660219884,7.466535397343496,1.6736086685438165
2023092412_1175_44962,44962,SPLIT_DEEP,True,-4.201536570969266,Damontae Kazee,1.0196770259429415,-5.221213596912207,1.5398344003701947,-5.74137097133946
2023092412_1200_43306,43306,SINGLE_HIGH,False,11.77929799589024,Keanu Neal,14.591471397007686,-2.8121734011174464,13.169967684172683,-1.3906696882824434
2023092412_1234_44962,44962,SPLIT_DEEP,True,0.2536784618834069,Damontae Kazee,0.8178449129338788,-0.5641664510504719,1.5772424935360334,-1.3235640316526265
2023092412_1234_46080,46080,SPLIT_DEEP,False,-0.2419195979266728,Minkah Fitzpatrick,0.8875124192923118,-1.1294320172189847,1.425199979305722,-1.6671195772323948
2023092412_1512_46080,46080,SPLIT_DEEP,False,11.359974861725162,Minkah Fitzpatrick,10.324869150615775,1.0351057111093862,9.032208172742637,2.327766688982525
2023092412_1658_53472,53472,SPLIT_DEEP,True,2.3735469330807373,Tre'von Moehrig,1.2224681646310243,1.151078768449713,2.8102750843783335,-0.43672815129759623
2023092412_1737_47974,47974,SINGLE_HIGH,True,1.276444757317906,Marcus Epps,1.5836490932573244,-0.3072043359394183,2.480002570688584,-1.2035578133706781
2023092412_2164_44962,44962,SINGLE_HIGH,True,2.7840487143556487,Damontae Kazee,2.89707272834692,-0.11302401399127149,4.05042176525843,-1.2663730509027813
2023092412_2187_44962,44962,SINGLE_HIGH,True,0.2733436281696475,Damontae Kazee,-0.890216548089381,1.1635601762590286,2.1612328128584544,-1.8878891846888068
2023092412_2210_46080,46080,SPLIT_DEEP,False,1.6994099492199428,Minkah Fitzpatrick,2.0546944764812425,-0.35528452726129967,0.8633453852657471,0.8360645639541957
2023092412_2301_53472,53472,SINGLE_HIGH,True,11.983288421185405,Tre'von Moehrig,5.950705705388714,6.032582715796691,5.763683298113044,6.219605123072361
2023092412_2576_44962,44962,SPLIT_DEEP,True,11.383869723455549,Damontae Kazee,9.688088764539566,1.6957809589159822,9.742324933297954,1.6415447901575941
2023092412_2576_46080,46080,SPLIT_DEEP,False,2.6550893206114665,Minkah Fitzpatrick,12.435493337908108,-9.780404017296641,11.83997345122231,-9.184884130610843
2023092412_2682_47974,47974,SPLIT_DEEP,True,2.3923599380342875,Marcus Epps,1.078789513490009,1.3135704245442785,2.1546978400622088,0.2376620979720787
2023092412_2818_46080,46080,SPLIT_DEEP,False,0.2040407562595563,Minkah Fitzpatrick,0.015780894402505973,0.18825986185705035,0.7207981756985387,-0.5167574194389823
2023092412_3099_46080,46080,SPLIT_DEEP,False,11.491948836698237,Minkah Fitzpatrick,4.485903192850082,7.006045643848155,3.515875918441134,7.976072918257103
2023092412_3255_44962,44962,SPLIT_DEEP,True,-3.781297286200118,Damontae Kazee,1.5417560095908005,-5.323053295790919,2.1348491281637827,-5.916146414363901
2023092412_3255_46080,46080,SPLIT_DEEP,False,-4.833358493299571,Minkah Fitzpatrick,3.036934027491364,-7.870292520790935,3.888137204297399,-8.72149569759697
2023092412_3698_47974,47974,SPLIT_DEEP,True,-1.9985298610858813,Marcus Epps,1.072021116487339,-3.0705509775732205,1.0326640951978083,-3.0311939562836896
2023092412_3698_53472,53472,SPLIT_DEEP,True,-1.3613318935036285,Tre'von Moehrig,2.208191925385052,-3.5695238188886806,2.7147492533193853,-4.076081146823014
2023092412_4098_47974,47974,SPLIT_DEEP,True,2.390172115694324,Marcus Epps,1.4868974889800084,0.9032746267143157,1.587357461818689,0.8028146538756351
2023092500_135_44862,44862,SPLIT_DEEP,False,-14.2776679058319,Justin Evans,11.011476476674243,-25.289144382506144,10.904071588025138,-25.181739493857037
2023092500_180_44862,44862,SPLIT_DEEP,False,4.224605120141215,Justin Evans,4.828046851155058,-0.6034417310138434,4.104187012711018,0.1204181074301971
2023092500_288_46711,46711,SPLIT_DEEP,False,4.194410990781067,Ryan Neal,2.0168517215105672,2.1775592692705,2.1774342834232296,2.0169767073578377
2023092500_288_52453,52453,SPLIT_DEEP,True,2.72585896385549,Antoine Winfield Jr.,0.7612107563888642,1.964648207466626,0.7783333748629762,1.947525588992514
2023092500_418_46097,46097,SPLIT_DEEP,False,1.5881652890363025,Terrell Edmunds,1.5647396334116455,0.023425655624657038,1.7952875421887509,-0.20712225315244837
2023092500_418_54808,54808,SPLIT_DEEP,True,6.3220301728973745,Reed Blankenship,1.7919994513226132,4.530030721574761,0.9558410487728963,5.366189124124478
2023092500_651_46711,46711,SINGLE_HIGH,False,-0.8908515056897244,Ryan Neal,0.7928273001711,-1.6836788058608243,1.6226405400628305,-2.513492045752555
2023092500_861_54808,54808,SPLIT_DEEP,True,7.330412739049267,Reed Blankenship,3.700644604738149,3.629768134311118,5.236702678572289,2.093710060476978
2023092500_1155_54808,54808,SPLIT_DEEP,True,1.356499551634499,Reed Blankenship,2.3437862300576704,-0.9872866784231713,1.0670385745274586,0.28946097710704044
2023092500_1384_46097,46097,SPLIT_DEEP,False,8.393689449700284,Terrell Edmunds,6.67056678848096,1.7231226612193247,6.306033642935269,2.0876558067650155
2023092500_1558_46711,46711,SPLIT_DEEP,False,8.777076879402049,Ryan Neal,7.6954643612974865,1.0816125181045626,7.9704808852192075,0.8065959941828416
2023092500_1654_46711,46711,SINGLE_HIGH,False,2.388663795173916,Ryan Neal,2.903256064720047,-0.5145922695461311,4.656840694880035,-2.2681768997061194
2023092500_2658_54808,54808,SPLIT_DEEP,True,4.900095024594295,Reed Blankenship,1.4621566193330588,3.437938405261236,0.8553000233095212,4.044795001284774
2023092500_2728_46097,46097,SPLIT_DEEP,False,23.715873124339396,Terrell Edmunds,21.14967394878023,2.5661991755591664,16.821347302542613,6.894525821796783
2023092500_2896_52453,52453,SINGLE_HIGH,True,21.61651089205724,Antoine Winfield Jr.,18.024296613462,3.5922142785952396,16.43986322536037,5.176647666696869
2023092500_3272_54808,54808,SPLIT_DEEP,True,4.028065244427153,Reed Blankenship,1.9687436022759783,2.0593216421511746,2.349873661079706,1.6781915833474468
2023092500_3307_46097,46097,SPLIT_DEEP,False,1.4472923579899817,Terrell Edmunds,1.5812550375621337,-0.13396267957215202,2.8724595512660187,-1.425167193276037
2023092500_3307_54808,54808,SPLIT_DEEP,True,5.111109490744961,Reed Blankenship,1.7213716840758504,3.3897378066691104,1.12884225669168,3.982267234053281
2023092500_3696_52453,52453,SINGLE_HIGH,True,17.90132311287322,Antoine Winfield Jr.,14.561532959550622,3.3397901533225998,14.426436336883858,3.474886775989363
2023092501_547_54718,54718,SPLIT_DEEP,True,4.688163416798634,Russ Yeast,1.1038216024604053,3.584341814338229,1.0233023777179842,3.66486103908065
2023092501_1210_48026,48026,SINGLE_HIGH,False,0.1793526998622994,Nick Scott,1.706997376281576,-1.5276446764192766,2.3044490942331706,-2.125096394370871
2023092501_1398_54718,54718,SPLIT_DEEP,True,2.0017165493991005,Russ Yeast,2.023176802568,-0.021460253168899435,1.1981554818525009,0.8035610675465996
2023092501_1421_54718,54718,SPLIT_DEEP,True,4.157798460229779,Russ Yeast,2.2679910734677304,1.8898073867620488,2.815478258059721,1.3423202021700584
2023092501_1494_54718,54718,SPLIT_DEEP,True,-0.892007221207435,Russ Yeast,1.5434283582084176,-2.4354355794158526,0.9802108431417453,-1.8722180643491804
2023092501_1684_52607,52607,SPLIT_DEEP,True,4.070266926116032,Jordan Fuller,1.4991414689222098,2.5711254571938222,0.522663710393811,3.547603215722221
2023092501_1730_52607,52607,SINGLE_HIGH,True,21.20494670741446,Jordan Fuller,17.75980948055946,3.4451372268549996,16.01544392135817,5.189502786056291
2023092501_1916_52607,52607,SPLIT_DEEP,True,8.31657128016896,Jordan Fuller,6.291774976295751,2.0247963038732086,8.808488298913423,-0.4919170187444628
2023092501_1939_52607,52607,SPLIT_DEEP,True,8.909417477975998,Jordan Fuller,3.8689803190730236,5.040437158902974,6.329042868310317,2.5803746096656806
2023092501_2147_52607,52607,SPLIT_DEEP,True,3.372464893989102,Jordan Fuller,4.0484069138797,-0.6759420198905977,5.182719218204465,-1.8102543242153626
2023092501_2177_52607,52607,SPLIT_DEEP,True,-0.5969438398159381,Jordan Fuller,1.2999894826446876,-1.8969333224606257,1.040170080696047,-1.6371139205119851
2023092501_2202_54718,54718,SPLIT_DEEP,True,5.735488401998593,Russ Yeast,5.1531745882841475,0.5823138137144452,4.5400844766296045,1.1954039253689883
2023092501_2669_52607,52607,SPLIT_DEEP,True,-0.6766770761312184,Jordan Fuller,1.3511403026157436,-2.027817378746962,1.9956059158597963,-2.6722829919910147
2023092501_2745_54718,54718,SPLIT_DEEP,True,1.801410606222214,Russ Yeast,0.4930221586881436,1.3083884475340704,0.5241294766799545,1.2772811295422595
2023092501_2962_52607,52607,SINGLE_HIGH,True,1.23263680630687,Jordan Fuller,0.1595166937288402,1.0731201125780299,1.30218620921187,-0.06954940290499989
2023092501_3026_52607,52607,SPLIT_DEEP,True,10.123843800133624,Jordan Fuller,3.820916698263317,6.302927101870307,4.893804302317969,5.230039497815655
2023092501_3569_52607,52607,SPLIT_DEEP,True,-4.884882491266511,Jordan Fuller,1.2833306400265063,-6.168213131293017,3.367610379140558,-8.25249287040707
2023092501_3848_48026,48026,SINGLE_HIGH,False,10.102399781112847,Nick Scott,13.783990942984993,-3.681591161872145,12.237074573921404,-2.134674792808557
2023092501_3871_48026,48026,SINGLE_HIGH,False,1.206516271010674,Nick Scott,1.6967561421622088,-0.4902398711515348,2.4518089938378385,-1.2452927228271644
2023092501_4153_48026,48026,SINGLE_HIGH,False,17.06280568257049,Nick Scott,13.876914294178048,3.1858913883924433,13.216259399413753,3.846546283156739
2023092800_103_47804,47804,SINGLE_HIGH,False,-1.5358179396516842,Darnell Savage,1.323970697102508,-2.8597886367541925,2.2723645349159627,-3.808182474567647
2023092800_369_45021,45021,SPLIT_DEEP,False,-3.75493907866794,Rudy Ford,1.1732971607333553,-4.928236239401295,1.2355566237315312,-4.990495702399471
2023092800_369_47804,47804,SPLIT_DEEP,False,1.5094683243632767,Darnell Savage,1.8612410766920806,-0.3517727523288039,0.9992022872284689,0.5102660371348078
2023092800_394_45021,45021,SPLIT_DEEP,False,4.035311029879578,Rudy Ford,5.08280557043672,-1.0474945405571416,5.188293355420562,-1.1529823255409841
2023092800_648_47804,47804,SPLIT_DEEP,False,-2.9554437448211885,Darnell Savage,0.6765830851400271,-3.6320268299612155,0.5717912925199276,-3.527235037341116
2023092800_873_46151,46151,SINGLE_HIGH,False,2.0637615586772755,Tracy Walker III,0.7785057416155519,1.2852558170617236,2.8488994225534494,-0.7851378638761739
2023092800_916_47804,47804,SINGLE_HIGH,False,8.696245641084769,Darnell Savage,7.785094797127053,0.9111508439577154,7.006727268608269,1.6895183724765
2023092800_1072_47804,47804,SPLIT_DEEP,False,-0.7705433832652098,Darnell Savage,1.9299841441436227,-2.7005275274088323,2.09657308350128,-2.8671164667664897
2023092800_1446_47804,47804,SPLIT_DEEP,False,-1.799694315542661,Darnell Savage,-0.5890126140310586,-1.2106817015116023,0.400237358706411,-2.199931674249072
2023092800_1841_47804,47804,SPLIT_DEEP,False,4.678082329335271,Darnell Savage,1.0932802872010918,3.584802042134179,1.8059981921235417,2.872084137211729
2023092800_2083_46151,46151,SPLIT_DEEP,False,1.2322414823497088,Tracy Walker III,2.0672058239902116,-0.8349643416405028,3.5770119416676307,-2.344770459317922
2023092800_2300_46151,46151,SPLIT_DEEP,False,-0.8337345052883354,Tracy Walker III,2.266681831131586,-3.1004163364199213,2.1121859760293393,-2.9459204813176747
2023092800_2300_55910,55910,SPLIT_DEEP,False,0.1515258464294984,Brian Branch,0.7980402871301904,-0.646514440700692,2.1221905978813327,-1.9706647514518343
2023092800_2511_46151,46151,SPLIT_DEEP,False,2.225589257625834,Tracy Walker III,0.2996090825904989,1.925980175035335,0.9867639235681658,1.238825334057668
2023092800_2511_53530,53530,SPLIT_DEEP,False,1.8997965698991353,Ifeatu Melifonwu,0.48710068004089113,1.4126958898582442,0.9856847324411131,0.9141118374580222
2023092800_2748_46151,46151,SPLIT_DEEP,False,9.66075648061342,Tracy Walker III,5.633104521289181,4.027651959324239,5.115934375994717,4.544822104618703
2023092800_2748_53530,53530,SPLIT_DEEP,False,-5.709190896925346,Ifeatu Melifonwu,6.881244776687605,-12.590435673612951,6.414772553796488,-12.123963450721835
2023092800_2771_53530,53530,SPLIT_DEEP,False,8.572177800280793,Ifeatu Melifonwu,4.126053581444632,4.446124218836161,5.566542579351261,3.0056352209295314
2023092800_3057_46151,46151,SPLIT_DEEP,False,9.378654647441028,Tracy Walker III,19.293662019756688,-9.91500737231566,16.373840317761413,-6.995185670320385
2023092800_3057_53530,53530,SPLIT_DEEP,False,12.602055713416814,Ifeatu Melifonwu,15.051812176936004,-2.44975646351919,15.43655539690129,-2.834499683484477
2023092800_3325_45021,45021,SPLIT_DEEP,False,8.948180872665832,Rudy Ford,2.5118636928315015,6.43631717983433,2.4448408588054953,6.5033400138603366
2023092800_3643_53530,53530,SPLIT_DEEP,False,-2.67914582097616,Ifeatu Melifonwu,1.2876627231035,-3.96680854407966,1.1809176659930998,-3.86006348696926
2023092800_3791_53530,53530,SPLIT_DEEP,False,1.9518229449888065,Ifeatu Melifonwu,1.50933008197967,0.4424928630091365,1.0015898902482263,0.9502330547405802
2023100100_146_53469,53469,SINGLE_HIGH,False,3.165232580377965,Richie Grant,1.8233383068656552,1.3418942735123096,2.0685211223046895,1.0967114580732753
2023100100_334_53469,53469,SPLIT_DEEP,False,4.085038451997526,Richie Grant,1.710999707694469,2.3740387443030566,1.5936424484874596,2.491396003510066
2023100100_522_46123,46123,SINGLE_HIGH,True,12.949092911617004,Jessie Bates,8.364237382489657,4.584855529127347,11.248787417322646,1.7003054942943585
2023100100_762_46123,46123,SPLIT_DEEP,True,4.250265859344186,Jessie Bates,6.037840979101728,-1.787575119757542,6.561268781068083,-2.3110029217238974
2023100100_762_53469,53469,SPLIT_DEEP,False,5.043979472618531,Richie Grant,5.042059222710537,0.0019202499079939983,4.152924268551276,0.8910552040672552
2023100100_891_56089,56089,SINGLE_HIGH,False,4.880649857110992,DeMarcco Hellams,10.274004768322806,-5.393354911211814,11.203287496904059,-6.322637639793067
2023100100_972_44926,44926,SINGLE_HIGH,True,3.8337134342337857,Rayshawn Jenkins,2.2797806918203496,1.5539327424134362,1.9313268630641343,1.9023865711696515
2023100100_995_44926,44926,SPLIT_DEEP,True,-2.8115905855698946,Rayshawn Jenkins,1.4828790658749642,-4.294469651444858,1.113008767694124,-3.9245993532640187
2023100100_1042_53494,53494,SINGLE_HIGH,True,16.79556123515801,Andre Cisco,16.37086652633397,0.4246947088240418,15.060163316560633,1.7353979185973785
2023100100_1111_46123,46123,SPLIT_DEEP,True,1.5813721163883576,Jessie Bates,1.9170669711616675,-0.33569485477330985,0.9862393381535863,0.5951327782347713
2023100100_1360_53494,53494,SINGLE_HIGH,True,-0.5903000617855305,Andre Cisco,1.2429497319543392,-1.8332497937398697,1.8364833104551757,-2.426783372240706
2023100100_1495_53494,53494,SINGLE_HIGH,True,4.3243245154775085,Andre Cisco,0.6440604384369667,3.6802640770405417,1.3165465034617476,3.007778012015761
2023100100_1748_44926,44926,SPLIT_DEEP,True,1.3664025329044982,Rayshawn Jenkins,12.098515694986492,-10.732113162081994,13.965461186670197,-12.599058653765699
2023100100_1748_53494,53494,SPLIT_DEEP,True,4.651738321572761,Andre Cisco,14.730723863807759,-10.078985542234998,14.4025661885784,-9.750827867005638
2023100100_2161_53494,53494,SINGLE_HIGH,True,12.404035355951253,Andre Cisco,9.486651378959712,2.917383976991541,7.525546680228069,4.878488675723184
2023100100_2676_44926,44926,SPLIT_DEEP,True,7.173974034700706,Rayshawn Jenkins,2.0775976999729955,5.09637633472771,3.1906501280005353,3.9833239067001704
2023100100_2892_53469,53469,SPLIT_DEEP,False,1.5941843859806335,Richie Grant,2.4498361780242637,-0.8556517920436302,1.2168443309471826,0.3773400550334509
2023100100_3392_44926,44926,SPLIT_DEEP,True,-1.827314267391419,Rayshawn Jenkins,0.7137717564949819,-2.541086023886401,1.9882309150601278,-3.8155451824515465
2023100100_3806_44926,44926,SPLIT_DEEP,True,1.8369755956272988,Rayshawn Jenkins,1.8541462385901122,-0.017170642962813343,1.0644212386298992,0.7725543569973996
2023100101_238_52478,52478,SINGLE_HIGH,False,6.72932799421992,Brandon Jones,5.2476004609776,1.4817275332423199,3.8722731084338244,2.857054885786096
2023100101_327_47844,47844,SINGLE_HIGH,False,0.9697952560984272,Taylor Rapp,1.855410735775324,-0.8856154796768968,2.4520619501648495,-1.4822666940664222
2023100101_403_40107,40107,SPLIT_DEEP,True,2.050018924725414,Micah Hyde,1.5685203393172256,0.4814985854081886,1.9935293551751014,0.0564895695503127
2023100101_639_53465,53465,SPLIT_DEEP,False,5.574881943150718,Jevon Holland,1.5649505694799923,4.009931373670725,1.2771948684623284,4.2976870746883895
2023100101_892_47844,47844,SINGLE_HIGH,False,-1.628977179212134,Taylor Rapp,2.0227926512618555,-3.6517698304739894,2.3839280889888546,-4.0129052682009885
2023100101_1066_47844,47844,SPLIT_DEEP,False,0.3083498419321033,Taylor Rapp,0.9663240770101504,-0.6579742350780471,0.6357526241531701,-0.32740278222106683
2023100101_1198_52478,52478,SINGLE_HIGH,False,-1.3090554411102602,Brandon Jones,1.8858648473071604,-3.1949202884174204,2.3341784335712745,-3.6432338746815347
2023100101_2100_53465,53465,SPLIT_DEEP,False,8.790519873365046,Jevon Holland,8.182488101931428,0.6080317714336179,6.5486409097014775,2.2418789636635683
2023100101_2493_40107,40107,SINGLE_HIGH,True,-2.0693791230934,Micah Hyde,2.1913586103711307,-4.260737733464531,3.5064572699111505,-5.5758363930045505
2023100101_2590_40107,40107,SPLIT_DEEP,True,7.619316195913366,Micah Hyde,3.4924141207118407,4.126902075201525,2.438321090229752,5.180995105683614
2023100101_2892_40107,40107,SPLIT_DEEP,True,0.8317379547242307,Micah Hyde,0.23379198805722146,0.5979459666670093,2.7985012961119766,-1.966763341387746
2023100101_2892_47844,47844,SPLIT_DEEP,False,1.1082131301668632,Taylor Rapp,5.662408274128222,-4.554195143961358,5.490799354945768,-4.382586224778905
2023100101_3066_40107,40107,SPLIT_DEEP,True,-0.7409387045980509,Micah Hyde,0.9464965280737975,-1.6874352326718483,1.418815252559634,-2.159753957157685
2023100101_3216_52478,52478,SINGLE_HIGH,False,2.8431357877117343,Brandon Jones,12.95929667201611,-10.116160884304376,12.12307137065649,-9.279935582944756
2023100101_3730_40107,40107,SPLIT_DEEP,True,5.669306872298993,Micah Hyde,4.898163025926448,0.7711438463725448,4.4983194321097315,1.1709874401892613
2023100102_1092_52939,52939,SINGLE_HIGH,False,-2.222808531199818,Sam Franklin Jr.,1.1558455892534867,-3.3786541204533047,1.2641580138050088,-3.486966545004827
2023100102_1237_38559,38559,SINGLE_HIGH,False,1.059225556838762,Harrison Smith,0.8456746959038504,0.2135508609349117,0.8507619006780285,0.2084636561607336
2023100102_1336_53554,53554,SINGLE_HIGH,True,1.4118091156272294,Camryn Bynum,1.1487578419154671,0.2630512737117623,1.7028379231306179,-0.29102880750338844
2023100102_1700_53554,53554,SPLIT_DEEP,True,3.2993526955105343,Camryn Bynum,1.7945431592669585,1.5048095362435758,1.2102755756861416,2.0890771198243927
2023100102_1830_43350,43350,SPLIT_DEEP,False,-0.1545344575508189,Vonn Bell,0.5624140985250146,-0.7169485560758335,0.006890327158584952,-0.16142478470940386
2023100102_1855_43350,43350,SPLIT_DEEP,False,5.845221153451444,Vonn Bell,3.9436195362227604,1.9016016172286836,3.7144112813236116,2.1308098721278323
2023100102_1944_53554,53554,SINGLE_HIGH,True,-0.142291445149393,Camryn Bynum,1.7495592144150498,-1.8918506595644429,2.685838560071092,-2.828130005220485
2023100102_2374_53554,53554,SINGLE_HIGH,True,3.5140069043246154,Camryn Bynum,2.0520654251722354,1.46194147915238,2.051012145643254,1.4629947586813614
2023100102_2887_52939,52939,SINGLE_HIGH,False,10.294111109745735,Sam Franklin Jr.,12.325503628103556,-2.031392518357821,11.728898316670286,-1.4347872069245504
2023100102_3330_52939,52939,SINGLE_HIGH,False,17.424100791314412,Sam Franklin Jr.,13.647586325183177,3.7765144661312355,13.150581025238278,4.273519766076134
2023100102_3485_53554,53554,SPLIT_DEEP,True,0.04378247808501,Camryn Bynum,1.6033934968889298,-1.5596110188039198,1.9672430615930825,-1.9234605835080725
2023100103_148_35459,35459,SPLIT_DEEP,False,-0.1963425496059381,Kareem Jackson,1.7902149049650176,-1.9865574545709557,0.7013725838871903,-0.8977151334931284
2023100103_148_54617,54617,SPLIT_DEEP,False,-0.7520788530855036,Delarrin Turner-Yell,1.876770802934514,-2.6288496560200176,2.505454841726527,-3.2575336948120306
2023100103_735_54617,54617,SINGLE_HIGH,False,6.77132634341716,Delarrin Turner-Yell,10.56631380553188,-3.7949874621147206,10.407071903219755,-3.6357455598025954
2023100103_1075_54617,54617,SINGLE_HIGH,False,0.8282476491890272,Delarrin Turner-Yell,1.6409649541868088,-0.8127173049977816,2.8715436930013,-2.0432960438122727
2023100103_1330_35459,35459,SINGLE_HIGH,False,4.495877412236901,Kareem Jackson,9.903817053754198,-5.407939641517297,8.653174400554,-4.1572969883171
2023100103_1751_54617,54617,SINGLE_HIGH,False,8.765884248259024,Delarrin Turner-Yell,5.999208011149956,2.766676237109068,5.304101395167126,3.461782853091898
2023100103_2000_54719,54719,SPLIT_DEEP,False,5.5570209681219165,Elijah Hicks,1.1529743336458649,4.404046634476051,1.1573985779990448,4.399622390122872
2023100103_2587_54513,54513,SPLIT_DEEP,True,1.488981488265333,Jaquan Brisker,1.4442384786686089,0.04474300959672406,1.5582060514607372,-0.06922456319540427
2023100103_2977_54513,54513,SPLIT_DEEP,True,-4.461952392950218,Jaquan Brisker,0.864681736038884,-5.326634128989102,0.4864762782096381,-4.948428671159856
2023100103_3035_54719,54719,SINGLE_HIGH,False,9.253506857060728,Elijah Hicks,4.635916516275759,4.617590340784969,4.826767283252689,4.426739573808039
2023100103_3733_54719,54719,SPLIT_DEEP,False,9.601001283008484,Elijah Hicks,9.888167043542687,-0.2871657605342026,9.775955496490116,-0.17495421348163198
2023100103_3923_35459,35459,SPLIT_DEEP,False,3.5212627643855514,Kareem Jackson,1.5942545185342534,1.927008245851298,0.4199183065021952,3.101344457883356
2023100103_4056_35459,35459,SPLIT_DEEP,False,3.3908133483599743,Kareem Jackson,-0.4417562915785191,3.832569639938493,0.5168560730245737,2.8739572753354006
2023100103_4056_54617,54617,SPLIT_DEEP,False,-0.2144016906787751,Delarrin Turner-Yell,1.7587106907548118,-1.973112381433587,2.221411874562037,-2.435813565240812
2023100104_341_43366,43366,SPLIT_DEEP,False,3.052653205405271,Daryl Worley,0.901139506699093,2.151513698706178,1.0269143400815572,2.0257388653237136
2023100104_590_43366,43366,SPLIT_DEEP,False,4.760415768982943,Daryl Worley,12.68830407578818,-7.927888306805237,11.616085137881297,-6.855669368898354
2023100104_590_52627,52627,SPLIT_DEEP,True,16.0071779136645,Geno Stone,13.631408842413055,2.375769071251444,14.965309959671428,1.041867953993071
2023100104_1316_47846,47846,SINGLE_HIGH,False,5.163575195793968,Juan Thornhill,0.5653283539730194,4.598246841820949,1.6599093822312927,3.5036658135626757
2023100104_2133_47846,47846,SINGLE_HIGH,False,8.108552629254657,Juan Thornhill,6.383013639779253,1.725538989475404,6.028469867072231,2.0800827621824256
2023100104_2914_54479,54479,SPLIT_DEEP,False,3.364852212085738,Kyle Hamilton,1.9304579269453035,1.4343942851404343,1.9790140444274922,1.3858381676582456
2023100104_2937_54479,54479,SPLIT_DEEP,False,3.9927889374510785,Kyle Hamilton,1.3994836146802074,2.5933053227708713,1.1610938163505793,2.8316951211004993
2023100104_3048_52627,52627,SPLIT_DEEP,True,-1.0122340770657612,Geno Stone,1.420596650979661,-2.432830728045422,0.8987509186377558,-1.910984995703517
2023100104_3048_54479,54479,SPLIT_DEEP,False,7.407183594944176,Kyle Hamilton,0.6887840491774848,6.718399545766692,1.9620543403393365,5.44512925460484
2023100104_3782_54479,54479,SPLIT_DEEP,False,2.2402362078498257,Kyle Hamilton,2.941455584551001,-0.7012193767011752,3.8692446028894434,-1.6290083950396177
2023100104_3844_52627,52627,SINGLE_HIGH,True,6.954401003707493,Geno Stone,6.912345532270155,0.042055471437337566,5.608881863102118,1.3455191406053748
2023100105_62_46080,46080,SINGLE_HIGH,False,4.876780187541872,Minkah Fitzpatrick,0.8218152944440014,4.05496489309787,1.8828295388633496,2.9939506486785223
2023100105_655_41256,41256,SPLIT_DEEP,False,16.30932782197172,Jimmie Ward,12.725245670098442,3.584082151873279,13.535097947823658,2.7742298741480624
2023100105_655_54502,54502,SPLIT_DEEP,True,15.50072026331255,Jalen Pitre,11.71708797617541,3.7836322871371397,13.426551314734631,2.0741689485779187
2023100105_830_46080,46080,SINGLE_HIGH,False,0.0316222190576329,Minkah Fitzpatrick,2.1305009313302077,-2.0988787122725747,1.9208251868203474,-1.8892029677627145
2023100105_875_44962,44962,SPLIT_DEEP,True,9.105167996928971,Damontae Kazee,8.624892768273126,0.48027522865584515,8.294987661638281,0.8101803352906902
2023100105_1103_44962,44962,SPLIT_DEEP,True,-1.3478427612929913,Damontae Kazee,1.8410504553195985,-3.18889321661259,2.884897433602249,-4.23274019489524
2023100105_1103_46080,46080,SPLIT_DEEP,False,2.2343688975678635,Minkah Fitzpatrick,2.570327626176462,-0.33595872860859854,1.9925267475349742,0.24184215003288934
2023100105_1318_54502,54502,SINGLE_HIGH,True,2.290693950068179,Jalen Pitre,1.5550808414227808,0.7356131086453981,1.944057318357368,0.34663663171081094
2023100105_1711_46080,46080,SINGLE_HIGH,False,2.13099398344188,Minkah Fitzpatrick,1.6239706307173138,0.5070233527245662,1.1958262497382481,0.9351677337036319
2023100105_1861_54502,54502,SINGLE_HIGH,True,6.181410548669335,Jalen Pitre,4.472672983767478,1.708737564901857,5.579244700967985,0.6021658477013503
2023100105_2102_46080,46080,SPLIT_DEEP,False,-0.3060121439760541,Minkah Fitzpatrick,1.320680772971482,-1.6266929169475361,0.5025161925890487,-0.8085283365651028
2023100105_2526_46080,46080,SPLIT_DEEP,False,-1.3452598227872947,Minkah Fitzpatrick,1.3212132487820327,-2.6664730715693272,1.34650306879991,-2.6917628915872047
2023100105_3024_54502,54502,SPLIT_DEEP,True,5.9120010335420075,Jalen Pitre,0.9425387125005547,4.969462321041453,0.8796751614880094,5.032325872053998
2023100105_3047_54502,54502,SPLIT_DEEP,True,5.755196645406372,Jalen Pitre,0.4723755046388036,5.2828211407675685,0.8076694926668253,4.947527152739546
2023100105_3246_44962,44962,SPLIT_DEEP,True,-5.985849029673604,Damontae Kazee,1.17105502383658,-7.156904053510184,2.8581218860039863,-8.843970915677591
2023100105_3433_41256,41256,SPLIT_DEEP,False,4.114624220618824,Jimmie Ward,3.249108198441245,0.8655160221775788,2.247072883728239,1.8675513368905845
2023100105_3777_44962,44962,SINGLE_HIGH,True,2.755274201106893,Damontae Kazee,6.2062751092503845,-3.4510009081434916,5.87184450605544,-3.1165703049485467
2023100106_55_54704,54704,SPLIT_DEEP,True,-3.2453230041779486,Rodney Thomas,1.5099678706445725,-4.755290874822521,0.789581923208452,-4.034904927386401
2023100106_952_52493,52493,SPLIT_DEEP,False,6.3418340178147385,Julian Blackmon,2.929447239774483,3.4123867780402555,1.9669704172252604,4.374863600589478
2023100106_1186_54718,54718,SPLIT_DEEP,True,6.3370015428900075,Russ Yeast,5.0365133842208145,1.300488158669193,4.808164362554269,1.5288371803357386
2023100106_1596_52607,52607,SPLIT_DEEP,True,0.7834407666891643,Jordan Fuller,0.6856225639684361,0.09781820272072816,1.5920941930114072,-0.8086534263222429
2023100106_1596_54718,54718,SPLIT_DEEP,True,1.9787192353837464,Russ Yeast,2.5561250887875566,-0.5774058534038102,3.3654625799556444,-1.386743344571898
2023100106_1724_52607,52607,SPLIT_DEEP,True,0.55077502645027,Jordan Fuller,0.23050074605670115,0.32027428039356887,0.6093954488863726,-0.05862042243610266
2023100106_2008_54718,54718,SPLIT_DEEP,True,8.91615051973797,Russ Yeast,5.316215438604852,3.5999350811331183,3.7458100408736827,5.170340478864287
2023100106_2147_52607,52607,SPLIT_DEEP,True,5.621349634474848,Jordan Fuller,4.2214284354813625,1.3999211989934857,2.550343718918983,3.0710059155558653
2023100106_2147_54718,54718,SPLIT_DEEP,True,2.370777393624234,Russ Yeast,4.288493269105969,-1.9177158754817354,2.9786984324167776,-0.6079210387925436
2023100106_2247_52493,52493,SPLIT_DEEP,False,-1.01624885975615,Julian Blackmon,1.4262378072383906,-2.4424866669945406,1.3924568286430379,-2.4087056883991877
2023100106_2639_54704,54704,SINGLE_HIGH,True,1.4694827448375367,Rodney Thomas,0.9343819896553347,0.535100755182202,2.318296544843765,-0.8488138000062282
2023100106_2695_54718,54718,SPLIT_DEEP,True,8.228227999978678,Russ Yeast,4.137404064867165,4.090823935111513,3.516174806864716,4.712053193113962
2023100106_2926_52493,52493,SPLIT_DEEP,False,5.785295439909694,Julian Blackmon,2.8873708273907237,2.8979246125189704,2.033620797830838,3.7516746420788563
2023100106_3212_52607,52607,SPLIT_DEEP,True,14.758779031743934,Jordan Fuller,9.233078653444549,5.525700378299385,9.793273500136575,4.965505531607359
2023100106_3212_54718,54718,SPLIT_DEEP,True,13.313608012103602,Russ Yeast,9.43171757745223,3.881890434651371,9.870239897802067,3.443368114301535
2023100106_3248_52607,52607,SPLIT_DEEP,True,5.366573401242011,Jordan Fuller,1.468301017859842,3.898272383382169,0.919769344273341,4.44680405696867
2023100106_3607_54718,54718,SPLIT_DEEP,True,5.721877026112351,Russ Yeast,1.0149675419956476,4.706909484116703,1.730892188668868,3.9909848374434826
2023100106_3654_54718,54718,SPLIT_DEEP,True,-0.4934854454803048,Russ Yeast,1.9079753964335706,-2.4014608419138757,1.3898026452800458,-1.8832880907603506
2023100106_4002_54704,54704,SPLIT_DEEP,True,-2.5619456394404665,Rodney Thomas,1.2755257459448872,-3.8374713853853537,1.5017203026970307,-4.063665942137497
2023100106_4138_54718,54718,SPLIT_DEEP,True,11.256343670511033,Russ Yeast,7.029573640118614,4.2267700303924185,7.975157539982134,3.2811861305288987
2023100106_4212_52493,52493,SPLIT_DEEP,False,0.0373591127107157,Julian Blackmon,1.9894572953192238,-1.952098182608508,1.6261070718687503,-1.5887479591580345
2023100106_4391_54704,54704,SINGLE_HIGH,True,2.689680630427647,Rodney Thomas,1.2203728069356212,1.4693078234920258,1.7641375233785652,0.9255431070490818
2023100106_4565_52493,52493,SPLIT_DEEP,False,0.0150173429745024,Julian Blackmon,1.7158994219753136,-1.7008820790008112,1.6259699236774505,-1.6109525807029481
2023100106_4565_54704,54704,SPLIT_DEEP,True,-4.417921168861375,Rodney Thomas,1.264371999767227,-5.682293168628602,0.47252440833695886,-4.890445577198334
2023100107_408_40017,40017,SPLIT_DEEP,True,3.8925022419457616,Tyrann Mathieu,4.725012852491208,-0.8325106105454463,3.401456273430912,0.4910459685148494
2023100107_831_47837,47837,SPLIT_DEEP,False,3.2337713665387877,Lonnie Johnson,1.892848386746082,1.3409229797927058,0.791555481816868,2.4422158847219197
2023100107_1374_47837,47837,SPLIT_DEEP,False,9.846958133182447,Lonnie Johnson,3.5474847098932596,6.299473423289188,3.3886016368502503,6.458356496332197
2023100107_2097_47810,47810,SPLIT_DEEP,False,3.5585666380510403,Johnathan Abram,1.4424252574071863,2.116141380643854,2.2012339913014713,1.357332646749569
2023100107_2612_52453,52453,SINGLE_HIGH,True,28.34985336550284,Antoine Winfield Jr.,18.82555068509314,9.5243026804097,17.223468535090234,11.126384830412608
2023100107_3178_47810,47810,SINGLE_HIGH,False,-8.100741984534997,Johnathan Abram,1.7416147317668216,-9.842356716301818,1.8183905375988418,-9.91913252213384
2023100107_4204_52453,52453,SINGLE_HIGH,True,-1.7969098058459778,Antoine Winfield Jr.,0.6498410439205433,-2.446750849766521,1.5186643196429177,-3.3155741254888955
2023100107_4373_52453,52453,SINGLE_HIGH,True,11.21154045290058,Antoine Winfield Jr.,11.650632188499607,-0.4390917355990265,12.381758011558649,-1.1702175586580683
2023100108_293_54808,54808,SINGLE_HIGH,True,2.513351048301514,Reed Blankenship,4.996871081609422,-2.483520033307908,4.599657766631971,-2.086306718330457
2023100108_486_52624,52624,SPLIT_DEEP,False,0.6132523077226981,Kam Curl,1.5387888105630245,-0.9255365028403264,0.6293991113774293,-0.0161468036547312
2023100108_926_46097,46097,SPLIT_DEEP,False,0.1244204105105293,Terrell Edmunds,0.6468094455476094,-0.5223890350370801,1.3410321150625357,-1.2166117045520064
2023100108_990_46097,46097,SPLIT_DEEP,False,3.3797565076551397,Terrell Edmunds,1.0120410287975978,2.3677154788575416,1.7469895775514086,1.632766930103731
2023100108_990_54808,54808,SPLIT_DEEP,True,9.841322875537063,Reed Blankenship,2.1013302083308143,7.7399926672062485,2.394617266124068,7.446705609412995
2023100108_1451_54578,54578,SPLIT_DEEP,True,20.011485761661433,Percy Butler,15.2830502616681,4.728435499993333,14.95652446453825,5.054961297123183
2023100108_1559_54808,54808,SPLIT_DEEP,True,2.7230659905874632,Reed Blankenship,1.74354453267625,0.9795214579112133,1.3474210188279887,1.3756449717594745
2023100108_1584_54808,54808,SINGLE_HIGH,True,9.123441499124684,Reed Blankenship,16.29611572170334,-7.172674222578657,14.698862142871782,-5.575420643747098
2023100108_1972_53592,53592,SPLIT_DEEP,False,15.623793606789654,Darrick Forrest,10.734299452323636,4.889494154466018,11.266932991729803,4.356860615059851
2023100108_1972_54578,54578,SPLIT_DEEP,True,13.122650898295298,Percy Butler,12.026093606768596,1.0965572915267021,11.019159858344041,2.1034910399512565
2023100108_2213_52624,52624,SPLIT_DEEP,False,13.787738201256383,Kam Curl,10.384454587617899,3.403283613638484,8.734689443463402,5.053048757792981
2023100108_2612_53592,53592,SINGLE_HIGH,False,16.069299250594064,Darrick Forrest,10.588499337319934,5.480799913274129,10.633419559681663,5.435879690912401
2023100108_2805_54808,54808,SINGLE_HIGH,True,17.584437705416345,Reed Blankenship,15.752817771848711,1.8316199335676338,15.380422015962619,2.204015689453726
2023100108_3354_54808,54808,SPLIT_DEEP,True,3.465400115567226,Reed Blankenship,2.1401580078665914,1.3252421077006344,1.3392827081770111,2.1261174073902147
2023100108_3442_54808,54808,SINGLE_HIGH,True,14.015579836946678,Reed Blankenship,9.737663031298874,4.277916805647804,11.997924280639506,2.0176555563071723
2023100108_3704_53592,53592,SPLIT_DEEP,False,14.14583462288958,Darrick Forrest,9.35554448525998,4.790290137629601,10.418976103356195,3.726858519533385
2023100108_3996_53592,53592,SPLIT_DEEP,False,5.357171339685502,Darrick Forrest,1.8225952747581549,3.5345760649273474,1.227380945108175,4.129790394577327
2023100108_4293_46097,46097,SPLIT_DEEP,False,2.1708681215166417,Terrell Edmunds,1.3034790413727324,0.8673890801439093,1.2486320966544255,0.9222360248622161
2023100108_4437_54808,54808,SINGLE_HIGH,True,2.872898678901292,Reed Blankenship,1.8009128445489266,1.0719858343523652,1.3247265057236977,1.5481721731775941
2023100108_4467_46097,46097,SPLIT_DEEP,False,4.240789077562745,Terrell Edmunds,0.9678635020809205,3.2729255754818247,1.2968303721814127,2.9439587053813323
2023100108_4570_54808,54808,SPLIT_DEEP,True,4.64233153727368,Reed Blankenship,1.879182907346002,2.763148629927678,1.3897389185144835,3.2525926187591967
2023100108_4595_46097,46097,SINGLE_HIGH,False,12.836716945142223,Terrell Edmunds,13.870452901834987,-1.0337359566927642,12.196017872327271,0.640699072814952
2023100108_4696_53592,53592,SINGLE_HIGH,False,22.558213700215862,Darrick Forrest,12.737942826528979,9.820270873686884,15.465158835801548,7.093054864414315
2023100109_484_48026,48026,SINGLE_HIGH,False,3.3756816408028003,Nick Scott,2.1993989226934283,1.176282718109372,2.5566911780247406,0.8189904627780598
2023100109_1504_48026,48026,SINGLE_HIGH,False,14.475252347320549,Nick Scott,13.986954509420945,0.48829783789960324,13.397921334975777,1.0773310123447715
2023100109_1900_47899,47899,SPLIT_DEEP,False,3.31851691446325,Amani Hooker,1.4020604040689295,1.9164565103943203,1.2642699590892814,2.0542469553739684
2023100109_1947_47899,47899,SPLIT_DEEP,False,4.310615603215036,Amani Hooker,0.8279956192387385,3.482619983976297,1.2917505312116973,3.0188650720033383
2023100109_2717_48026,48026,SINGLE_HIGH,False,0.5464576833951273,Nick Scott,1.7114202226845763,-1.164962539289449,2.269730250188113,-1.7232725667929856
2023100109_2933_43353,43353,SPLIT_DEEP,False,-4.015206944933839,Kevin Byard,2.2985709553578793,-6.3137779002917185,2.2444595677102956,-6.259666512644134
2023100109_3518_43353,43353,SPLIT_DEEP,False,1.2029398677458731,Kevin Byard,1.029391343520551,0.17354852422532208,1.3417422390853293,-0.13880237133945617
2023100109_3621_53049,53049,SPLIT_DEEP,False,-0.9463574132140486,Shyheim Carter,1.5345335231680122,-2.480890936382061,1.9895110832882228,-2.9358684965022714
2023100110_1129_53472,53472,SINGLE_HIGH,True,7.58904653201345,Tre'von Moehrig,6.080801785892099,1.5082447461213508,6.378449017413159,1.2105975146002912
2023100110_1209_47974,47974,SINGLE_HIGH,True,1.7868183784718603,Marcus Epps,0.7387816866836683,1.048036691788192,2.1841132432527637,-0.39729486478090337
2023100110_1252_47974,47974,SPLIT_DEEP,True,0.6380445874867693,Marcus Epps,4.509023033379282,-3.8709784458925123,3.391217361721213,-2.753172774234444
2023100110_1252_53472,53472,SPLIT_DEEP,True,6.653669744720901,Tre'von Moehrig,0.6661752030893184,5.987494541631582,1.5909608991295432,5.062708845591358
2023100110_1325_42901,42901,SPLIT_DEEP,False,-5.625226026604359,Dean Marlowe,1.512587929344065,-7.137813955948424,1.7917222362415277,-7.416948262845887
2023100110_1325_55054,55054,SPLIT_DEEP,False,3.0613650163401083,Raheem Layne,2.827033016028851,0.23433200031125745,2.732386622226186,0.32897839411392216
2023100110_2087_42901,42901,SPLIT_DEEP,False,1.436681536032686,Dean Marlowe,1.100995835703396,0.3356857003292899,1.6209151012385545,-0.18423356520586864
2023100110_2435_53472,53472,SINGLE_HIGH,True,10.405327280127675,Tre'von Moehrig,8.131296950113143,2.274030330014533,8.481033326359354,1.9242939537683217
2023100110_2458_47974,47974,SPLIT_DEEP,True,11.734992259318426,Marcus Epps,10.323464158171129,1.4115281011472973,10.87732499550582,0.8576672638126066
2023100110_3002_47974,47974,SPLIT_DEEP,True,7.741795685660227,Marcus Epps,6.251445286996153,1.4903503986640736,8.087617809267432,-0.34582212360720455
2023100110_3002_53472,53472,SPLIT_DEEP,True,10.674997261367622,Tre'von Moehrig,6.060275794485056,4.614721466882566,5.722962662816579,4.952034598551043
2023100110_3122_55054,55054,SINGLE_HIGH,False,6.521234872426199,Raheem Layne,12.076026422540222,-5.5547915501140235,10.657742572193193,-4.1365076997669945
2023100110_3582_42901,42901,SPLIT_DEEP,False,-3.899276856625897,Dean Marlowe,0.8237901063024077,-4.723066962928304,0.629115437052512,-4.528392293678409
2023100110_3690_42901,42901,SPLIT_DEEP,False,0.6516138973675609,Dean Marlowe,4.348476850726032,-3.6968629533584707,2.1881888840404873,-1.5365749866729264
2023100110_3936_47974,47974,SPLIT_DEEP,True,12.390559278753807,Marcus Epps,13.499077963650146,-1.1085186848963389,14.79220939416005,-2.401650115406243
2023100110_3936_53472,53472,SPLIT_DEEP,True,10.970562565114486,Tre'von Moehrig,16.1891876533215,-5.218625088207014,14.759104179867526,-3.78854161475304
2023100110_4042_42901,42901,SPLIT_DEEP,False,-1.6689750957046456,Dean Marlowe,1.6766869891759284,-3.345662084880574,1.3584902993302936,-3.0274653950349393
2023100110_4088_55054,55054,SPLIT_DEEP,False,-0.9548727315986688,Raheem Layne,1.7250011719865297,-2.6798739035851984,0.8672863947059248,-1.8221591263045935
2023100110_4243_53472,53472,SINGLE_HIGH,True,10.941363029765558,Tre'von Moehrig,14.380278669442319,-3.438915639676761,13.062086752090908,-2.1207237223253497
2023100111_157_44837,44837,SINGLE_HIGH,False,0.6898265424796293,Jabrill Peppers,1.7695701110168243,-1.079743568537195,3.21447868739751,-2.524652144917881
2023100111_318_44827,44827,SINGLE_HIGH,True,2.2826037865919053,Malik Hooker,2.274640447164373,0.007963339427532468,1.178503973851491,1.1040998127404142
2023100111_390_47996,47996,SINGLE_HIGH,False,8.281561652315903,Donovan Wilson,6.600191777383525,1.6813698749323773,5.825396713934448,2.4561649383814546
2023100111_770_44837,44837,SINGLE_HIGH,False,16.457309729677952,Jabrill Peppers,10.157189799797091,6.300119929880861,12.020166539239897,4.437143190438055
2023100111_881_44827,44827,SINGLE_HIGH,True,-1.3301811006100888,Malik Hooker,2.4578107173968435,-3.7879918180069323,3.033312288494921,-4.36349338910501
2023100111_1007_47996,47996,SPLIT_DEEP,False,7.271195213511438,Donovan Wilson,3.30173160254002,3.9694636109714185,3.995200363968502,3.2759948495429363
2023100111_1422_52445,52445,SINGLE_HIGH,False,4.814471395552097,Kyle Dugger,1.6828028338405034,3.1316685617115936,2.11628311340574,2.698188282146357
2023100111_1447_52445,52445,SPLIT_DEEP,False,4.98622786542062,Kyle Dugger,1.5933954083841646,3.392832457036455,2.1909920768199456,2.7952357886006745
2023100111_2252_44827,44827,SINGLE_HIGH,True,5.515509957618059,Malik Hooker,7.872261817390108,-2.356751859772049,7.513620583975441,-1.9981106263573816
2023100111_2727_44827,44827,SPLIT_DEEP,True,-3.4269641280113596,Malik Hooker,4.81821549944914,-8.2451796274605,5.583795327107529,-9.010759455118889
2023100111_2727_47996,47996,SPLIT_DEEP,False,-9.903402055023111,Donovan Wilson,3.949515771728441,-13.852917826751552,5.5588805846720355,-15.462282639695147
2023100111_3055_44827,44827,SINGLE_HIGH,True,12.807427266146917,Malik Hooker,13.570895609453062,-0.7634683433061458,13.472695794258556,-0.6652685281116391
2023100111_3658_44827,44827,SINGLE_HIGH,True,-1.462466703627511,Malik Hooker,1.8897962852346768,-3.3522629888621878,2.8145426250852577,-4.277009328712769
2023100111_3706_44827,44827,SPLIT_DEEP,True,7.5687192823075,Malik Hooker,8.999344992618491,-1.4306257103109914,7.101744122695749,0.46697515961175107
2023100112_307_52535,52535,SINGLE_HIGH,False,0.8277982721522212,K'Von Wallace,1.9005074192867182,-1.072709147134497,1.450971333044338,-0.6231730608921167
2023100112_1183_38868,38868,SPLIT_DEEP,True,2.96143012407789,Tashaun Gipson,0.9228203498008256,2.038609774277065,0.7409555293456478,2.2204745947322424
2023100112_1253_38868,38868,SINGLE_HIGH,True,15.843063232957387,Tashaun Gipson,9.816556188268915,6.026507044688472,10.495287207071044,5.347776025886343
2023100112_1498_52535,52535,SINGLE_HIGH,False,2.805069627950155,K'Von Wallace,2.2719133193455696,0.5331563086045854,1.4836118371144993,1.3214577908356557
2023100112_1940_38868,38868,SINGLE_HIGH,True,18.11980238012516,Tashaun Gipson,13.399508136419973,4.7202942437051885,12.192880939633103,5.926921440492059
2023100112_1977_53609,53609,SPLIT_DEEP,False,15.660941856143385,Talanoa Hufanga,11.557876493841349,4.103065362302036,11.350857591761379,4.310084264382006
2023100112_2006_53609,53609,SPLIT_DEEP,False,11.327875959267104,Talanoa Hufanga,4.590370360721933,6.73750559854517,5.530987884708188,5.7968880745589155
2023100112_2160_52535,52535,SINGLE_HIGH,False,4.466801872805337,K'Von Wallace,1.8286282347190068,2.6381736380863297,2.137129083431045,2.3296727893742917
2023100112_2207_52535,52535,SINGLE_HIGH,False,11.386564493782446,K'Von Wallace,8.539261630559153,2.847302863223293,7.2485563205238615,4.1380081732585845
2023100112_2539_38868,38868,SINGLE_HIGH,True,5.0994757760164315,Tashaun Gipson,6.166409995505331,-1.0669342194888998,6.806875095219084,-1.7073993192026524
2023100112_2709_49410,49410,SINGLE_HIGH,False,13.368621104313366,Jalen Thompson,10.932427682945892,2.4361934213674736,9.056086161963865,4.312534942349501
2023100112_3012_53609,53609,SINGLE_HIGH,False,1.4586395615278498,Talanoa Hufanga,1.791452004180992,-0.33281244265314225,2.5580929067535063,-1.0994533452256565
2023100112_3091_38868,38868,SINGLE_HIGH,True,5.065427710179897,Tashaun Gipson,1.1800648680365442,3.8853628421433526,1.4086975571212985,3.6567301530585983
2023100112_3864_46349,46349,SPLIT_DEEP,False,2.3474987032525343,George Odum,1.907159003215076,0.44033970003745826,1.0459330656067536,1.3015656376457807
2023100112_3914_46349,46349,SPLIT_DEEP,False,4.126655527642335,George Odum,3.1402441072268075,0.9864114204155272,2.730991341124385,1.3956641865179495
2023100112_3980_46349,46349,SPLIT_DEEP,False,2.2853459169894164,George Odum,1.4874442665226775,0.7979016504667389,1.0991408799597426,1.1862050370296737
2023100112_4010_46349,46349,SPLIT_DEEP,False,7.148996726139183,George Odum,6.265328713543028,0.8836680125961554,5.584236407095676,1.5647603190435069
2023100113_110_42485,42485,SPLIT_DEEP,False,-3.536166441249319,Adrian Amos,2.032451321012688,-5.568617762262007,2.262723412800854,-5.798889854050174
2023100113_377_42485,42485,SINGLE_HIGH,False,6.6317431308705865,Adrian Amos,5.374678330751582,1.2570648001190046,3.759958191419102,2.8717849394514845
2023100113_819_42485,42485,SINGLE_HIGH,False,5.611198772430033,Adrian Amos,5.699994225659189,-0.0887954532291566,5.893330280843296,-0.2821315084132632
2023100113_1211_47882,47882,SPLIT_DEEP,False,1.5255628724392878,Mike Edwards,0.600202748594707,0.9253601238445808,1.4747936827292634,0.05076918971002442
2023100113_1236_47882,47882,SINGLE_HIGH,False,18.378551568473465,Mike Edwards,15.006164784598456,3.37238678387501,14.633338922063032,3.745212646410433
2023100113_1476_46137,46137,SINGLE_HIGH,False,1.9335438672877068,Justin Reid,11.011294569935151,-9.077750702647444,11.079246889508404,-9.145703022220697
2023100113_1796_46186,46186,SPLIT_DEEP,False,12.56829747793021,Jordan Whitehead,6.22640991180346,6.341887566126751,5.750864285583552,6.817433192346658
2023100113_2183_46186,46186,SINGLE_HIGH,False,0.7478355600160036,Jordan Whitehead,5.692229908577613,-4.94439434856161,6.946198179315606,-6.198362619299602
2023100113_2239_47882,47882,SPLIT_DEEP,False,1.4401725718280864,Mike Edwards,-1.4873484752431734,2.92752104707126,0.5072848439644257,0.9328877278636607
2023100113_2332_54527,54527,SINGLE_HIGH,False,6.014382714956607,Bryan Cook,5.845941496837978,0.16844121811862944,4.624102322204006,1.3902803927526008
2023100113_2451_54527,54527,SPLIT_DEEP,False,-2.040377331990779,Bryan Cook,1.6502052939366532,-3.6905826259274326,1.2080246389658136,-3.2484019709565928
2023100113_2580_42485,42485,SPLIT_DEEP,False,1.4349221423506895,Adrian Amos,15.192752602746863,-13.757830460396173,13.609869159556641,-12.174947017205952
2023100113_2580_46186,46186,SPLIT_DEEP,False,2.116058871832605,Jordan Whitehead,12.856206119537045,-10.74014724770444,12.485250353073836,-10.36919148124123
2023100113_2980_47882,47882,SPLIT_DEEP,False,1.5307731636729198,Mike Edwards,0.07821360152884241,1.4525595621440774,0.3732493236023373,1.1575238400705825
2023100200_1236_53604,53604,SINGLE_HIGH,True,1.5184089466099169,Jason Pinnock,1.3610895107644976,0.1573194358454193,2.5389956190754557,-1.0205866724655388
2023100200_1668_47891,47891,SPLIT_DEEP,True,3.795551844145217,Julian Love,1.668835229428458,2.126716614716759,0.8093431548842567,2.9862086892609603
2023100200_1878_53604,53604,SINGLE_HIGH,True,4.898875436046825,Jason Pinnock,4.762351262900447,0.13652417314637777,3.707914369923764,1.1909610661230605
2023100200_2649_42543,42543,SPLIT_DEEP,True,3.906908477985758,Quandre Diggs,2.13070997462993,1.776198503355828,1.2897422063583335,2.6171662716274247
2023100200_3536_52444,52444,SINGLE_HIGH,True,14.661158369513924,Xavier McKinney,11.122298847283695,3.5388595222302293,9.181984228899786,5.479174140614138
2023100200_3950_47891,47891,SPLIT_DEEP,True,3.620056049887393,Julian Love,2.1306874618135434,1.4893685880738494,1.724855535476074,1.8952005144113189
2023100500_56_53592,53592,SINGLE_HIGH,False,13.637870501431472,Darrick Forrest,9.926846598794015,3.711023902637457,8.778627580761611,4.85924292066986
2023100500_101_53592,53592,SPLIT_DEEP,False,12.878056339156783,Darrick Forrest,8.939614307090682,3.938442032066101,9.10749044230566,3.7705658968511226
2023100500_180_54578,54578,SPLIT_DEEP,True,11.12879199144843,Percy Butler,7.290750708839253,3.8380412826091774,6.2784501236269765,4.850341867821454
2023100500_406_53592,53592,SINGLE_HIGH,False,-2.238319182505492,Darrick Forrest,5.711392912005883,-7.9497120945113755,6.943755812451677,-9.18207499495717
2023100500_592_54578,54578,SPLIT_DEEP,True,1.0537232957577984,Percy Butler,1.214460282671482,-0.16073698691368365,0.9146274866018622,0.13909580915593622
2023100500_1226_54719,54719,SINGLE_HIGH,False,16.219727860822164,Elijah Hicks,11.797202036803014,4.42252582401915,11.3936018301618,4.826126030660365
2023100500_1421_54578,54578,SINGLE_HIGH,True,3.0913646881746653,Percy Butler,1.26320619480313,1.8281584933715354,1.7370391710476412,1.354325517127024
2023100500_1656_52624,52624,SINGLE_HIGH,False,13.333277096226176,Kam Curl,13.348682584613725,-0.015405488387548516,14.017878781468061,-0.6846016852418852
2023100500_2730_54719,54719,SINGLE_HIGH,False,10.177159254383868,Elijah Hicks,10.230904658870546,-0.05374540448667808,9.600363856486245,0.576795397897623
2023100500_2755_54513,54513,SPLIT_DEEP,True,-2.2475974549137523,Jaquan Brisker,1.7068510666118604,-3.9544485215256127,0.38226913745531554,-2.629866592369068
2023100500_2964_52624,52624,SPLIT_DEEP,False,2.69397636746492,Kam Curl,1.053544735168845,1.640431632296075,1.3727354896123103,1.3212408778526097
2023100500_3163_54719,54719,SPLIT_DEEP,False,1.7977243487478596,Elijah Hicks,0.9595903861182165,0.8381339626296431,1.5874493159380432,0.2102750328098164
2023100500_3302_54513,54513,SINGLE_HIGH,True,16.43360118488641,Jaquan Brisker,17.415120028293757,-0.981518843407347,15.559800838636551,0.8738003462498583
2023100500_3350_54719,54719,SPLIT_DEEP,False,-1.9902641570526989,Elijah Hicks,1.321148516060676,-3.3114126731133746,1.6963186353268753,-3.686582792379574
2023100500_3697_54719,54719,SINGLE_HIGH,False,16.920727570537696,Elijah Hicks,16.73532175841937,0.18540581211832574,17.33743899500332,-0.4167114244656247
2023100500_3745_54719,54719,SINGLE_HIGH,False,-1.1501617716387642,Elijah Hicks,6.156514825815264,-7.306676597454028,5.890545671880201,-7.040707443518965
2023100500_3770_54513,54513,SPLIT_DEEP,True,7.839307775890237,Jaquan Brisker,9.676238481748479,-1.8369307058582418,8.797093331999093,-0.9577855561088562
2023100800_317_40107,40107,SINGLE_HIGH,True,-5.805108994282831,Micah Hyde,0.533496133577132,-6.338605127859963,1.0118624399505691,-6.8169714342334
2023100800_860_40107,40107,SINGLE_HIGH,True,8.132877486368908,Micah Hyde,11.516434898752774,-3.3835574123838654,11.757032163066828,-3.62415467669792
2023100800_1006_53494,53494,SPLIT_DEEP,True,-2.60258483114675,Andre Cisco,1.9143703863530934,-4.516955217499843,1.3391540610652601,-3.94173889221201
2023100800_1120_53494,53494,SINGLE_HIGH,True,7.044323529911636,Andre Cisco,1.104476379569317,5.9398471503423185,2.054165547779955,4.990157982131681
2023100800_1418_40166,40166,SPLIT_DEEP,False,8.955570541181334,Jordan Poyer,4.826037446017724,4.12953309516361,2.8461177259561783,6.109452815225156
2023100800_1676_40107,40107,SPLIT_DEEP,True,4.016368630201693,Micah Hyde,1.4841116019960656,2.5322570282056276,1.6128250389228374,2.403543591278856
2023100800_2157_40107,40107,SPLIT_DEEP,True,6.701343047449353,Micah Hyde,3.2363699289901935,3.46497311845916,3.106008064232909,3.5953349832164445
2023100800_2835_53494,53494,SPLIT_DEEP,True,10.836967614000212,Andre Cisco,5.773878040827669,5.063089573172543,3.2627887255604,7.574178888439812
2023100800_3004_40107,40107,SINGLE_HIGH,True,6.88438221751097,Micah Hyde,4.428432159714498,2.4559500577964712,3.3129486080657102,3.5714336094452594
2023100800_3466_53494,53494,SINGLE_HIGH,True,11.259025248518956,Andre Cisco,15.85611661634384,-4.597091367824884,16.32289176525147,-5.063866516732514
2023100800_3917_53494,53494,SINGLE_HIGH,True,-2.3758292957480704,Andre Cisco,-0.8749444090534297,-1.5008848866946407,2.670861501572622,-5.046690797320693
2023100800_4235_53494,53494,SPLIT_DEEP,True,7.306008494951815,Andre Cisco,3.4189107340505718,3.887097760901243,4.003835180710399,3.302173314241416
2023100800_4478_44926,44926,SPLIT_DEEP,True,18.71561970936085,Rayshawn Jenkins,14.948247094091242,3.7673726152696094,14.320954752520468,4.3946649568403835
2023100800_4478_53494,53494,SPLIT_DEEP,True,13.88289180181907,Andre Cisco,16.109122725622168,-2.2262309238030973,15.307016172926321,-1.4241243711072507
2023100800_4503_53494,53494,SPLIT_DEEP,True,5.327316364182789,Andre Cisco,5.555088589458367,-0.2277722252755776,4.063049258650945,1.2642671055318448
2023100801_391_54502,54502,SINGLE_HIGH,True,-2.4441084803214057,Jalen Pitre,2.8015805794981112,-5.245689059819517,3.78166505599168,-6.225773536313086
2023100801_460_54502,54502,SINGLE_HIGH,True,6.301947726842134,Jalen Pitre,1.317522617759365,4.984425109082769,2.2419282907491995,4.060019436092935
2023100801_674_41256,41256,SINGLE_HIGH,False,0.9626361402153504,Jimmie Ward,1.120101407376956,-0.15746526716160558,1.2779837183837763,-0.31534757816842596
2023100801_868_46123,46123,SPLIT_DEEP,True,-1.890056864642883,Jessie Bates,0.714446775779766,-2.604503640422649,1.6531222804931982,-3.5431791451360812
2023100801_868_53469,53469,SPLIT_DEEP,False,-0.9519920503843746,Richie Grant,1.395215337367812,-2.347207387752187,1.7815557378359088,-2.7335477882202834
2023100801_915_53469,53469,SINGLE_HIGH,False,-2.6491117104973245,Richie Grant,1.334680779621847,-3.9837924901191712,1.8583907439215253,-4.50750245441885
2023100801_982_46123,46123,SINGLE_HIGH,True,5.305815569265322,Jessie Bates,7.045035490350721,-1.7392199210853994,6.585302282774062,-1.2794867135087404
2023100801_1148_43395,43395,SPLIT_DEEP,False,1.2300555770025436,Eric Murray,1.1229897260427053,0.10706585095983834,1.2746604257520353,-0.044604848749491666
2023100801_1148_54502,54502,SPLIT_DEEP,True,2.7246560000312536,Jalen Pitre,1.574724783387573,1.1499312166436806,0.6074996871787022,2.1171563128525515
2023100801_1245_46123,46123,SPLIT_DEEP,True,1.1645682612760346,Jessie Bates,0.761961993885526,0.40260626739050864,1.2596926817846823,-0.09512442050864767
2023100801_1268_46123,46123,SPLIT_DEEP,True,9.769317733603607,Jessie Bates,4.725743387831076,5.043574345772531,4.835612023268025,4.933705710335582
2023100801_1311_54502,54502,SINGLE_HIGH,True,1.6322464094590536,Jalen Pitre,2.3954704185376943,-0.7632240090786406,3.3421946132047244,-1.7099482037456708
2023100801_1521_54502,54502,SINGLE_HIGH,True,3.904156148461942,Jalen Pitre,2.1125890281476662,1.7915671203142756,2.9885223181483926,0.9156338303135492
2023100801_1591_46123,46123,SPLIT_DEEP,True,-3.665501863805666,Jessie Bates,0.49412139216265194,-4.159623255968318,1.2376558821506638,-4.90315774595633
2023100801_1591_53469,53469,SPLIT_DEEP,False,-2.4979638314415684,Richie Grant,1.507485388959256,-4.005449220400824,1.5394360902151565,-4.037399921656725
2023100801_1782_54502,54502,SINGLE_HIGH,True,5.418453612429221,Jalen Pitre,1.3826375489524547,4.035816063476766,2.1510796504901126,3.267373961939108
2023100801_2081_46123,46123,SPLIT_DEEP,True,0.7764991580018696,Jessie Bates,0.9244336160555748,-0.1479344580537052,0.7983852160351024,-0.021886058033232736
2023100801_2081_53469,53469,SPLIT_DEEP,False,-3.547007215465168,Richie Grant,1.581375932911297,-5.128383148376465,2.04235009877966,-5.589357314244828
2023100801_2104_46123,46123,SPLIT_DEEP,True,4.862110252831407,Jessie Bates,3.359508877591019,1.502601375240388,3.138239700125057,1.7238705527063498
2023100801_2104_52542,52542,SPLIT_DEEP,False,-8.169816653563576,Jaylinn Hawkins,0.07983257830116924,-8.249649231864744,1.211940781589126,-9.381757435152702
2023100801_2418_46123,46123,SINGLE_HIGH,True,2.105610518285266,Jessie Bates,2.8688780436214505,-0.7632675253361847,1.504415756852719,0.6011947614325468
2023100801_2493_46123,46123,SPLIT_DEEP,True,3.39692375310959,Jessie Bates,2.5086683494427895,0.8882554036668004,3.211465281493493,0.18545847161609696
2023100801_2675_46123,46123,SPLIT_DEEP,True,3.603628344585836,Jessie Bates,2.3300390881723545,1.2735892564134814,1.4842081044215494,2.1194202401642865
2023100801_2675_53469,53469,SPLIT_DEEP,False,1.3004763996087885,Richie Grant,0.34388723947360084,0.9565891601351877,0.378293408581694,0.9221829910270944
2023100801_2741_54502,54502,SINGLE_HIGH,True,4.3885065369819,Jalen Pitre,1.7487369779314985,2.639769559050402,2.3500876449259467,2.0384188920559536
2023100801_2793_54502,54502,SINGLE_HIGH,True,6.395706969663822,Jalen Pitre,2.0155648850806993,4.380142084583122,2.48285485629175,3.9128521133720717
2023100801_3107_41256,41256,SPLIT_DEEP,False,1.2321307397881638,Jimmie Ward,1.8056591765366086,-0.5735284367484448,1.2379076007855208,-0.0057768609973569696
2023100801_3107_54502,54502,SPLIT_DEEP,True,3.6825438393976144,Jalen Pitre,1.7264021016815188,1.9561417377160957,2.233036183266858,1.4495076561307565
2023100801_3481_46123,46123,SINGLE_HIGH,True,5.808344960730541,Jessie Bates,2.7675742613757475,3.040770699354794,2.809740527911787,2.9986044328187544
2023100801_3586_54502,54502,SINGLE_HIGH,True,12.571084020475771,Jalen Pitre,10.082678080912828,2.488405939562943,11.497305569368162,1.073778451107609
2023100801_4012_46123,46123,SINGLE_HIGH,True,-3.359047025487044,Jessie Bates,1.6358651776616593,-4.994912203148703,2.899066869457074,-6.258113894944118
2023100801_4088_46123,46123,SPLIT_DEEP,True,5.276164277845103,Jessie Bates,1.3905448084741256,3.8856194693709774,2.0782509341839708,3.1979133436611322
2023100801_4088_53469,53469,SPLIT_DEEP,False,9.51164917812167,Richie Grant,5.430697050698874,4.080952127422797,3.3380067690534982,6.173642409068172
2023100801_4277_41256,41256,SPLIT_DEEP,False,2.546637027029428,Jimmie Ward,2.752870221144253,-0.20623319411482477,3.5065753963101223,-0.9599383692806942
2023100801_4277_54502,54502,SPLIT_DEEP,True,-1.927460576741583,Jalen Pitre,2.0271601655067437,-3.954620742248327,1.101587777268545,-3.0290483540101283
2023100802_152_46151,46151,SPLIT_DEEP,False,6.941467341372144,Tracy Walker III,2.9935595137336706,3.9479078276384736,3.0925894959941083,3.848877845378036
2023100802_393_43350,43350,SINGLE_HIGH,False,0.9436616606679687,Vonn Bell,0.9238165189544362,0.019845141713532577,0.8956968403365506,0.047964820331418134
2023100802_535_54562,54562,SPLIT_DEEP,True,6.718566781007364,Kerby Joseph,1.5169792660753394,5.201587514932024,1.495586908342144,5.22297987266522
2023100802_1052_54562,54562,SPLIT_DEEP,True,3.6813841571719976,Kerby Joseph,1.3705581613936193,2.3108259957783783,1.5904580468158915,2.090926110356106
2023100802_1334_52939,52939,SPLIT_DEEP,False,4.800215840970715,Sam Franklin Jr.,4.366829228244266,0.43338661272644874,3.631321036086974,1.1688948048837409
2023100802_1418_52939,52939,SINGLE_HIGH,False,12.00971908153567,Sam Franklin Jr.,6.225364248818413,5.7843548327172565,5.78924811139292,6.220470970142749
2023100802_1931_54562,54562,SINGLE_HIGH,True,-0.7424625576271282,Kerby Joseph,1.4111129118146524,-2.1535754694417806,1.7032424063588554,-2.4457049639859836
2023100802_3103_43350,43350,SPLIT_DEEP,False,-1.0661270733026598,Vonn Bell,1.251350864695609,-2.3174779379982686,1.249230710514702,-2.315357783817362
2023100802_3444_46151,46151,SINGLE_HIGH,False,0.0616834328032833,Tracy Walker III,0.6774727351477153,-0.6157893023444321,1.59127048708487,-1.5295870542815866
2023100802_3530_43350,43350,SINGLE_HIGH,False,6.947771957309797,Vonn Bell,10.369378690750137,-3.42160673344034,9.52683738205354,-2.5790654247437423
2023100802_3769_46151,46151,SINGLE_HIGH,False,1.9202010104863163,Tracy Walker III,1.8182097077256725,0.10199130276064383,2.696992209781259,-0.7767911992949426
2023100803_134_43353,43353,SINGLE_HIGH,False,7.986478809600694,Kevin Byard,4.687241874399714,3.2992369352009803,3.7051302970240805,4.2813485125766135
2023100803_631_54704,54704,SINGLE_HIGH,True,1.611277179199945,Rodney Thomas,2.360416920909027,-0.7491397417090822,1.608603974086929,0.002673205113016053
2023100803_925_54704,54704,SINGLE_HIGH,True,14.017377042832974,Rodney Thomas,9.272849299477793,4.744527743355182,7.781664781716411,6.235712261116563
2023100803_1135_43353,43353,SPLIT_DEEP,False,4.170652347435066,Kevin Byard,15.36642968309932,-11.195777335664253,13.626732600441642,-9.456080253006576
2023100803_1135_53529,53529,SPLIT_DEEP,False,13.453996883368532,Elijah Molden,9.554672458411789,3.8993244249567436,12.72099108170678,0.7330058016617524
2023100803_2011_54704,54704,SINGLE_HIGH,True,-0.9470818116936072,Rodney Thomas,1.5683898018917488,-2.515471613585356,2.7438206794970776,-3.690902491190685
2023100803_2036_54704,54704,SINGLE_HIGH,True,6.0603569289535795,Rodney Thomas,7.956329594838104,-1.8959726658845248,6.357847811311176,-0.2974908823575966
2023100803_2551_52493,52493,SPLIT_DEEP,False,-2.6791317192645714,Julian Blackmon,1.8154706337396307,-4.494602353004202,0.6719860056190665,-3.351117724883638
2023100803_2644_54704,54704,SPLIT_DEEP,True,1.5278932954184992,Rodney Thomas,4.675816388885044,-3.147923093466545,3.6651564912777683,-2.137263195859269
2023100803_3029_54704,54704,SPLIT_DEEP,True,-0.0200142400511547,Rodney Thomas,0.7181176392156009,-0.7381318792667556,1.1992528486570038,-1.2192670887081585
2023100803_3098_54704,54704,SPLIT_DEEP,True,-6.782050809431922,Rodney Thomas,6.98290086310414,-13.764951672536062,6.464012024744532,-13.246062834176454
2023100803_3700_52493,52493,SPLIT_DEEP,False,-0.7052103440793545,Julian Blackmon,3.766282776039214,-4.471493120118568,5.7943949069574465,-6.499605251036801
2023100803_3855_52493,52493,SPLIT_DEEP,False,7.703813801036019,Julian Blackmon,4.09605776006603,3.6077560409699894,3.4038639483425106,4.2999498526935085
2023100804_272_52444,52444,SPLIT_DEEP,True,2.9425112168837853,Xavier McKinney,1.8933895331816146,1.0491216837021706,2.9570631427650245,-0.014551925881239214
2023100804_1209_53465,53465,SPLIT_DEEP,False,-3.012031875391827,Jevon Holland,6.616111840549113,-9.62814371594094,6.568148184019566,-9.580180059411394
2023100804_1513_46259,46259,SINGLE_HIGH,True,10.450047839401702,DeShon Elliott,8.486795076331434,1.9632527630702672,9.469956993061563,0.9800908463401381
2023100804_1857_52444,52444,SPLIT_DEEP,True,0.2937633259056955,Xavier McKinney,1.5621836150474313,-1.2684202891417358,1.0200853391511782,-0.7263220132454826
2023100804_1914_52444,52444,SPLIT_DEEP,True,-2.248031542770915,Xavier McKinney,1.356239476876814,-3.604271019647729,1.665587145059602,-3.913618687830517
2023100804_2119_52444,52444,SPLIT_DEEP,True,1.9718752322624893,Xavier McKinney,0.37131344549817846,1.600561786764311,2.3629852747481515,-0.39111004248566217
2023100804_2119_53604,53604,SPLIT_DEEP,True,9.87043677215532,Jason Pinnock,3.866759485473874,6.003677286681446,5.805513035387705,4.064923736767616
2023100804_2167_52444,52444,SPLIT_DEEP,True,11.500812676626612,Xavier McKinney,9.808155448862234,1.6926572277643785,11.229403582161531,0.2714090944650813
2023100804_2167_53604,53604,SPLIT_DEEP,True,6.751351754898643,Jason Pinnock,11.388326531097013,-4.63697477619837,11.87142455893017,-5.120072804031528
2023100804_2430_53465,53465,SPLIT_DEEP,False,6.194748542013311,Jevon Holland,1.3484224311538278,4.846326110859484,1.0977161376502051,5.097032404363106
2023100804_3337_46259,46259,SPLIT_DEEP,True,3.654562961724942,DeShon Elliott,3.101542249159312,0.5530207125656301,2.151900133262168,1.5026628284627743
2023100804_3337_53465,53465,SPLIT_DEEP,False,6.391121836600926,Jevon Holland,1.9920829346209163,4.39903890198001,1.1935925582033304,5.197529278397596
2023100804_3677_46259,46259,SINGLE_HIGH,True,5.807732543638011,DeShon Elliott,1.637400388480156,4.170332155157855,2.724957710005701,3.0827748336323095
2023100805_180_44837,44837,SPLIT_DEEP,False,1.8081286511129733,Jabrill Peppers,4.574050026447936,-2.7659213753349627,3.195694043785548,-1.3875653926725748
2023100805_247_52445,52445,SINGLE_HIGH,False,5.7219612722331625,Kyle Dugger,4.250593478842349,1.4713677933908134,3.9617553095599103,1.7602059626732522
2023100805_377_56011,56011,SINGLE_HIGH,False,0.5897393727667843,Jordan Howden,3.5554188241788247,-2.9656794514120404,3.541833045511191,-2.9520936727444065
2023100805_400_56011,56011,SINGLE_HIGH,False,13.458766953378545,Jordan Howden,8.806960370377439,4.651806583001106,8.589254374027083,4.869512579351461
2023100805_748_40017,40017,SPLIT_DEEP,True,10.29301544633132,Tyrann Mathieu,9.344230618760802,0.9487848275705186,7.331183078971056,2.961832367360265
2023100805_748_56011,56011,SPLIT_DEEP,False,10.687979476251469,Jordan Howden,8.491596965099756,2.196382511151713,9.02664451225713,1.6613349639943387
2023100805_1052_44837,44837,SINGLE_HIGH,False,6.17861807285182,Jabrill Peppers,4.344179114683896,1.8344389581679241,3.5689544903139945,2.6096635825378254
2023100805_1099_44837,44837,SINGLE_HIGH,False,9.408208211890638,Jabrill Peppers,8.344111507068035,1.064096704822603,5.6755159349622035,3.732692276928435
2023100805_1311_56011,56011,SPLIT_DEEP,False,3.1858828769687726,Jordan Howden,5.16159301341663,-1.9757101364478578,6.858591476499452,-3.6727085995306794
2023100805_1721_40017,40017,SPLIT_DEEP,True,10.803470497582657,Tyrann Mathieu,8.829265574822704,1.9742049227599523,10.697249882106707,0.10622061547594974
2023100805_2095_40017,40017,SPLIT_DEEP,True,-0.9524153644961988,Tyrann Mathieu,1.5035496149758398,-2.4559649794720384,1.455226039348247,-2.407641403844446
2023100805_2864_40017,40017,SPLIT_DEEP,True,-0.8247616753217928,Tyrann Mathieu,1.6225019082967949,-2.4472635836185876,0.5840389596599262,-1.408800634981719
2023100805_3222_56011,56011,SINGLE_HIGH,False,6.576149464636435,Jordan Howden,1.1875621587815843,5.388587305854851,2.4867960302408294,4.089353434395606
2023100805_3774_40017,40017,SINGLE_HIGH,True,1.913599177607059,Tyrann Mathieu,8.431106170065862,-6.517506992458802,6.56164423234085,-4.648045054733791
2023100805_3863_44837,44837,SINGLE_HIGH,False,16.064183419112705,Jabrill Peppers,11.964781938953475,4.09940148015923,13.7209081186967,2.343275300416005
2023100805_3974_47810,47810,SINGLE_HIGH,False,8.547327844288638,Johnathan Abram,0.6359211162565103,7.911406728032128,1.9150308237605538,6.6322970205280845
2023100805_4226_56011,56011,SPLIT_DEEP,False,20.33380416304987,Jordan Howden,14.190943990777392,6.142860172272478,14.246459868326518,6.087344294723351
2023100806_133_46080,46080,SINGLE_HIGH,False,-3.3304753756024077,Minkah Fitzpatrick,-0.23448829351897116,-3.0959870820834365,1.2951481321088494,-4.625623507711257
2023100806_156_44962,44962,SINGLE_HIGH,True,1.3789973140024676,Damontae Kazee,2.4234437397843833,-1.0444464257819157,1.2107492263221236,0.16824808768034405
2023100806_179_44962,44962,SPLIT_DEEP,True,3.4985840315237544,Damontae Kazee,1.4740751652718314,2.024508866251923,1.1181986144298612,2.380385417093893
2023100806_179_46080,46080,SPLIT_DEEP,False,0.3681691648985081,Minkah Fitzpatrick,0.989011592091666,-0.6208424271931579,0.5993742281169236,-0.23120506321841555
2023100806_960_44962,44962,SINGLE_HIGH,True,1.1758570360850369,Damontae Kazee,1.2120485758470692,-0.036191539762032265,1.8040191184143932,-0.6281620823293563
2023100806_1166_54479,54479,SPLIT_DEEP,False,9.000115681076164,Kyle Hamilton,5.3872812945768,3.6128343864993635,5.36734624871156,3.6327694323646034
2023100806_1582_52627,52627,SPLIT_DEEP,True,-0.6375504205515519,Geno Stone,2.0936358773377104,-2.7311862978892623,1.748327659212518,-2.38587807976407
2023100806_1743_46080,46080,SINGLE_HIGH,False,-0.6623670483519088,Minkah Fitzpatrick,2.1869731733033473,-2.849340221655256,2.615188590984646,-3.277555639336555
2023100806_1892_44962,44962,SPLIT_DEEP,True,6.270957108846833,Damontae Kazee,3.8331225979487287,2.4378345108981043,3.187606885406007,3.083350223440826
2023100806_1892_46080,46080,SPLIT_DEEP,False,2.366982073776409,Minkah Fitzpatrick,5.523536358884035,-3.1565542851076263,4.708175585474269,-2.3411935116978597
2023100806_2238_46080,46080,SINGLE_HIGH,False,9.848496428429565,Minkah Fitzpatrick,13.287838921272389,-3.4393424928428242,12.278891172884109,-2.430394744454544
2023100806_2551_44962,44962,SINGLE_HIGH,True,12.641540146020107,Damontae Kazee,9.738985171914477,2.9025549741056302,8.573019031483277,4.06852111453683
2023100806_2718_44962,44962,SINGLE_HIGH,True,9.762856148520292,Damontae Kazee,12.374857484652576,-2.612001336132284,12.342335228276529,-2.5794790797562364
2023100806_2831_44854,44854,SINGLE_HIGH,False,3.500894160774336,Marcus Williams,2.222883070003614,1.2780110907707218,2.152797587830154,1.3480965729441818
2023100806_3379_54479,54479,SINGLE_HIGH,False,2.94237036338867,Kyle Hamilton,2.7566930627735293,0.18567730061514087,2.345343387035885,0.5970269763527853
2023100806_3445_43306,43306,SINGLE_HIGH,False,8.81721048156142,Keanu Neal,14.146794279525315,-5.329583797963895,14.018464949380544,-5.201254467819124
2023100806_3899_46080,46080,SPLIT_DEEP,False,10.458949970860322,Minkah Fitzpatrick,8.567720157045724,1.8912298138145989,8.145698282266984,2.313251688593338
2023100806_4174_44962,44962,SPLIT_DEEP,True,-5.091505331675538,Damontae Kazee,4.107355508533701,-9.198860840209239,3.7548959524116405,-8.846401284087179
2023100806_4174_46080,46080,SPLIT_DEEP,False,6.88633564300877,Minkah Fitzpatrick,3.5515257985798203,3.3348098444289493,2.376905597585087,4.509430045423683
2023100807_97_48026,48026,SPLIT_DEEP,False,-0.9750818439978808,Nick Scott,0.8173176538587441,-1.792399497856625,0.8979082580057725,-1.8729901020036532
2023100807_97_55960,55960,SPLIT_DEEP,False,4.1176357628644356,Jordan Battle,0.22841396157214172,3.889221801292294,0.916164382846933,3.2014713800175025
2023100807_187_46807,46807,SINGLE_HIGH,False,6.841953678002688,Andre Chachere,2.7517406825318695,4.090212995470818,3.1504855417854616,3.6914681362172264
2023100807_286_46807,46807,SINGLE_HIGH,False,1.1811006194508256,Andre Chachere,1.3559460972787147,-0.17484547782788917,1.5994894006829439,-0.4183887812321183
2023100807_1026_48026,48026,SINGLE_HIGH,False,9.953768996530144,Nick Scott,9.574636793957199,0.37913220257294533,9.499522280896727,0.4542467156334169
2023100807_1382_46807,46807,SINGLE_HIGH,False,3.000605484866582,Andre Chachere,0.9330833336066785,2.0675221512599036,1.227256820569214,1.7733486642973681
2023100807_1665_46807,46807,SINGLE_HIGH,False,3.587644488923002,Andre Chachere,2.251593464250669,1.336051024672333,1.4444445470140934,2.1431999419089087
2023100807_2100_52535,52535,SINGLE_HIGH,False,0.6067376139277076,K'Von Wallace,4.3556338511328745,-3.748896237205167,4.460014125854144,-3.8532765119264365
2023100807_2356_46807,46807,SINGLE_HIGH,False,25.90873381951005,Andre Chachere,16.447758715621212,9.460975103888838,16.1264874896702,9.78224632983985
2023100807_3412_52535,52535,SPLIT_DEEP,False,0.1053926211116085,K'Von Wallace,1.8247269279155514,-1.7193343068039428,1.0750528732590467,-0.9696602521474382
2023100808_440_54808,54808,SPLIT_DEEP,True,-3.5361596293188446,Reed Blankenship,1.7409462018138586,-5.277105831132703,1.1743240147543137,-4.710483644073158
2023100808_490_54808,54808,SINGLE_HIGH,True,4.051101451596191,Reed Blankenship,0.8531621130824647,3.1979393385137262,0.49853495877694876,3.552566492819242
2023100808_546_44862,44862,SINGLE_HIGH,False,0.3041328347003524,Justin Evans,2.1760152581195316,-1.871882423419179,1.6947311851438016,-1.3905983504434491
2023100808_620_44862,44862,SINGLE_HIGH,False,2.521235384100096,Justin Evans,2.0856248799336776,0.43561050416641844,0.9334835496620126,1.5877518344380834
2023100808_938_52607,52607,SPLIT_DEEP,True,19.446470293046268,Jordan Fuller,13.20745750396372,6.2390127890825475,11.778093209789178,7.66837708325709
2023100808_938_54718,54718,SPLIT_DEEP,True,12.294156050210558,Russ Yeast,12.381179608069685,-0.0870235578591263,11.64590890148556,0.6482471487249981
2023100808_984_54718,54718,SINGLE_HIGH,True,-6.919811470547922,Russ Yeast,2.470979638976962,-9.390791109524883,2.014287236753768,-8.93409870730169
2023100808_1354_54718,54718,SPLIT_DEEP,True,0.8704613307620708,Russ Yeast,1.5806294395903153,-0.7101681088282445,1.8398396499509513,-0.9693783191888805
2023100808_1652_44862,44862,SINGLE_HIGH,False,7.821042140795644,Justin Evans,8.026471794734336,-0.20542965393869217,7.961690025101671,-0.14064788430602704
2023100808_1741_44862,44862,SINGLE_HIGH,False,11.310365099168871,Justin Evans,9.31936545516178,1.9909996440070916,9.412044597766657,1.898320501402214
2023100808_1867_52607,52607,SPLIT_DEEP,True,0.4852359313039951,Jordan Fuller,1.0235542604972379,-0.5383183291932427,1.9849810784978539,-1.4997451471938588
2023100808_1867_54718,54718,SPLIT_DEEP,True,-0.6792603946467821,Russ Yeast,0.4569469549705212,-1.1362073496173033,1.0349768366116994,-1.7142372312584815
2023100808_2138_44862,44862,SPLIT_DEEP,False,2.225900472942172,Justin Evans,2.4610393242708493,-0.2351388513286774,3.8130550314620457,-1.5871545585198739
2023100808_2138_54808,54808,SPLIT_DEEP,True,2.03813311771356,Reed Blankenship,0.7048797596796403,1.3332533580339196,1.2098650179480277,0.8282680997655323
2023100808_2370_54718,54718,SPLIT_DEEP,True,5.054953941260244,Russ Yeast,9.406997326028527,-4.352043384768283,8.687820374430324,-3.6328664331700793
2023100808_2417_52607,52607,SPLIT_DEEP,True,2.2981961782287925,Jordan Fuller,4.311114020708537,-2.0129178424797445,5.314986054246229,-3.0167898760174365
2023100808_2499_54808,54808,SINGLE_HIGH,True,1.636161058794353,Reed Blankenship,2.2076448208254873,-0.5714837620311344,1.578865222456507,0.05729583633784596
2023100808_2542_44862,44862,SPLIT_DEEP,False,-3.190756903771071,Justin Evans,0.5244691385897462,-3.715226042360817,1.4135017606277103,-4.604258664398781
2023100808_2542_54808,54808,SPLIT_DEEP,True,-2.3755307484873107,Reed Blankenship,0.7737656841490682,-3.149296432636379,1.9039384356583833,-4.279469184145694
2023100808_2805_54718,54718,SPLIT_DEEP,True,3.829498984998162,Russ Yeast,1.3589907324328145,2.470508252565348,2.1055602402751106,1.7239387447230516
2023100808_2942_54718,54718,SPLIT_DEEP,True,-7.887239005333344,Russ Yeast,0.8480619356671669,-8.73530094100051,0.6703398710333204,-8.557578876366664
2023100808_3242_54808,54808,SINGLE_HIGH,True,9.328261297487067,Reed Blankenship,3.595998696298744,5.7322626011883235,3.099473799248284,6.228787498238783
2023100808_3290_54808,54808,SINGLE_HIGH,True,10.691663685432978,Reed Blankenship,12.56755038559054,-1.8758867001575616,12.658374527687302,-1.966710842254324
2023100808_3368_54718,54718,SINGLE_HIGH,True,15.479915954077477,Russ Yeast,12.448118677755787,3.03179727632169,12.065548423780234,3.414367530297243
2023100808_3425_54718,54718,SINGLE_HIGH,True,3.932931802102308,Russ Yeast,1.5383040899631448,2.3946277121391635,1.9858280692534658,1.9471037328488423
2023100808_3652_54808,54808,SINGLE_HIGH,True,0.6645800948827327,Reed Blankenship,0.7078054002234987,-0.04322530534076596,0.9879079830312598,-0.3233278881485271
2023100808_3712_54808,54808,SINGLE_HIGH,True,14.54381403820587,Reed Blankenship,12.762341069416541,1.7814729687893287,12.472450474350325,2.071363563855545
2023100808_4040_44862,44862,SPLIT_DEEP,False,11.137806782282263,Justin Evans,18.454647041682747,-7.316840259400484,15.57512788990691,-4.437321107624646
2023100808_4040_54808,54808,SPLIT_DEEP,True,17.568928164721427,Reed Blankenship,14.09359271386548,3.4753354508559475,14.778217971483517,2.79071019323791
2023100808_4063_54808,54808,SPLIT_DEEP,True,0.555854417477871,Reed Blankenship,9.028349696224193,-8.472495278746322,8.232038161242714,-7.6761837437648435
2023100809_884_43387,43387,SPLIT_DEEP,True,-2.392639280685404,Justin Simmons,1.185548862898478,-3.5781881435838825,0.588708793630941,-2.981348074316345
2023100809_994_54833,54833,SPLIT_DEEP,False,0.790312600862606,Tony Adams,5.091410754702681,-4.3010981538400745,5.275060602754813,-4.484748001892207
2023100809_2036_35459,35459,SPLIT_DEEP,False,6.153153884152581,Kareem Jackson,1.0644713551635276,5.088682528989054,1.443294611689721,4.70985927246286
2023100809_3128_43387,43387,SINGLE_HIGH,True,1.661780530051101,Justin Simmons,1.6862021510134746,-0.024421620962373547,1.6964769578163432,-0.03469642776524218
2023100809_3324_43387,43387,SINGLE_HIGH,True,9.412578214904917,Justin Simmons,10.070698549987926,-0.6581203350830087,9.50532808994623,-0.0927498750413136
2023100809_3764_43387,43387,SINGLE_HIGH,True,0.1164492380507145,Justin Simmons,0.911829435035863,-0.7953801969851485,1.836915904802014,-1.7204666667512996
2023100809_4120_54833,54833,SPLIT_DEEP,False,1.6476398688725036,Tony Adams,2.409190276704997,-0.7615504078324933,1.418642990452181,0.22899687842032268
2023100810_467_54527,54527,SPLIT_DEEP,False,0.6222217799377061,Bryan Cook,1.209336319801772,-0.5871145398640658,1.0290924530995564,-0.4068706731618503
2023100810_1076_46137,46137,SPLIT_DEEP,False,0.9620773133331632,Justin Reid,1.0537034954828828,-0.09162618214971963,0.3698351149596988,0.5922421983734644
2023100810_1479_53554,53554,SINGLE_HIGH,True,6.156451915387514,Camryn Bynum,11.674581102521195,-5.518129187133681,10.17296685124782,-4.016514935860306
2023100810_1637_46137,46137,SINGLE_HIGH,False,0.7635815477283376,Justin Reid,1.931130214732965,-1.1675486670046273,1.3057533283245242,-0.5421717805961865
2023100810_1962_38559,38559,SPLIT_DEEP,False,10.271609420376684,Harrison Smith,6.095615136184134,4.175994284192551,5.467512765992826,4.804096654383859
2023100810_2563_46137,46137,SINGLE_HIGH,False,2.045679705624851,Justin Reid,1.1892505058661211,0.8564291997587297,2.901327887623797,-0.8556481819989461
2023100810_2608_47882,47882,SINGLE_HIGH,False,17.1230700995718,Mike Edwards,10.978931734732491,6.144138364839311,10.4965548445642,6.626515255007602
2023100810_4181_47882,47882,SPLIT_DEEP,False,4.959515344448135,Mike Edwards,2.688962498736691,2.2705528457114434,1.9214583602971889,3.0380569841509457
2023100810_4252_54527,54527,SPLIT_DEEP,False,6.0614666042147505,Bryan Cook,3.165536331194923,2.8959302730198275,5.432114406576961,0.6293521976377896
2023100811_88_44827,44827,SPLIT_DEEP,True,1.1474322471024203,Malik Hooker,1.4938499990312548,-0.3464177519288345,1.431988622879139,-0.28455637577671866
2023100811_263_44827,44827,SINGLE_HIGH,True,10.55442904110456,Malik Hooker,4.358274198967157,6.196154842137403,6.367743140454571,4.18668590064999
2023100811_360_53609,53609,SINGLE_HIGH,False,1.5848257249354276,Talanoa Hufanga,1.5317769537981707,0.05304877113725692,2.6965277855762677,-1.11170206064084
2023100811_898_44827,44827,SINGLE_HIGH,True,-1.5164708404864855,Malik Hooker,2.073402572522207,-3.589873413008693,3.3209642670511146,-4.8374351075376
2023100811_921_44827,44827,SINGLE_HIGH,True,-0.962912752806174,Malik Hooker,2.7167252765578622,-3.6796380293640363,2.2274895679349154,-3.1904023207410894
2023100811_1168_53609,53609,SINGLE_HIGH,False,19.716733272561065,Talanoa Hufanga,14.054222441625534,5.662510830935531,16.05336235360043,3.6633709189606343
2023100811_1621_53609,53609,SINGLE_HIGH,False,17.14908355639475,Talanoa Hufanga,14.296043558455384,2.8530399979393657,13.859719942195172,3.289363614199578
2023100811_1685_44827,44827,SINGLE_HIGH,True,4.21051946993045,Malik Hooker,-0.16612450842259086,4.376643978353041,1.8845924343543716,2.325927035576078
2023100811_1880_44827,44827,SINGLE_HIGH,True,-0.6753781743704659,Malik Hooker,1.8722665615146479,-2.5476447358851138,1.1737917023867102,-1.849169876757176
2023100811_2155_44827,44827,SINGLE_HIGH,True,1.3636655410545426,Malik Hooker,1.564523436339993,-0.20085789528545028,2.3318343424651236,-0.9681688014105809
2023100811_2513_44827,44827,SINGLE_HIGH,True,-1.5318783051719969,Malik Hooker,1.477259120021547,-3.009137425193544,2.7390700216520596,-4.2709483268240565
2023100811_2626_44827,44827,SINGLE_HIGH,True,-3.4543257992556597,Malik Hooker,2.1650593318501543,-5.619385131105814,2.7944227183401305,-6.24874851759579
2023100811_2651_44827,44827,SINGLE_HIGH,True,2.0879017235807247,Malik Hooker,2.081888280383563,0.006013443197161461,2.0670761562038757,0.02082556737684893
2023100811_2816_38868,38868,SINGLE_HIGH,True,19.27806597365711,Tashaun Gipson,18.318089315472246,0.9599766581848641,17.698172051467054,1.579893922190056
2023100811_2942_44827,44827,SINGLE_HIGH,True,7.632796177099996,Malik Hooker,6.244352185681346,1.38844399141865,5.324988037070976,2.30780814002902
2023100811_3190_53609,53609,SPLIT_DEEP,False,3.5936040489876904,Talanoa Hufanga,1.6019420256499324,1.991662023337758,1.4956387904377415,2.097965258549949
2023100900_181_47974,47974,SPLIT_DEEP,True,6.0762382100768795,Marcus Epps,2.829741562584876,3.2464966474920036,1.6852560903215679,4.390982119755312
2023100900_228_47974,47974,SINGLE_HIGH,True,12.227558978383913,Marcus Epps,9.679869408401103,2.5476895699828095,7.342329984785463,4.885228993598449
2023100900_710_47804,47804,SINGLE_HIGH,False,0.3235410657464443,Darnell Savage,1.3036739398891317,-0.9801328741426873,1.4816456052494038,-1.1581045395029594
2023100900_1765_47804,47804,SPLIT_DEEP,False,4.77071369621153,Darnell Savage,0.2766068953716089,4.494106800839921,0.4413604857980946,4.329353210413435
2023100900_1797_45021,45021,SPLIT_DEEP,False,3.9100406356621735,Rudy Ford,2.5694481448925317,1.3405924907696418,1.2757635015385151,2.6342771341236584
2023100900_2399_47974,47974,SINGLE_HIGH,True,5.058592990700621,Marcus Epps,10.172771585032201,-5.11417859433158,8.275375799542552,-3.2167828088419306
2023100900_2892_47974,47974,SINGLE_HIGH,True,-8.730082630611605,Marcus Epps,13.050977508338061,-21.781060138949666,15.84741404986556,-24.577496680477164
2023100900_3076_47974,47974,SINGLE_HIGH,True,3.06081788952224,Marcus Epps,1.3736742036583107,1.6871436858639293,2.118263016377414,0.9425548731448261
2023100900_3330_47974,47974,SPLIT_DEEP,True,17.233455990838713,Marcus Epps,18.618682502166365,-1.3852265113276516,15.982702182835247,1.2507538080034664
2023100900_3330_53472,53472,SPLIT_DEEP,True,20.65095365830502,Tre'von Moehrig,17.51447994483404,3.1364737134709806,15.094925520348749,5.556028137956272
2023100900_3753_53472,53472,SPLIT_DEEP,True,1.940043968328807,Tre'von Moehrig,2.751672861615987,-0.81162889328718,0.7125994083936416,1.2274445599351655
2023100900_3776_47974,47974,SPLIT_DEEP,True,14.491784973879172,Marcus Epps,9.218062968514491,5.2737220053646805,8.997773826256592,5.4940111476225795
2023101200_589_35459,35459,SPLIT_DEEP,False,-2.338396597720102,Kareem Jackson,1.441552600955583,-3.779949198675685,2.2021661386492086,-4.540562736369311
2023101200_589_43387,43387,SPLIT_DEEP,True,-4.989710761155009,Justin Simmons,0.7777551556745275,-5.767465916829536,0.9053246087352971,-5.895035369890306
2023101200_1771_43387,43387,SPLIT_DEEP,True,-1.418665101007715,Justin Simmons,1.3277468861450272,-2.746411987152742,1.57472476126118,-2.993389862268895
2023101200_2654_43387,43387,SPLIT_DEEP,True,4.1524605765180596,Justin Simmons,1.7838833932033569,2.3685771833147027,2.2056245317058485,1.946836044812211
2023101200_2994_46137,46137,SPLIT_DEEP,False,2.048688507752324,Justin Reid,2.1336307528556855,-0.08494224510336146,1.3251227578636744,0.7235657498886496
2023101200_3050_47882,47882,SPLIT_DEEP,False,-10.276447064310108,Mike Edwards,9.288667792331228,-19.565114856641337,9.403499606935299,-19.679946671245407
2023101200_3050_54527,54527,SPLIT_DEEP,False,12.788311486198046,Bryan Cook,9.929832650743236,2.858478835454809,9.946620027586967,2.841691458611079
2023101200_3195_35459,35459,SPLIT_DEEP,False,10.217532591489544,Kareem Jackson,7.688956855464511,2.528575736025033,8.514761750816303,1.7027708406732405
2023101200_3837_54527,54527,SINGLE_HIGH,False,-3.3782689766426017,Bryan Cook,3.422957459067129,-6.801226435709731,2.383761611446497,-5.7620305880890985
2023101500_140_47899,47899,SPLIT_DEEP,False,6.545885165896445,Amani Hooker,0.21446170793151775,6.331423457964927,1.556748473992286,4.989136691904159
2023101500_400_54479,54479,SINGLE_HIGH,False,-2.015732246774209,Kyle Hamilton,1.610220122312386,-3.625952369086595,1.1763804070720152,-3.192112653846224
2023101500_1655_44854,44854,SINGLE_HIGH,False,-0.263863504809251,Marcus Williams,1.3695794533246957,-1.6334429581339467,1.2243371592888774,-1.4882006640981285
2023101500_1702_44854,44854,SPLIT_DEEP,False,10.392940360180212,Marcus Williams,5.4049923903870924,4.98794796979312,3.52182406120201,6.871116298978202
2023101500_1702_54479,54479,SPLIT_DEEP,False,8.587776719777464,Kyle Hamilton,6.112048049438557,2.475728670338907,5.635697257886952,2.952079461890512
2023101500_1949_53049,53049,SINGLE_HIGH,False,21.207302229714923,Shyheim Carter,12.307034422280568,8.900267807434355,14.455012907347218,6.752289322367705
2023101500_2935_52627,52627,SINGLE_HIGH,True,13.763520415792003,Geno Stone,10.338661172707207,3.4248592430847964,8.193681210330439,5.569839205461564
2023101500_3557_43353,43353,SPLIT_DEEP,False,10.3863118596108,Kevin Byard,7.993426348324771,2.3928855112860283,6.373720111080931,4.012591748529869
2023101500_3557_47899,47899,SPLIT_DEEP,False,8.796590336222751,Amani Hooker,7.420942578269932,1.3756477579528195,8.066851445740655,0.7297388904820963
2023101500_4145_52627,52627,SINGLE_HIGH,True,10.553754159035517,Geno Stone,6.004425827916,4.549328331119517,6.771777737345074,3.781976421690443
2023101501_177_53469,53469,SPLIT_DEEP,False,10.118867367020986,Richie Grant,9.09177775220683,1.0270896148141553,9.107985402514307,1.0108819645066784
2023101501_222_46123,46123,SPLIT_DEEP,True,4.901264855332738,Jessie Bates,2.900964565340337,2.0003002899924014,2.653544763020464,2.2477200923122744
2023101501_305_46123,46123,SPLIT_DEEP,True,2.4275161238095073,Jessie Bates,1.9148731164366641,0.5126430073728432,1.3665364775522528,1.0609796462572545
2023101501_397_54578,54578,SINGLE_HIGH,True,10.079805806097363,Percy Butler,6.570130455019165,3.509675351078198,6.077707694435514,4.00209811166185
2023101501_859_46123,46123,SPLIT_DEEP,True,12.542909925104247,Jessie Bates,13.796555850686696,-1.2536459255824486,12.730974137478396,-0.18806421237414916
2023101501_1161_52624,52624,SPLIT_DEEP,False,1.489475347601484,Kam Curl,1.3114783839229884,0.1779969636784955,1.2915996099041962,0.19787573769728772
2023101501_1161_54578,54578,SPLIT_DEEP,True,0.624964057760145,Percy Butler,1.9061267767095744,-1.2811627189494295,0.9378485554487455,-0.3128844976886005
2023101501_1233_52624,52624,SPLIT_DEEP,False,3.3121397119349325,Kam Curl,20.480464698322425,-17.168324986387493,16.306698417301682,-12.99455870536675
2023101501_1233_54578,54578,SPLIT_DEEP,True,26.088629540559655,Percy Butler,13.091314724517328,12.997314816042326,16.469744857936554,9.6188846826231
2023101501_1278_54578,54578,SINGLE_HIGH,True,5.263002394143186,Percy Butler,9.258210308649435,-3.995207914506249,9.473814219223602,-4.210811825080416
2023101501_1331_46123,46123,SPLIT_DEEP,True,-2.9556860980379938,Jessie Bates,7.392458794156499,-10.348144892194494,6.452576184622427,-9.40826228266042
2023101501_1331_53469,53469,SPLIT_DEEP,False,13.71520813350954,Richie Grant,5.50237781002594,8.212830323483601,6.467131477564028,7.248076655945512
2023101501_1844_54578,54578,SPLIT_DEEP,True,0.6867565429578342,Percy Butler,1.316819426899273,-0.6300628839414388,0.7065062302854326,-0.01974968732759841
2023101501_2069_52624,52624,SPLIT_DEEP,False,7.224710563020903,Kam Curl,3.4759862556637002,3.7487243073572025,2.3872244605887882,4.8374861024321145
2023101501_2822_52624,52624,SPLIT_DEEP,False,0.3756441744331962,Kam Curl,2.476770634205965,-2.101126459772769,1.3044476243469063,-0.9288034499137101
2023101501_2822_54578,54578,SPLIT_DEEP,True,0.1862036131575957,Percy Butler,1.2848485482078347,-1.098644935050239,0.5443477906989713,-0.3581441775413756
2023101501_3243_56089,56089,SPLIT_DEEP,False,2.825094287246963,DeMarcco Hellams,1.0980795623105355,1.7270147249364276,1.081492115400529,1.743602171846434
2023101501_3286_52624,52624,SPLIT_DEEP,False,5.038528729649235,Kam Curl,9.929939202309518,-4.891410472660283,9.370299785827727,-4.331771056178493
2023101501_3286_54578,54578,SPLIT_DEEP,True,9.29618430335349,Percy Butler,10.102777906609084,-0.8065936032555943,9.719889756855707,-0.4237054535022171
2023101501_3806_52624,52624,SINGLE_HIGH,False,5.56595730095642,Kam Curl,8.062360254410793,-2.496402953454373,8.432262629744233,-2.8663053287878135
2023101501_3849_52624,52624,SPLIT_DEEP,False,1.0330296210695271,Kam Curl,2.746955881519695,-1.7139262604501677,2.259276045872454,-1.226246424802927
2023101501_3849_54578,54578,SPLIT_DEEP,True,1.0657022027692111,Percy Butler,3.5233037410757566,-2.4576015383065455,2.988787493428359,-1.9230852906591478
2023101501_3973_54578,54578,SPLIT_DEEP,True,-3.8248344351494943,Percy Butler,0.7527465123693228,-4.577580947518817,1.4409778658836974,-5.265812301033192
2023101501_4005_52624,52624,SPLIT_DEEP,False,0.030008583048751,Kam Curl,2.240338016460572,-2.210329433411821,3.0515467904378575,-3.0215382073891064
2023101501_4060_52624,52624,SPLIT_DEEP,False,2.36271088156521,Kam Curl,1.7416902057557535,0.6210206758094565,2.906968596519813,-0.5442577149546031
2023101501_4060_55912,55912,SPLIT_DEEP,False,1.2689527573956667,Quan Martin,1.208027634797238,0.06092512259842864,1.4848542332885621,-0.21590147589289543
2023101502_260_44925,44925,SINGLE_HIGH,True,2.15075713730433,Eddie Jackson,1.071780127617661,1.078977009686669,2.5967354172222343,-0.4459782799179042
2023101502_329_44925,44925,SPLIT_DEEP,True,2.645302432121319,Eddie Jackson,1.5651437051241552,1.080158726997164,1.202112324245686,1.4431901078756333
2023101502_965_54719,54719,SINGLE_HIGH,False,-1.0494662880866423,Elijah Hicks,0.38000002553937207,-1.4294663136260144,1.4385725461597563,-2.4880388342463986
2023101502_1306_44925,44925,SPLIT_DEEP,True,13.3690595660946,Eddie Jackson,10.614667271218739,2.7543922948758617,10.228434088450694,3.1406254776439066
2023101502_1306_54513,54513,SPLIT_DEEP,True,7.057838352631849,Jaquan Brisker,9.376386321434213,-2.3185479688023634,9.928544050081202,-2.8707056974493526
2023101502_1408_44925,44925,SPLIT_DEEP,True,4.357405571674617,Eddie Jackson,0.5617975594994391,3.795608012175178,1.0067667480299,3.350638823644717
2023101502_1408_54513,54513,SPLIT_DEEP,True,5.880632524554947,Jaquan Brisker,1.4354570283745285,4.445175496180418,1.4817379156824497,4.398894608872498
2023101502_1966_54719,54719,SPLIT_DEEP,False,3.3960211439272,Elijah Hicks,1.3659663625584684,2.0300547813687317,1.3906310795033239,2.0053900644238762
2023101502_2064_54513,54513,SPLIT_DEEP,True,5.423843999581546,Jaquan Brisker,0.952733986149262,4.471110013432284,0.9357500121486346,4.4880939874329115
2023101502_2253_54719,54719,SPLIT_DEEP,False,5.902043576144708,Elijah Hicks,6.229504275712209,-0.3274606995675011,7.448340306820257,-1.5462967306755493
2023101502_3191_53554,53554,SPLIT_DEEP,True,0.4210473568489643,Camryn Bynum,1.5337501966015838,-1.1127028397526195,1.8273684213374128,-1.4063210644884485
2023101502_3437_53554,53554,SINGLE_HIGH,True,2.2317948737191826,Camryn Bynum,-0.05771945199599715,2.2895143257151798,1.3016826274091766,0.930112246310006
2023101502_3816_38559,38559,SINGLE_HIGH,False,4.30981757259012,Harrison Smith,11.411086604567291,-7.101269031977171,11.232737598560654,-6.922920025970534
2023101502_3940_38559,38559,SINGLE_HIGH,False,11.07745644725192,Harrison Smith,12.961087395313287,-1.8836309480613664,13.09153660390054,-2.0140801566486193
2023101503_691_42543,42543,SINGLE_HIGH,True,1.70154487001155,Quandre Diggs,0.8568812077562395,0.8446636622553105,1.1726208393016346,0.5289240307099154
2023101503_746_42543,42543,SINGLE_HIGH,True,0.9940866793468216,Quandre Diggs,1.2769955290929225,-0.28290884974610087,2.04315552186835,-1.0490688425215282
2023101503_935_47891,47891,SPLIT_DEEP,True,7.259332600122186,Julian Love,4.682314107317718,2.577018492804468,4.7790059706954935,2.480326629426693
2023101503_997_42543,42543,SPLIT_DEEP,True,-1.278904721975331,Quandre Diggs,1.1010651830131566,-2.3799699049884877,0.9086095667841221,-2.187514288759453
2023101503_997_47891,47891,SPLIT_DEEP,True,-2.210191790845508,Julian Love,1.8124159366313795,-4.022607727476887,1.6177062763445722,-3.8278980671900804
2023101503_1839_42543,42543,SINGLE_HIGH,True,2.0757806685943407,Quandre Diggs,0.6977872825472369,1.3779933860471039,1.9426625744665156,0.13311809412782516
2023101503_3755_42543,42543,SPLIT_DEEP,True,5.096372019290774,Quandre Diggs,5.924558410067218,-0.8281863907764437,7.106221378332477,-2.009849359041703
2023101503_3871_48026,48026,SINGLE_HIGH,False,10.419291236855688,Nick Scott,5.314665682768777,5.104625554086911,5.008924567713386,5.410366669142302
2023101504_655_53609,53609,SINGLE_HIGH,False,17.146444881400733,Talanoa Hufanga,10.848221383095087,6.298223498305646,10.321367383555305,6.825077497845427
2023101504_678_38868,38868,SPLIT_DEEP,True,-2.829184270466312,Tashaun Gipson,0.8551843739254797,-3.684368644391792,1.303964983955554,-4.133149254421866
2023101504_1585_53609,53609,SINGLE_HIGH,False,10.634162248938363,Talanoa Hufanga,9.246751358951395,1.3874108899869686,10.24351068097401,0.39065156796435296
2023101504_1919_47846,47846,SINGLE_HIGH,False,1.0229221370962271,Juan Thornhill,1.6375475648270736,-0.6146254277308465,1.6031360196758957,-0.5802138825796685
2023101504_1998_47846,47846,SINGLE_HIGH,False,16.81323592471987,Juan Thornhill,12.291303074380618,4.521932850339251,12.90576417986394,3.907471744855929
2023101504_2405_53609,53609,SINGLE_HIGH,False,14.529416467453794,Talanoa Hufanga,7.25160228466094,7.277814182792854,6.474642610633381,8.054773856820413
2023101504_2450_53609,53609,SINGLE_HIGH,False,20.225793128744385,Talanoa Hufanga,18.213698023451062,2.012095105293323,15.837162688035916,4.38863044070847
2023101504_2658_47846,47846,SINGLE_HIGH,False,-4.318597015438882,Juan Thornhill,1.359210968378872,-5.677807983817754,2.5834792665063393,-6.902076281945221
2023101504_2703_38843,38843,SPLIT_DEEP,False,1.2021816868309203,Rodney McLeod,1.0151140606388178,0.1870676261921025,1.2247106918313815,-0.022529005000461177
2023101504_2703_47846,47846,SPLIT_DEEP,False,-3.0341950946582985,Juan Thornhill,0.49485671277670445,-3.529051807435003,0.8802901454150156,-3.914485240073314
2023101504_2802_53609,53609,SPLIT_DEEP,False,3.788009210212385,Talanoa Hufanga,2.6947658584514818,1.0932433517609033,2.479068503222388,1.308940706989997
2023101504_3327_53609,53609,SINGLE_HIGH,False,17.711913026304366,Talanoa Hufanga,11.70750529755967,6.004407728744695,11.25562172470612,6.456291301598245
2023101504_3506_38843,38843,SPLIT_DEEP,False,-2.374638410195127,Rodney McLeod,4.424260159064857,-6.7988985692599835,3.809703414298186,-6.184341824493313
2023101504_3619_38868,38868,SPLIT_DEEP,True,7.43229873720417,Tashaun Gipson,5.152452087562061,2.279846649642109,4.430929779918509,3.0013689572856608
2023101504_3794_38868,38868,SPLIT_DEEP,True,7.952876831697807,Tashaun Gipson,1.495557078628595,6.457319753069212,1.2939435931639292,6.658933238533878
2023101504_3794_53609,53609,SPLIT_DEEP,False,-0.3370995981353264,Talanoa Hufanga,1.5515659972077547,-1.888665595343081,1.4075834069966646,-1.744683005131991
2023101504_3861_38868,38868,SINGLE_HIGH,True,7.48411037393547,Tashaun Gipson,9.133108749305048,-1.6489983753695778,7.998600880882238,-0.5144905069467676
2023101504_3886_53609,53609,SPLIT_DEEP,False,0.3938387787811166,Talanoa Hufanga,1.3280772245373473,-0.9342384457562307,1.640726040431808,-1.2468872616506914
2023101504_4129_47846,47846,SPLIT_DEEP,False,9.419361360143256,Juan Thornhill,5.302286546100523,4.117074814042733,3.7857370923937275,5.6336242677495285
2023101504_4522_38843,38843,SPLIT_DEEP,False,2.5339004695646867,Rodney McLeod,1.5250841161440813,1.0088163534206054,1.7448861624216878,0.7890143071429989
2023101504_4522_47846,47846,SPLIT_DEEP,False,-0.9334124772395818,Juan Thornhill,1.22386586970219,-2.157278346941772,1.240660403979044,-2.174072881218626
2023101504_4545_47846,47846,SPLIT_DEEP,False,12.184355196608204,Juan Thornhill,12.117190140238083,0.06716505637012027,12.079786614145695,0.10456858246250889
2023101505_240_56011,56011,SPLIT_DEEP,False,12.24106534999608,Jordan Howden,7.44169797119405,4.799367378802031,7.526616792905655,4.714448557090426
2023101505_429_43395,43395,SPLIT_DEEP,False,21.961289952892727,Eric Murray,18.022853961906467,3.9384359909862603,16.14249864037228,5.818791312520446
2023101505_429_54502,54502,SPLIT_DEEP,True,17.498387870695744,Jalen Pitre,17.74777277694962,-0.24938490625387644,16.39040894008797,1.107978930607775
2023101505_637_40017,40017,SINGLE_HIGH,True,4.058913957367039,Tyrann Mathieu,3.1215703942521036,0.9373435631149358,3.6328352787542944,0.42607867861274507
2023101505_787_54502,54502,SINGLE_HIGH,True,13.254459890884991,Jalen Pitre,10.484209863355018,2.7702500275299737,9.529725907527778,3.724733983357213
2023101505_810_54502,54502,SPLIT_DEEP,True,3.330562390781433,Jalen Pitre,1.5131622169324481,1.817400173848985,1.5488184241601832,1.7817439666212498
2023101505_937_46122,46122,SPLIT_DEEP,False,-4.650000814880231,M.J. Stewart,5.474480697570683,-10.124481512450913,5.975936251366525,-10.625937066246756
2023101505_937_54502,54502,SPLIT_DEEP,True,8.152891684855428,Jalen Pitre,4.422620325591552,3.7302713592638757,6.181615217331697,1.9712764675237304
2023101505_1145_56011,56011,SINGLE_HIGH,False,9.568905094059726,Jordan Howden,10.462901350423664,-0.8939962563639376,11.119312671018259,-1.5504075769585324
2023101505_1192_40017,40017,SPLIT_DEEP,True,-0.8787079270381515,Tyrann Mathieu,1.7290626857530509,-2.607770612791202,2.056918614442994,-2.9356265414811453
2023101505_1290_46122,46122,SINGLE_HIGH,False,10.972142358094915,M.J. Stewart,6.211199652269202,4.760942705825713,5.868183400348931,5.103958957745984
2023101505_1389_44851,44851,SINGLE_HIGH,False,-1.6695188285333238,Marcus Maye,4.912822925464445,-6.582341753997769,4.5932339675042995,-6.262752796037623
2023101505_1931_46122,46122,SPLIT_DEEP,False,1.139961654293502,M.J. Stewart,1.7413126626235758,-0.6013510083300737,0.4264704935067041,0.713491160786798
2023101505_2338_40017,40017,SPLIT_DEEP,True,2.90663076608951,Tyrann Mathieu,4.536740700598144,-1.630109934508634,4.22046613555715,-1.3138353694676397
2023101505_2487_44851,44851,SINGLE_HIGH,False,-11.571812077521564,Marcus Maye,-0.6748497622169308,-10.896962315304632,1.3003165515498427,-12.872128629071407
2023101505_2701_54502,54502,SINGLE_HIGH,True,2.541454388370246,Jalen Pitre,1.3996493094760474,1.1418050788941987,2.6848135685617702,-0.14335918019152416
2023101505_2859_54502,54502,SPLIT_DEEP,True,1.4686009349268625,Jalen Pitre,0.8400085934381925,0.62859234148867,1.2070841170880522,0.2615168178388103
2023101505_3019_44851,44851,SPLIT_DEEP,False,-1.5190107192817557,Marcus Maye,-0.6560858657228625,-0.8629248535588931,1.3188511381870107,-2.8378618574687664
2023101505_3019_56011,56011,SPLIT_DEEP,False,-1.577563718560806,Jordan Howden,1.962192829209288,-3.539756547770094,1.295729881988625,-2.873293600549431
2023101505_3290_54502,54502,SPLIT_DEEP,True,5.827352388386728,Jalen Pitre,1.9168758451475574,3.910476543239171,2.052055633974418,3.7752967544123104
2023101505_3518_46122,46122,SPLIT_DEEP,False,19.330008191940628,M.J. Stewart,16.070348805061037,3.2596593868795907,15.984420876674637,3.345587315265991
2023101505_3518_54502,54502,SPLIT_DEEP,True,26.142678835147407,Jalen Pitre,18.775014745507033,7.367664089640375,14.07434266294927,12.068336172198137
2023101505_3792_40017,40017,SINGLE_HIGH,True,-0.12599746710403,Tyrann Mathieu,0.9132011618009779,-1.039198628905008,1.2062209170173972,-1.3322183841214272
2023101506_212_53494,53494,SINGLE_HIGH,True,7.401861993060869,Andre Cisco,2.122017550245058,5.279844442815811,2.388862906015526,5.012999087045343
2023101506_1038_53494,53494,SINGLE_HIGH,True,10.36406587271333,Andre Cisco,14.148465787989954,-3.784399915276625,12.146314335597914,-1.782248462884585
2023101506_1153_54704,54704,SINGLE_HIGH,True,11.21668293837966,Rodney Thomas,10.716042993108058,0.5006399452716028,9.980978015593932,1.2357049227857289
2023101506_1183_52493,52493,SPLIT_DEEP,False,12.282130334186489,Julian Blackmon,6.612172435651042,5.669957898535447,5.703854157187561,6.578276176998927
2023101506_1671_44926,44926,SPLIT_DEEP,True,1.3006214410920407,Rayshawn Jenkins,1.5199555725464609,-0.21933413145442016,1.1604728590204756,0.1401485820715651
2023101506_1671_53494,53494,SPLIT_DEEP,True,3.604160851018841,Andre Cisco,1.8838241382763863,1.7203367127424547,0.5462291248845492,3.0579317261342918
2023101506_1912_52493,52493,SPLIT_DEEP,False,6.972798965607982,Julian Blackmon,3.820916698263317,3.151882267344665,4.865455460249635,2.1073435053583474
2023101506_2316_54704,54704,SPLIT_DEEP,True,-0.6870665785405272,Rodney Thomas,14.425321221596652,-15.11238780013718,14.499734391333211,-15.186800969873739
2023101506_2408_44926,44926,SINGLE_HIGH,True,1.806829818221976,Rayshawn Jenkins,1.8697162255228914,-0.06288640730091544,2.1833747671771695,-0.3765449489551935
2023101506_2463_44926,44926,SINGLE_HIGH,True,2.394598508152451,Rayshawn Jenkins,0.3668763697175719,2.027722138434879,3.2169284593368257,-0.8223299511843747
2023101506_3156_44926,44926,SPLIT_DEEP,True,2.2287265432081433,Rayshawn Jenkins,3.9446951581549934,-1.71596861494685,2.2815906798664027,-0.0528641366582594
2023101506_3156_53494,53494,SPLIT_DEEP,True,0.3485041955085641,Andre Cisco,4.34003390027893,-3.9915297047703655,2.722001603195806,-2.3734974076872417
2023101506_3431_54704,54704,SINGLE_HIGH,True,9.962117497370478,Rodney Thomas,9.716298237622285,0.24581925974819363,9.117726171007662,0.8443913263628158
2023101506_3484_52493,52493,SPLIT_DEEP,False,2.1306922337065557,Julian Blackmon,2.0245446290813773,0.10614760462517836,0.5381401614994097,1.592552072207146
2023101506_3547_53494,53494,SPLIT_DEEP,True,15.657912212300626,Andre Cisco,9.779187437319573,5.878724774981054,8.259872090844844,7.398040121455782
2023101506_3570_44926,44926,SINGLE_HIGH,True,3.0951188920944936,Rayshawn Jenkins,1.6624243008538881,1.4326945912406055,2.206293884690692,0.8888250074038018
2023101506_3628_48508,48508,SPLIT_DEEP,False,3.845078309155907,Andrew Wingard,1.588672602593634,2.256405706562273,1.2672051235463702,2.577873185609537
2023101506_3803_44926,44926,SPLIT_DEEP,True,0.4861230846435109,Rayshawn Jenkins,10.746127178444473,-10.260004093800962,13.12615297100378,-12.640029886360269
2023101506_3803_53494,53494,SPLIT_DEEP,True,10.650184236115171,Andre Cisco,13.098935122166289,-2.4487508860511173,13.301060490424902,-2.650876254309731
2023101506_3828_44926,44926,SPLIT_DEEP,True,0.6001622909317517,Rayshawn Jenkins,2.245787913557219,-1.6456256226254675,1.391079224436135,-0.7909169335043833
2023101506_4117_44926,44926,SPLIT_DEEP,True,-0.175574657853037,Rayshawn Jenkins,1.7807085890760765,-1.9562832469291136,0.09559992854674704,-0.27117458639978403
2023101506_4117_53494,53494,SPLIT_DEEP,True,4.547713467932377,Andre Cisco,2.067431490420115,2.480281977512262,1.6308421827256563,2.916871285206721
2023101506_4285_44926,44926,SINGLE_HIGH,True,4.601829798015403,Rayshawn Jenkins,1.4056902712288144,3.196139526786588,2.545322849028584,2.0565069489868186
2023101506_4310_44926,44926,SPLIT_DEEP,True,5.374988670315667,Rayshawn Jenkins,0.8012648363075442,4.573723834008123,0.7120691379884647,4.662919532327202
2023101506_4310_53494,53494,SPLIT_DEEP,True,-4.397918472891778,Andre Cisco,0.5404347154170958,-4.938353188308874,2.184892401119699,-6.582810874011477
2023101506_4333_53494,53494,SINGLE_HIGH,True,2.354442626423208,Andre Cisco,1.9519348237497196,0.4025078026734885,1.790144718246081,0.5642979081771271
2023101506_4434_44926,44926,SPLIT_DEEP,True,4.895664513878202,Rayshawn Jenkins,1.2174318024910793,3.678232711387123,1.4701824257457456,3.4254820881324566
2023101506_4434_53494,53494,SPLIT_DEEP,True,0.2000397342492439,Andre Cisco,1.0723875130807032,-0.8723477788314593,1.3245340724385724,-1.1244943381893284
2023101507_240_46259,46259,SPLIT_DEEP,True,-1.1396945849474118,DeShon Elliott,1.337825403813556,-2.477519988760968,1.4787501433370727,-2.6184447282844845
2023101507_240_53465,53465,SPLIT_DEEP,False,-5.699495609791516,Jevon Holland,-1.2955430393678256,-4.40395257042369,-0.03787287735536893,-5.661622732436147
2023101507_901_43616,43616,SPLIT_DEEP,False,4.9700475183046375,Matthias Farley,5.30115059036406,-0.33110307205942213,2.956485790233944,2.0135617280706937
2023101507_901_52939,52939,SPLIT_DEEP,False,-5.496729747233891,Sam Franklin Jr.,-2.752326564929964,-2.7444031823039268,1.2588710531605631,-6.755600800394454
2023101507_946_43616,43616,SPLIT_DEEP,False,20.742722503544556,Matthias Farley,14.592868128970885,6.149854374573671,14.800838951492914,5.941883552051642
2023101507_946_52939,52939,SPLIT_DEEP,False,19.19456429715574,Sam Franklin Jr.,15.414366276861012,3.780198020294728,15.213798622133105,3.980765675022635
2023101507_1078_52939,52939,SINGLE_HIGH,False,0.5937925502270698,Sam Franklin Jr.,1.1060471242071384,-0.5122545739800686,2.3684725228395003,-1.7746799726124305
2023101507_1283_46259,46259,SPLIT_DEEP,True,3.15674087899865,DeShon Elliott,1.257154146872832,1.899586732125818,1.5231867869037288,1.6335540920949212
2023101507_1283_53465,53465,SPLIT_DEEP,False,-0.2012035639484057,Jevon Holland,1.4287790685470811,-1.629982632495487,0.4758795311055586,-0.6770830950539642
2023101507_1306_46259,46259,SPLIT_DEEP,True,14.733566669997886,DeShon Elliott,13.078251249865984,1.6553154201319025,15.071465369403647,-0.3378986994057609
2023101507_1688_43616,43616,SPLIT_DEEP,False,-1.5053194814162358,Matthias Farley,0.3948015445451594,-1.9001210259613952,0.6133141756388127,-2.1186336570550486
2023101507_1830_43616,43616,SPLIT_DEEP,False,14.863264240877648,Matthias Farley,12.691329861695765,2.1719343791818826,13.583049526866489,1.2802147140111586
2023101507_1959_46259,46259,SPLIT_DEEP,True,-4.020429929144807,DeShon Elliott,0.8482724366515879,-4.868702365796395,1.4305899039198442,-5.4510198330646515
2023101507_1959_53465,53465,SPLIT_DEEP,False,3.5729453263438424,Jevon Holland,1.1250265544914548,2.447918771852388,0.941968502850929,2.6309768234929134
2023101507_1984_46259,46259,SPLIT_DEEP,True,-1.416045359345352,DeShon Elliott,0.6716731987603753,-2.087718558105727,1.2456579075931797,-2.661703266938532
2023101507_2176_43616,43616,SINGLE_HIGH,False,1.4577266879609816,Matthias Farley,3.0138357965417293,-1.5561091085807477,3.018634203833132,-1.5609075158721506
2023101507_2505_52939,52939,SINGLE_HIGH,False,-0.4194811955202633,Sam Franklin Jr.,-0.1023245011860467,-0.3171566943342166,2.4448536741332507,-2.864334869653514
2023101507_2737_46259,46259,SPLIT_DEEP,True,1.9769810504487464,DeShon Elliott,0.8848773649486724,1.0921036855000739,0.6987264358907481,1.2782546145579983
2023101507_2930_43616,43616,SINGLE_HIGH,False,3.102542834737285,Matthias Farley,7.2997017066981655,-4.19715887196088,8.485331511634646,-5.382788676897361
2023101507_2992_43616,43616,SPLIT_DEEP,False,7.189342449082275,Matthias Farley,1.8410117789142741,5.348330670168001,1.5739191909102344,5.615423258172041
2023101507_2992_52939,52939,SPLIT_DEEP,False,3.412368338854434,Sam Franklin Jr.,0.3235350975931944,3.0888332412612396,1.7460491449947284,1.6663191938597057
2023101507_3015_43616,43616,SPLIT_DEEP,False,2.095544916628062,Matthias Farley,1.765954694192476,0.3295902224355862,1.6973625189842272,0.398182397643835
2023101507_3107_52939,52939,SPLIT_DEEP,False,5.149900500134597,Sam Franklin Jr.,0.2949247109149264,4.854975789219671,2.309552954356482,2.8403475457781155
2023101507_3516_52939,52939,SPLIT_DEEP,False,4.190745668031175,Sam Franklin Jr.,2.2086257370715585,1.9821199309596165,2.2908786522198046,1.8998670158113704
2023101507_3581_53465,53465,SPLIT_DEEP,False,2.012906046405175,Jevon Holland,1.601482412631958,0.4114236337732169,1.711379492488664,0.30152655391651084
2023101507_3637_46259,46259,SPLIT_DEEP,True,-0.6732836670130116,DeShon Elliott,1.6683813853456981,-2.3416650523587097,1.4382654544336582,-2.1115491214466697
2023101507_3662_46259,46259,SPLIT_DEEP,True,7.531225968875933,DeShon Elliott,8.505835091024016,-0.9746091221480828,8.849019570563403,-1.3177936016874696
2023101507_4111_52478,52478,SPLIT_DEEP,False,-3.148717318786509,Brandon Jones,-0.33631752399171805,-2.812399794794791,0.2368443447116828,-3.385561663498192
2023101508_77_54562,54562,SINGLE_HIGH,True,3.9839622644825967,Kerby Joseph,1.436783784718007,2.5471784797645896,2.2479330368701955,1.7360292276124012
2023101508_596_54562,54562,SINGLE_HIGH,True,2.424946977102387,Kerby Joseph,1.5274883526882648,0.897458624414122,1.5744352654398845,0.8505117116625023
2023101508_756_46711,46711,SPLIT_DEEP,False,1.604199941440227,Ryan Neal,0.12584383172650965,1.4783561097137174,0.44055623136153343,1.1636437100786936
2023101508_1056_52453,52453,SINGLE_HIGH,True,5.082513174367202,Antoine Winfield Jr.,2.5570100879752338,2.5255030863919683,1.8477469679063265,3.2347662064608755
2023101508_1750_46151,46151,SPLIT_DEEP,False,15.714520637148146,Tracy Walker III,14.18498435542626,1.529536281721887,15.055910185090308,0.6586104520578377
2023101508_1750_54562,54562,SPLIT_DEEP,True,22.16484111312629,Kerby Joseph,14.63192603792149,7.5329150752048,14.98619684841006,7.17864426471623
2023101508_1843_46711,46711,SPLIT_DEEP,False,2.862156982794269,Ryan Neal,1.8260507885745318,1.036106194219737,0.7322879446507979,2.129869038143471
2023101508_1896_46711,46711,SPLIT_DEEP,False,-1.630962701070743,Ryan Neal,0.7116766834239221,-2.342639384494665,0.688704471360241,-2.319667172430984
2023101508_1896_52453,52453,SPLIT_DEEP,True,0.8438536827003,Antoine Winfield Jr.,0.6790036244202282,0.16485005828007182,0.8844895607072321,-0.040635878006932025
2023101508_2254_54562,54562,SINGLE_HIGH,True,0.8149021158741627,Kerby Joseph,1.3480374090708231,-0.5331352931966604,1.2938247832939371,-0.4789226674197744
2023101508_2491_46711,46711,SINGLE_HIGH,False,2.423216957479572,Ryan Neal,1.971595187232278,0.4516217702472942,1.7050328494608182,0.7181841080187539
2023101508_2623_52453,52453,SINGLE_HIGH,True,6.996113543794134,Antoine Winfield Jr.,9.547090481307636,-2.550976937513502,9.462647003806625,-2.4665334600124904
2023101508_2671_52453,52453,SINGLE_HIGH,True,18.85291272095084,Antoine Winfield Jr.,14.753361116627808,4.0995516043230324,16.45283910127345,2.4000736196773893
2023101508_2989_52453,52453,SINGLE_HIGH,True,-3.5418622189090225,Antoine Winfield Jr.,1.393410652457848,-4.9352728713668705,2.127617059305284,-5.669479278214307
2023101508_3064_52453,52453,SINGLE_HIGH,True,13.942700236095988,Antoine Winfield Jr.,6.9121955953754695,7.030504640720518,6.692555319782153,7.250144916313834
2023101508_3230_54562,54562,SINGLE_HIGH,True,16.168711447842348,Kerby Joseph,14.006745316062439,2.1619661317799093,13.880263660204818,2.28844778763753
2023101508_3650_54562,54562,SINGLE_HIGH,True,17.779458053307582,Kerby Joseph,11.30365102012559,6.475807033181992,11.203591667710635,6.575866385596948
2023101508_3673_46151,46151,SPLIT_DEEP,False,2.0291036440887016,Tracy Walker III,1.3631586426763045,0.6659450014123971,0.6221060593041585,1.406997584784543
2023101508_3754_54562,54562,SINGLE_HIGH,True,-1.6993959269282302,Kerby Joseph,1.3052224890044835,-3.004618415932714,1.8003348222553086,-3.4997307491835388
2023101508_3809_46151,46151,SPLIT_DEEP,False,4.047249736241101,Tracy Walker III,0.7064172396160009,3.3408324966251,0.6840973832586048,3.363152352982496
2023101508_3834_46151,46151,SINGLE_HIGH,False,5.730109478493695,Tracy Walker III,5.973346698198776,-0.2432372197050814,5.190972604140832,0.5391368743528631
2023101508_3857_46151,46151,SPLIT_DEEP,False,4.169979142362207,Tracy Walker III,8.645674794035388,-4.475695651673181,7.859143972696036,-3.689164830333829
2023101508_3857_54562,54562,SPLIT_DEEP,True,13.312304633815426,Kerby Joseph,7.560674951230116,5.75162968258531,7.1574864789063755,6.154818154909051
2023101508_3880_46151,46151,SINGLE_HIGH,False,-4.364709275629323,Tracy Walker III,4.5836669024844685,-8.948376178113792,6.047937216098287,-10.41264649172761
2023101508_3903_46151,46151,SINGLE_HIGH,False,9.23569782659156,Tracy Walker III,9.729439148176013,-0.4937413215844533,8.421525946463078,0.8141718801284821
2023101509_1695_53472,53472,SINGLE_HIGH,True,2.661330809064241,Tre'von Moehrig,4.150288782584231,-1.48895797351999,4.187515023016154,-1.5261842139519128
2023101509_2028_44837,44837,SPLIT_DEEP,False,3.2986329771473946,Jabrill Peppers,1.2578846673070565,2.040748309840338,1.401043426682536,1.8975895504648586
2023101509_2512_44837,44837,SPLIT_DEEP,False,1.9633527906139108,Jabrill Peppers,12.093421091622195,-10.130068301008285,13.591294299151823,-11.627941508537912
2023101509_2512_52445,52445,SPLIT_DEEP,False,4.017062925033766,Kyle Dugger,13.741387269182107,-9.724324344148341,14.18501804463906,-10.167955119605294
2023101509_2591_44837,44837,SINGLE_HIGH,False,2.0762848438294306,Jabrill Peppers,1.6400065117214873,0.4362783321079433,1.0019981508158153,1.0742866930136152
2023101509_2783_53472,53472,SINGLE_HIGH,True,1.193321111229647,Tre'von Moehrig,2.4843270141076164,-1.2910059028779695,3.3946552165837165,-2.2013341053540696
2023101509_3222_53472,53472,SPLIT_DEEP,True,-2.034602136472272,Tre'von Moehrig,2.562583131835909,-4.597185268308181,1.3478666013338287,-3.382468737806101
2023101509_3920_47974,47974,SPLIT_DEEP,True,20.870838361002196,Marcus Epps,16.6109168876112,4.259921473390996,15.504246928300248,5.366591432701949
2023101510_199_52607,52607,SPLIT_DEEP,True,2.3838634910472365,Jordan Fuller,8.033783106884723,-5.6499196158374865,9.659317702886236,-7.2754542118389995
2023101510_333_46807,46807,SINGLE_HIGH,False,1.533926761888364,Andre Chachere,0.9494225483800359,0.5845042135083282,1.1079304978211404,0.4259962640672237
2023101510_1025_52607,52607,SPLIT_DEEP,True,2.8438509182337866,Jordan Fuller,1.4162750893837663,1.4275758288500202,0.9724505035497568,1.8714004146840297
2023101510_1103_52607,52607,SPLIT_DEEP,True,11.34767452943144,Jordan Fuller,4.403615926582519,6.944058602848921,3.3960220855317518,7.951652443899689
2023101510_1126_54718,54718,SINGLE_HIGH,True,6.5893082292172895,Russ Yeast,1.2637239805978946,5.3255842486193945,1.6519475490423607,4.937360680174929
2023101510_1149_54718,54718,SPLIT_DEEP,True,2.1739927015657763,Russ Yeast,1.3957905788624454,0.7782021227033309,1.369733149528595,0.8042595520371814
2023101510_2855_52607,52607,SPLIT_DEEP,True,2.8362413073787573,Jordan Fuller,1.317067019947023,1.5191742874317344,1.040988359710319,1.7952529476684385
2023101510_2940_52607,52607,SPLIT_DEEP,True,-2.472448510097906,Jordan Fuller,-0.05939181333248449,-2.4130566967654214,0.554869376549485,-3.027317886647391
2023101510_2940_54718,54718,SPLIT_DEEP,True,-3.5726256917793364,Russ Yeast,1.261197859627342,-4.833823551406678,1.8558418788512379,-5.428467570630574
2023101510_2985_52607,52607,SINGLE_HIGH,True,0.1026069686029238,Jordan Fuller,1.6373840699319289,-1.534777101329005,1.9041679513893186,-1.8015609827863948
2023101510_3213_54819,54819,SINGLE_HIGH,False,3.3335694708169203,Joey Blount,1.7921096118812045,1.5414598589357158,1.933746285417019,1.3998231853999012
2023101510_3470_52607,52607,SPLIT_DEEP,True,1.8894448035790432,Jordan Fuller,1.883501860032801,0.005942943546242141,0.9255894978290531,0.9638553057499901
2023101510_3663_52607,52607,SPLIT_DEEP,True,10.182717674407144,Jordan Fuller,10.869714267116374,-0.6869965927092299,11.292993625086842,-1.1102759506796982
2023101510_3663_54718,54718,SPLIT_DEEP,True,16.266713358764534,Russ Yeast,11.066832860311052,5.199880498453481,11.424778851766407,4.841934506998127
2023101510_3721_54718,54718,SPLIT_DEEP,True,2.471909315979259,Russ Yeast,1.475760779343065,0.996148536636194,1.6054468786707004,0.8664624373085585
2023101510_3744_52607,52607,SPLIT_DEEP,True,2.3716740560449576,Jordan Fuller,4.131452843942487,-1.7597787878975293,4.034099916411292,-1.6624258603663344
2023101510_3744_54718,54718,SPLIT_DEEP,True,-6.264767873461766,Russ Yeast,3.086225822059015,-9.350993695520781,2.2247443520669625,-8.489512225528728
2023101510_3803_52607,52607,SPLIT_DEEP,True,-1.6107091107203215,Jordan Fuller,1.4001998775461935,-3.010908988266515,1.4718468284684576,-3.0825559391887793
2023101510_3803_54718,54718,SPLIT_DEEP,True,-3.4226580700912583,Russ Yeast,1.2619576745140484,-4.684615744605306,0.8760936594065898,-4.298751729497848
2023101510_4112_54718,54718,SPLIT_DEEP,True,1.1626993195939868,Russ Yeast,0.0811213735330199,1.081577946060967,1.3585374579597058,-0.19583813836571906
2023101510_4135_52607,52607,SPLIT_DEEP,True,-4.299608790072928,Jordan Fuller,0.6078544478969361,-4.907463237969864,1.9597851275667235,-6.259393917639652
2023101510_4135_54718,54718,SPLIT_DEEP,True,-5.125094095134395,Russ Yeast,0.9139076553775858,-6.039001750511981,1.4672557919727849,-6.59234988710718
2023101510_4208_52607,52607,SPLIT_DEEP,True,7.032818940612509,Jordan Fuller,4.03872631756605,2.994092623046458,3.0394831628911927,3.993335777721316
2023101510_4208_54676,54676,SPLIT_DEEP,False,4.928589695630841,Quentin Lake,3.0195689128390244,1.9090207827918162,4.058925142485706,0.8696645531451344
2023101510_4208_54718,54718,SPLIT_DEEP,True,6.158487909670493,Russ Yeast,3.251425850256524,2.9070620594139687,1.9654552865141222,4.193032623156371
2023101511_1614_46186,46186,SPLIT_DEEP,False,-0.2237947788161243,Jordan Whitehead,13.014742602121045,-13.238537380937169,16.162012369055354,-16.38580714787148
2023101511_1614_54833,54833,SPLIT_DEEP,False,24.343785825618394,Tony Adams,17.035902844358674,7.30788298125972,15.44716277433519,8.896623051283203
2023101511_1689_54833,54833,SPLIT_DEEP,False,-5.38316837122936,Tony Adams,1.1494483553363823,-6.532616726565742,1.222236578321949,-6.605404949551309
2023101511_1810_54808,54808,SPLIT_DEEP,True,15.497330475590523,Reed Blankenship,9.5916693464729,5.9056611291176235,7.614378018443197,7.882952457147327
2023101511_1943_46097,46097,SPLIT_DEEP,False,4.0164263414839,Terrell Edmunds,2.517857743047094,1.498568598436806,2.5657629592067615,1.4506633822771384
2023101511_1943_54808,54808,SPLIT_DEEP,True,-0.4413683364051617,Reed Blankenship,-1.9048879748776255,1.4635196384724638,0.10060230417448857,-0.5419706405796503
2023101511_2716_46097,46097,SINGLE_HIGH,False,12.948498617262198,Terrell Edmunds,13.726496483014728,-0.7779978657525302,12.104158595335248,0.8443400219269499
2023101511_3273_46097,46097,SINGLE_HIGH,False,7.107104897356901,Terrell Edmunds,10.091836031395298,-2.9847311340383964,9.593502716592054,-2.486397819235153
2023101511_3660_46186,46186,SINGLE_HIGH,False,16.93729156820381,Jordan Whitehead,14.72921313985693,2.208078428346882,15.088414570027478,1.8488769981763333
2023101511_4340_46186,46186,SPLIT_DEEP,False,6.427950805217101,Jordan Whitehead,1.7487254190703334,4.679225386146768,1.7213610393557124,4.706589765861389
2023101512_124_53604,53604,SINGLE_HIGH,True,12.182758189159326,Jason Pinnock,8.470828995088105,3.711929194071221,8.378737047723662,3.8040211414356637
2023101512_310_54579,54579,SPLIT_DEEP,False,0.8490030685190986,Dane Belton,2.1450024830928944,-1.2959994145737959,1.351240490036263,-0.5022374215171643
2023101512_520_40166,40166,SINGLE_HIGH,False,12.751813309763357,Jordan Poyer,12.364069930392285,0.38774337937107184,11.507023648983015,1.2447896607803415
2023101512_845_53604,53604,SINGLE_HIGH,True,9.946069128312567,Jason Pinnock,6.214651564497022,3.731417563815545,6.22364061766322,3.7224285106493475
2023101512_2193_40166,40166,SINGLE_HIGH,False,16.010389559539725,Jordan Poyer,13.51451543623351,2.4958741233062156,12.506764576709468,3.5036249828302566
2023101512_2765_54579,54579,SPLIT_DEEP,False,1.8245769202220792,Dane Belton,1.8265530539355033,-0.0019761337134240886,1.023387218534264,0.8011897016878151
2023101512_3738_53604,53604,SINGLE_HIGH,True,7.658572303444302,Jason Pinnock,0.5639834168699059,7.094588886574396,2.5654886723018153,5.093083631142487
2023101512_3937_40107,40107,SINGLE_HIGH,True,25.110617173891452,Micah Hyde,13.577061027766382,11.53355614612507,16.209543456845076,8.901073717046376
2023101512_4252_40107,40107,SPLIT_DEEP,True,2.8023046609772955,Micah Hyde,2.2014159903122135,0.600888670665082,1.31992962560253,1.4823750353747656
2023101600_389_42901,42901,SINGLE_HIGH,False,0.2064837417525975,Dean Marlowe,1.1566482822810544,-0.9501645405284569,2.069175661830986,-1.8626919200783885
2023101600_414_46086,46086,SPLIT_DEEP,True,2.835919049167961,Derwin James,2.8645752292393762,-0.02865618007141535,1.356641211179669,1.4792778379882918
2023101600_513_42901,42901,SINGLE_HIGH,False,2.647296550524061,Dean Marlowe,2.825630022275521,-0.17833347175145997,2.793559279778929,-0.14626272925486816
2023101600_1633_42901,42901,SPLIT_DEEP,False,12.731251055602112,Dean Marlowe,9.129215586159798,3.6020354694423133,6.941314513084761,5.789936542517351
2023101600_1633_46086,46086,SPLIT_DEEP,True,11.764124307878266,Derwin James,7.8266076086243155,3.9375166992539503,7.1135456308831575,4.650578676995108
2023101600_1917_47996,47996,SPLIT_DEEP,False,11.132882426069092,Donovan Wilson,8.438206498607379,2.694675927461713,8.920244992184672,2.212637433884419
2023101600_2053_46086,46086,SPLIT_DEEP,True,1.8899842124894803,Derwin James,1.7421288476614767,0.14785536482800365,1.5234159354818777,0.36656827700760264
2023101600_2076_42901,42901,SINGLE_HIGH,False,6.971968466257011,Dean Marlowe,4.966065356071444,2.0059031101855673,4.313610330381277,2.6583581358757344
2023101600_2532_43533,43533,SPLIT_DEEP,False,2.1268440259468084,Jayron Kearse,1.6491084039297725,0.4777356220170359,1.3776698543447923,0.7491741716020162
2023101600_2865_44827,44827,SPLIT_DEEP,True,-1.4902726236969688,Malik Hooker,0.9184449006991974,-2.4087175243961663,1.688261001601708,-3.1785336252986767
2023101600_2865_47996,47996,SPLIT_DEEP,False,2.1149218644503236,Donovan Wilson,1.1304861133680266,0.984435751082297,1.3423950315589455,0.7725268328913781
2023101600_3541_44827,44827,SPLIT_DEEP,True,-6.386246062865041,Malik Hooker,0.40948266915409565,-6.795728732019136,1.3238991505023918,-7.710145213367433
2023101600_4053_42901,42901,SINGLE_HIGH,False,5.444935195667981,Dean Marlowe,2.2641248105209617,3.180810385147019,3.312684520010073,2.1322506756579074
2023101600_4288_46086,46086,SINGLE_HIGH,True,10.39027130033197,Derwin James,12.570799587488711,-2.1805282871567417,11.783442196262742,-1.3931708959307727
2023101900_78_44851,44851,SPLIT_DEEP,False,6.556856789295412,Marcus Maye,1.5372183003988367,5.019638488896575,1.5472209419686198,5.009635847326792
2023101900_172_40017,40017,SINGLE_HIGH,True,1.1671738723494671,Tyrann Mathieu,1.5376791124289293,-0.3705052400794622,2.3042565698604616,-1.1370826975109944
2023101900_610_40017,40017,SINGLE_HIGH,True,-2.817689450033116,Tyrann Mathieu,0.9627750837146405,-3.7804645337477565,1.845262620758179,-4.662952070791295
2023101900_705_53494,53494,SINGLE_HIGH,True,-3.189005046046285,Andre Cisco,-0.42536112369433726,-2.763643922351948,1.8192448006808961,-5.008249846727181
2023101900_1203_44926,44926,SPLIT_DEEP,True,3.2077002321599313,Rayshawn Jenkins,1.1412434399555391,2.0664567922043924,0.8854538048123226,2.3222464273476087
2023101900_1277_53494,53494,SINGLE_HIGH,True,12.479004589596578,Andre Cisco,9.315219811158423,3.1637847784381545,8.969772404513815,3.5092321850827624
2023101900_2211_40017,40017,SINGLE_HIGH,True,6.73730232603142,Tyrann Mathieu,6.96468110815318,-0.2273787821217601,6.345033998953976,0.39226832707744386
2023101900_2903_53494,53494,SINGLE_HIGH,True,-2.8256886618506556,Andre Cisco,0.8893148857419452,-3.715003547592601,2.0910080292700863,-4.916696691120742
2023101900_3665_44926,44926,SPLIT_DEEP,True,5.1197399352515625,Rayshawn Jenkins,15.606334308319012,-10.48659437306745,15.819020077231071,-10.699280141979509
2023101900_3730_40017,40017,SPLIT_DEEP,True,10.62815758357964,Tyrann Mathieu,12.313925261818477,-1.6857676782388378,11.530216766858015,-0.9020591832783751
2023101900_4089_44851,44851,SPLIT_DEEP,False,20.87925335862422,Marcus Maye,14.224832882281584,6.654420476342635,14.980985122531678,5.898268236092541
2023101900_4089_56011,56011,SPLIT_DEEP,False,18.185402895651457,Jordan Howden,18.492989481215524,-0.30758658556406715,14.743996833573807,3.4414060620776503
2023101900_4336_44926,44926,SPLIT_DEEP,True,-0.7684208188367414,Rayshawn Jenkins,1.1586207638630677,-1.927041582699809,1.5085059173319717,-2.276926736168713
2023101900_4336_48508,48508,SPLIT_DEEP,False,2.108743949221209,Andrew Wingard,1.848531473563356,0.26021247565785277,1.9140542449987983,0.1946897042224105
2023102200_110_54562,54562,SINGLE_HIGH,True,-2.9103415673444157,Kerby Joseph,2.396721606973659,-5.307063174318075,2.67772199354258,-5.5880635608869955
2023102200_857_54562,54562,SINGLE_HIGH,True,-0.1273639978942355,Kerby Joseph,2.183444076106789,-2.3108080740010246,2.85457442021573,-2.9819384181099657
2023102200_967_46151,46151,SPLIT_DEEP,False,7.265695689062497,Tracy Walker III,6.205824533024634,1.0598711560378629,6.494625172972452,0.7710705160900453
2023102200_1576_52627,52627,SINGLE_HIGH,True,5.700558955649226,Geno Stone,4.147145219447491,1.553413736201735,5.569838089477129,0.13072086617209777
2023102200_1927_52627,52627,SINGLE_HIGH,True,6.846120848468912,Geno Stone,5.6624706651549115,1.1836501833140005,6.629415555733644,0.21670529273526817
2023102200_2671_52627,52627,SINGLE_HIGH,True,-6.132441559740094,Geno Stone,5.122152323002148,-11.254593882742242,6.344143438177478,-12.476584997917573
2023102200_2786_52627,52627,SINGLE_HIGH,True,15.717467033825864,Geno Stone,9.860125029111204,5.85734200471466,12.153387916149455,3.5640791176764086
2023102200_3022_52627,52627,SPLIT_DEEP,True,3.4225345110309418,Geno Stone,1.4431515019287737,1.979383009102168,2.008500625732058,1.4140338852988839
2023102200_3116_52627,52627,SINGLE_HIGH,True,3.812002094258861,Geno Stone,1.468672511476642,2.3433295827822187,2.2156643916567322,1.5963377026021286
2023102200_3886_46151,46151,SINGLE_HIGH,False,15.725918935132617,Tracy Walker III,14.724251000080669,1.0016679350519482,13.071759350381036,2.6541595847515804
2023102200_3950_43474,43474,SPLIT_DEEP,False,10.195925420326578,DeAndre Houston-Carson,12.553702609603526,-2.3577771892769483,12.886597327899192,-2.6906719075726144
2023102200_4053_52627,52627,SPLIT_DEEP,True,23.015872062928896,Geno Stone,16.71785438191398,6.298017681014915,15.74829882750699,7.2675732354219065
2023102201_485_47974,47974,SINGLE_HIGH,True,0.5376203282363381,Marcus Epps,1.6400819330545229,-1.1024616048181848,1.9649405100106208,-1.4273201817742827
2023102201_755_54513,54513,SPLIT_DEEP,True,4.272926763365936,Jaquan Brisker,4.3174380300370165,-0.04451126667108074,2.9174190984870982,1.3555076648788376
2023102201_755_54719,54719,SPLIT_DEEP,False,1.7253353501923705,Elijah Hicks,1.9664282128060693,-0.24109286261369878,1.504272632224609,0.22106271796776156
2023102201_834_54513,54513,SPLIT_DEEP,True,0.2050495551248241,Jaquan Brisker,1.653783219813277,-1.4487336646884528,1.002245806851052,-0.7971962517262279
2023102201_917_54513,54513,SPLIT_DEEP,True,4.900187599896558,Jaquan Brisker,3.8675767293464856,1.0326108705500725,6.452059980164473,-1.5518723802679153
2023102201_1162_53472,53472,SINGLE_HIGH,True,3.826599261565048,Tre'von Moehrig,1.3995732783280117,2.427025983237036,1.0165129661264203,2.810086295438628
2023102201_1634_54719,54719,SPLIT_DEEP,False,-1.8194366916987867,Elijah Hicks,1.8547417454664197,-3.6741784371652066,1.679818462596839,-3.499255154295626
2023102201_1764_54513,54513,SPLIT_DEEP,True,6.96636898647767,Jaquan Brisker,5.887823289967808,1.0785456965098623,7.43746360637506,-0.4710946198973893
2023102201_1873_54513,54513,SPLIT_DEEP,True,3.303905406643256,Jaquan Brisker,2.5323975966960943,0.7715078099471615,0.985745270476496,2.31816013616676
2023102201_2089_53472,53472,SPLIT_DEEP,True,7.974505631649583,Tre'von Moehrig,2.3282782110111615,5.6462274206384215,2.414745464728826,5.559760166920757
2023102201_2367_54719,54719,SPLIT_DEEP,False,0.9500331490148142,Elijah Hicks,1.502433027852385,-0.5523998788375708,1.9940677911853761,-1.044034642170562
2023102201_2960_54513,54513,SPLIT_DEEP,True,4.877952761195406,Jaquan Brisker,1.2836720003097644,3.5942807608856415,0.8197121941578818,4.058240567037524
2023102201_3005_54513,54513,SPLIT_DEEP,True,5.452033421274567,Jaquan Brisker,1.9119464704292624,3.5400869508453052,2.594115527802268,2.8579178934722993
2023102201_3005_54719,54719,SPLIT_DEEP,False,-6.360396878484747,Elijah Hicks,0.6872629803928262,-7.047659858877573,1.3842517191115427,-7.7446485975962895
2023102201_3129_54513,54513,SINGLE_HIGH,True,9.373066295873883,Jaquan Brisker,8.665219843862587,0.7078464520112959,9.130073698500308,0.2429925973735756
2023102201_3726_54719,54719,SPLIT_DEEP,False,8.329810612316342,Elijah Hicks,4.955464224202948,3.374346388113394,5.00980031743307,3.3200102948832715
2023102201_3799_54719,54719,SPLIT_DEEP,False,3.496306744941812,Elijah Hicks,1.9844937498907502,1.5118129950510617,1.3886223422440178,2.107684402697794
2023102201_3874_54719,54719,SPLIT_DEEP,False,7.853575629079599,Elijah Hicks,1.3082132563390185,6.5453623727405805,1.8108813369596648,6.0426942921199345
2023102201_3904_54513,54513,SPLIT_DEEP,True,16.414568071839035,Jaquan Brisker,13.145143070801714,3.2694250010373214,12.666439504544595,3.74812856729444
2023102201_3904_54719,54719,SPLIT_DEEP,False,11.330146506095309,Elijah Hicks,12.26988018431793,-0.9397336782226215,12.815363195009867,-1.4852166889145586
2023102202_443_54704,54704,SINGLE_HIGH,True,9.282919798912893,Rodney Thomas,4.094578886671928,5.188340912240965,6.225930066676071,3.056989732236822
2023102202_634_52493,52493,SPLIT_DEEP,False,2.2866969682835774,Julian Blackmon,1.9363838473797248,0.3503131209038526,1.4150527220382543,0.8716442462453231
2023102202_715_47846,47846,SINGLE_HIGH,False,14.540900689750297,Juan Thornhill,10.265251901770915,4.275648787979382,8.61030034223611,5.930600347514186
2023102202_938_52493,52493,SPLIT_DEEP,False,9.703971435772758,Julian Blackmon,4.395135866692485,5.308835569080273,5.423561290307125,4.280410145465632
2023102202_1375_47846,47846,SINGLE_HIGH,False,3.2994003675185644,Juan Thornhill,1.3421325200111902,1.9572678475073741,2.0840538330770233,1.215346534441541
2023102202_1717_38843,38843,SINGLE_HIGH,False,4.408727444492692,Rodney McLeod,4.852599041151304,-0.443871596658612,3.2355610540159025,1.1731663904767897
2023102202_1810_52452,52452,SINGLE_HIGH,False,8.051542693238126,Grant Delpit,3.173099995771403,4.878442697466723,3.6756318552669587,4.375910837971167
2023102202_1896_54704,54704,SPLIT_DEEP,True,-0.2082986589024926,Rodney Thomas,9.27970610417978,-9.488004763082273,8.412851283938512,-8.621149942841004
2023102202_2867_47846,47846,SINGLE_HIGH,False,-0.1881931384010899,Juan Thornhill,-0.05995102079094294,-0.12824211761014695,1.8965025638844075,-2.0846957022854973
2023102202_2931_52493,52493,SPLIT_DEEP,False,3.877534651767281,Julian Blackmon,1.3307967783654326,2.546737873401848,2.000230441305211,1.8773042104620696
2023102202_3527_38843,38843,SPLIT_DEEP,False,13.717859281337134,Rodney McLeod,10.247140329771304,3.4707189515658303,10.68181614809583,3.0360431332413036
2023102202_3607_47846,47846,SINGLE_HIGH,False,0.2101844076537915,Juan Thornhill,1.3301953618673237,-1.1200109542135321,2.180547559062357,-1.9703631514085655
2023102202_3769_54704,54704,SINGLE_HIGH,True,1.7651296439119086,Rodney Thomas,5.042854775708983,-3.277725131797075,7.12155902296945,-5.356429379057541
2023102202_3858_52493,52493,SPLIT_DEEP,False,17.436512947546333,Julian Blackmon,13.994818847781337,3.4416940997649963,16.162776634443258,1.2737363131030754
2023102202_3858_54704,54704,SPLIT_DEEP,True,18.097696619007113,Rodney Thomas,16.447061952803818,1.6506346662032954,16.333800527851444,1.7638960911556687
2023102202_4094_54704,54704,SINGLE_HIGH,True,6.71839460320999,Rodney Thomas,2.940458972284715,3.7779356309252754,3.731181288573458,2.9872133146365325
2023102202_4175_47846,47846,SINGLE_HIGH,False,-2.8534324011871126,Juan Thornhill,-1.3540629090592693,-1.4993694921278433,1.0190834636466413,-3.872515864833754
2023102202_4513_54704,54704,SPLIT_DEEP,True,0.014543422147712,Rodney Thomas,1.2375139694571353,-1.2229705473094232,1.458047558076192,-1.44350413592848
2023102202_4617_52493,52493,SPLIT_DEEP,False,-1.7357523852738712,Julian Blackmon,0.4676761516909143,-2.2034285369647857,0.9683366612209472,-2.7040890464948184
2023102202_4617_54704,54704,SPLIT_DEEP,True,-1.3051512308218287,Rodney Thomas,1.0008531626404074,-2.306004393462236,1.119438045133112,-2.424589275954941
2023102202_4938_38843,38843,SPLIT_DEEP,False,4.898844472887095,Rodney McLeod,1.4920520339731609,3.4067924389139344,3.521322700707443,1.3775217721796524
2023102202_4938_47846,47846,SPLIT_DEEP,False,-5.234205622101083,Juan Thornhill,1.8637356894916015,-7.097941311592685,3.6849554241260236,-8.919161046227106
2023102202_4938_52452,52452,SPLIT_DEEP,False,0.7733373295527208,Grant Delpit,1.1014878143178461,-0.3281504847651253,1.3466870156628516,-0.5733496861101308
2023102203_422_40107,40107,SINGLE_HIGH,True,2.6302440145777375,Micah Hyde,1.2492194904267724,1.381024524150965,1.6943386483303042,0.9359053662474333
2023102203_625_52445,52445,SPLIT_DEEP,False,14.00501437042698,Kyle Dugger,4.509771876875437,9.495242493551544,4.584536989904113,9.420477380522868
2023102203_913_44837,44837,SINGLE_HIGH,False,8.82734901747342,Jabrill Peppers,2.8275841793775567,5.999764838095864,4.216099243359195,4.611249774114225
2023102203_2347_40166,40166,SINGLE_HIGH,False,6.200068999907755,Jordan Poyer,1.8920794289705445,4.3079895709372105,1.918030863497834,4.282038136409921
2023102203_2603_52445,52445,SPLIT_DEEP,False,6.213802286752394,Kyle Dugger,1.6300180745372495,4.583784212215145,1.4035492145195683,4.810253072232825
2023102203_3099_40107,40107,SINGLE_HIGH,True,4.761761185073228,Micah Hyde,1.6130607859652866,3.148700399107941,2.0681259463733355,2.6936352386998923
2023102203_3557_44837,44837,SINGLE_HIGH,False,-0.1837955004066005,Jabrill Peppers,1.9438052064192797,-2.12760070682588,0.9556636564042051,-1.1394591568108057
2023102203_3917_47844,47844,SINGLE_HIGH,False,2.268320266392945,Taylor Rapp,0.6883834466453592,1.5799368197475858,1.0598992411361454,1.2084210252567997
2023102203_4129_42116,42116,SPLIT_DEEP,False,3.635788284135596,Adrian Phillips,5.4429399174006114,-1.8071516332650153,5.726752501416162,-2.090964217280566
2023102203_4129_44837,44837,SPLIT_DEEP,False,4.127449987392598,Jabrill Peppers,6.603304688498773,-2.475854701106175,7.652134649187898,-3.5246846617953
2023102203_4129_52445,52445,SPLIT_DEEP,False,5.33327141401734,Kyle Dugger,6.358915316056195,-1.0256439020388548,6.017689226488139,-0.6844178124707989
2023102204_350_54578,54578,SINGLE_HIGH,True,15.700664139452492,Percy Butler,10.90036810855982,4.800296030892673,11.32567425045304,4.374989888999451
2023102204_471_52624,52624,SINGLE_HIGH,False,9.05190483719425,Kam Curl,11.085464388040803,-2.0335595508465527,10.80172429623974,-1.74981945904549
2023102204_1076_54578,54578,SPLIT_DEEP,True,4.421802383626526,Percy Butler,1.4890031146868477,2.932799268939678,1.8577227611627496,2.564079622463776
2023102204_1433_52444,52444,SINGLE_HIGH,True,6.825303977875727,Xavier McKinney,6.685287147761929,0.14001683011379829,6.553602879582705,0.2717010982930219
2023102204_1597_52444,52444,SPLIT_DEEP,True,6.872257489102029,Xavier McKinney,4.614404196560215,2.2578532925418147,5.121079757290302,1.751177731811727
2023102204_1733_54578,54578,SINGLE_HIGH,True,4.539757439614068,Percy Butler,6.847555678010193,-2.307798238396125,7.912351521809897,-3.372594082195829
2023102204_2246_53604,53604,SPLIT_DEEP,True,7.010820239224815,Jason Pinnock,8.123470810855274,-1.1126505716304589,8.867991191533815,-1.8571709523089996
2023102204_3022_52444,52444,SINGLE_HIGH,True,6.496609765664361,Xavier McKinney,1.6814681443950446,4.815141621269316,1.2601389576676203,5.23647080799674
2023102204_3405_52444,52444,SINGLE_HIGH,True,18.24181348334796,Xavier McKinney,10.91077157642426,7.331041906923701,11.193067630382492,7.048745852965469
2023102204_3510_52444,52444,SINGLE_HIGH,True,23.89636559721104,Xavier McKinney,19.45378973525726,4.442575861953781,16.235716367483743,7.660649229727298
2023102204_3849_54578,54578,SINGLE_HIGH,True,18.36885085271736,Percy Butler,16.332758237665566,2.036092615051796,15.178947004401577,3.189903848315785
2023102204_4017_54579,54579,SPLIT_DEEP,False,5.103934703156318,Dane Belton,1.439559265606583,3.664375437549735,2.981267537150046,2.1226671660062717
2023102204_4129_52444,52444,SINGLE_HIGH,True,3.034766329191267,Xavier McKinney,10.755715766912498,-7.720949437721231,8.642019594446374,-5.607253265255107
2023102204_4202_53604,53604,SINGLE_HIGH,True,3.858570932973109,Jason Pinnock,1.7892339966228856,2.069336936350223,3.0841411757526904,0.7744297572204184
2023102205_80_53469,53469,SPLIT_DEEP,False,2.7352846490623657,Richie Grant,1.9227760947128048,0.8125085543495609,1.7633260425453887,0.971958606516977
2023102205_256_46123,46123,SPLIT_DEEP,True,1.6935758882282226,Jessie Bates,8.37257668702511,-6.679000798796887,6.177894355624911,-4.4843184673966885
2023102205_325_46711,46711,SPLIT_DEEP,False,0.917944161684793,Ryan Neal,2.0980584302698717,-1.1801142685850787,0.8089180812276862,0.10902608045710682
2023102205_431_46711,46711,SINGLE_HIGH,False,6.033290386243567,Ryan Neal,1.784622728261163,4.248667657982404,2.5186838690623254,3.5146065171812415
2023102205_610_53469,53469,SINGLE_HIGH,False,8.015060006678368,Richie Grant,6.280290039987463,1.734769966690905,4.722394282720761,3.292665723957607
2023102205_644_46123,46123,SPLIT_DEEP,True,0.4107457423575784,Jessie Bates,1.0929622581469483,-0.6822165157893698,1.5437448030961818,-1.1329990607386033
2023102205_715_46123,46123,SPLIT_DEEP,True,2.998361183197707,Jessie Bates,2.20352446824156,0.7948367149561468,1.488124694123007,1.5102364890746998
2023102205_784_46123,46123,SPLIT_DEEP,True,10.915991130562546,Jessie Bates,14.496857318050813,-3.580866187488267,12.736439397804713,-1.820448267242167
2023102205_1180_46711,46711,SINGLE_HIGH,False,1.5322234485763282,Ryan Neal,20.941786529197415,-19.409563080621087,16.867398319074525,-15.335174870498196
2023102205_1487_46123,46123,SPLIT_DEEP,True,28.94001185273849,Jessie Bates,15.927087030803111,13.012924821935378,16.337645646159142,12.602366206579347
2023102205_1487_53469,53469,SPLIT_DEEP,False,26.7920532870989,Richie Grant,14.004073100330288,12.78798018676861,16.323945007750066,10.468108279348833
2023102205_1749_46123,46123,SPLIT_DEEP,True,4.579224079489669,Jessie Bates,1.0912674582042505,3.4879566212854183,1.3176701958812433,3.2615538836084257
2023102205_1749_53469,53469,SPLIT_DEEP,False,2.4184298120105456,Richie Grant,3.000027307565864,-0.5815974955553185,2.3155743148186936,0.10285549719185205
2023102205_2406_46123,46123,SPLIT_DEEP,True,4.285142083330195,Jessie Bates,4.779042571890962,-0.49390048856076696,3.791664635209962,0.49347744812023286
2023102205_2707_52453,52453,SPLIT_DEEP,True,3.228886663434052,Antoine Winfield Jr.,1.9120310824740145,1.3168555809600373,2.155579839042339,1.0733068243917128
2023102205_2846_46123,46123,SPLIT_DEEP,True,2.2222493832951633,Jessie Bates,1.6927882338648108,0.5294611494303525,1.4510501689896653,0.771199214305498
2023102205_3035_52453,52453,SPLIT_DEEP,True,2.8781245200662418,Antoine Winfield Jr.,1.5488437584108412,1.3292807616554005,0.5075934918604919,2.37053102820575
2023102205_3821_53469,53469,SPLIT_DEEP,False,3.747357182531205,Richie Grant,0.7199241622609249,3.02743302027028,0.9772528457190912,2.7701043368121137
2023102205_4258_46711,46711,SPLIT_DEEP,False,7.353566156602699,Ryan Neal,1.4607172788203575,5.892848877782341,1.9622540655462908,5.391312091056408
2023102206_105_54718,54718,SPLIT_DEEP,True,-2.9654140526958166,Russ Yeast,1.5251719406856947,-4.4905859933815115,1.0009942725649603,-3.966408325260777
2023102206_148_44962,44962,SINGLE_HIGH,True,3.82566932510452,Damontae Kazee,2.6757470252744366,1.1499222998300835,1.829867722915334,1.9958016021891862
2023102206_853_52607,52607,SPLIT_DEEP,True,3.2553131293386883,Jordan Fuller,1.7460423802559981,1.5092707490826902,1.1148838118291522,2.140429317509536
2023102206_1059_46080,46080,SPLIT_DEEP,False,8.01428234527996,Minkah Fitzpatrick,6.03747411467909,1.976808230600871,6.081950436405228,1.9323319088747324
2023102206_1235_52607,52607,SPLIT_DEEP,True,5.129520754440568,Jordan Fuller,3.643282425463048,1.48623832897752,3.954284133918823,1.175236620521745
2023102206_1658_52607,52607,SINGLE_HIGH,True,1.4060032521135255,Jordan Fuller,1.5196643468347035,-0.11366109472117802,1.5883602894896445,-0.18235703737611897
2023102206_1786_46080,46080,SPLIT_DEEP,False,0.4518070591387335,Minkah Fitzpatrick,2.078328775661341,-1.6265217165226074,1.6995054814026354,-1.2476984222639018
2023102206_1889_44962,44962,SINGLE_HIGH,True,8.460978145513014,Damontae Kazee,7.098578175211216,1.362399970301798,6.314556267384082,2.1464218781289324
2023102206_2266_46080,46080,SINGLE_HIGH,False,14.781179646979032,Minkah Fitzpatrick,11.79175269671705,2.989426950261983,10.367565893637297,4.4136137533417354
2023102206_2583_52607,52607,SPLIT_DEEP,True,0.8669267729972816,Jordan Fuller,0.907784434539404,-0.04085766154212245,1.6164088687410771,-0.7494820957437955
2023102206_2895_44962,44962,SINGLE_HIGH,True,2.1520919681028916,Damontae Kazee,1.0405348417224005,1.111557126380491,1.3774807535663545,0.7746112145365371
2023102206_3348_54718,54718,SPLIT_DEEP,True,7.681032737461472,Russ Yeast,5.4959089837475155,2.185123753713957,4.109893647654516,3.571139089806956
2023102206_3684_44962,44962,SPLIT_DEEP,True,4.51163403859381,Damontae Kazee,6.786711891301324,-2.275077852707514,5.623641391918401,-1.112007353324591
2023102206_3684_46080,46080,SPLIT_DEEP,False,-2.5149482436976545,Minkah Fitzpatrick,4.080967387880561,-6.595915631578215,3.198015241346508,-5.712963485044162
2023102206_3894_54718,54718,SPLIT_DEEP,True,3.85547984680315,Russ Yeast,1.838810513143255,2.016669333659895,1.8852883831172482,1.970191463685902
2023102207_178_42543,42543,SPLIT_DEEP,True,7.718346586650704,Quandre Diggs,1.3157271216739812,6.402619464976723,2.1567786271581406,5.561567959492564
2023102207_297_44848,44848,SINGLE_HIGH,False,10.19263039378251,Budda Baker,9.83625666215969,0.3563737316228206,11.20368242030827,-1.0110520265257605
2023102207_631_44848,44848,SPLIT_DEEP,False,-2.1530192007123015,Budda Baker,1.4018569967823409,-3.554876197494642,1.724716501769871,-3.8777357024821724
2023102207_631_46807,46807,SPLIT_DEEP,False,2.866591101312988,Andre Chachere,3.913779201821575,-1.047188100508587,3.858958021463857,-0.9923669201508689
2023102207_780_42543,42543,SPLIT_DEEP,True,-7.286019556301652,Quandre Diggs,-0.7722213549122652,-6.513798201389387,1.6851629046400802,-8.971182460941733
2023102207_780_47891,47891,SPLIT_DEEP,True,5.375582667517747,Julian Love,2.284634761733824,3.0909479057839233,2.1199317381184546,3.255650929399293
2023102207_897_47891,47891,SPLIT_DEEP,True,6.605884758778023,Julian Love,1.94065468269059,4.6652300760874335,1.9985392233413695,4.607345535436654
2023102207_1372_47891,47891,SPLIT_DEEP,True,3.429697618049584,Julian Love,3.2465220759030244,0.1831755421465595,2.4391985625736474,0.9904990554759365
2023102207_1589_44848,44848,SPLIT_DEEP,False,1.5953022981939728,Budda Baker,1.303543820066692,0.29175847812728084,2.355469116310795,-0.7601668181168222
2023102207_1813_44848,44848,SINGLE_HIGH,False,7.7656944603863245,Budda Baker,12.681253122705312,-4.915558662318988,13.706842188519605,-5.941147728133281
2023102207_3005_42543,42543,SPLIT_DEEP,True,-0.5781336365447931,Quandre Diggs,1.1809748259789912,-1.7591084625237843,1.806211826049596,-2.384345462594389
2023102207_3097_42543,42543,SPLIT_DEEP,True,5.411177324208048,Quandre Diggs,4.050616936031796,1.3605603881762525,2.892918592537537,2.518258731670511
2023102207_3097_47891,47891,SPLIT_DEEP,True,8.250985097520156,Julian Love,3.5034143930265893,4.747570704493566,2.6877265454246277,5.563258552095528
2023102207_3978_47891,47891,SPLIT_DEEP,True,1.997435328066869,Julian Love,4.6039508445583746,-2.6065155164915055,5.061358996574418,-3.063923668507549
2023102208_109_45021,45021,SPLIT_DEEP,False,11.860405919818538,Rudy Ford,10.923954648182125,0.9364512716364128,11.299408591870813,0.5609973279477245
2023102208_109_47804,47804,SPLIT_DEEP,False,18.11427323242367,Darnell Savage,10.52399752988419,7.590275702539481,11.602532532303456,6.511740700120214
2023102208_672_35459,35459,SPLIT_DEEP,False,11.996215411188633,Kareem Jackson,9.426365967568572,2.569849443620061,8.493513545036251,3.502701866152382
2023102208_672_43387,43387,SPLIT_DEEP,True,12.314758118157489,Justin Simmons,8.254520445030185,4.060237673127304,9.50470670413227,2.810051414025219
2023102208_1494_56107,56107,SINGLE_HIGH,False,13.794540595796796,Anthony Johnson Jr.,9.703766040770782,4.090774555026014,9.921322615465318,3.8732179803314786
2023102208_2170_35459,35459,SINGLE_HIGH,False,17.50537392365294,Kareem Jackson,16.79660809744066,0.7087658262122787,15.494734217790217,2.0106397058627223
2023102208_2193_35459,35459,SPLIT_DEEP,False,-2.8307131427292243,Kareem Jackson,1.1953116980618617,-4.026024840791086,0.3766358081550685,-3.2073489508842927
2023102208_2326_43387,43387,SINGLE_HIGH,True,8.137465421870694,Justin Simmons,4.923366288003606,3.2140991338670872,4.7866964114619766,3.350769010408717
2023102208_2677_56107,56107,SPLIT_DEEP,False,3.7245957427951577,Anthony Johnson Jr.,10.385548705076985,-6.6609529622818275,9.011264141857467,-5.286668399062309
2023102208_2741_35459,35459,SINGLE_HIGH,False,6.811355840466847,Kareem Jackson,5.598543322060636,1.2128125184062108,5.69079199069438,1.1205638497724673
2023102208_3179_35459,35459,SINGLE_HIGH,False,4.785168341238577,Kareem Jackson,1.548883377793643,3.2362849634449335,2.3814915041252664,2.40367683711331
2023102208_3899_48447,48447,SPLIT_DEEP,False,-5.41967647949008,P.J. Locke,1.61255778163298,-7.03223426112306,0.8187616594320737,-6.238438138922153
2023102208_3926_43387,43387,SPLIT_DEEP,True,19.534774612087425,Justin Simmons,17.79844061510153,1.7363339969858949,16.794089880649608,2.740684731437817
2023102208_3926_48447,48447,SPLIT_DEEP,False,22.976917338348052,P.J. Locke,18.653932283340055,4.322985055007997,16.46338840306806,6.513528935279993
2023102209_613_46137,46137,SPLIT_DEEP,False,5.129507663653576,Justin Reid,4.600609576409978,0.528898087243598,3.221913113545755,1.907594550107821
2023102209_613_54527,54527,SPLIT_DEEP,False,0.6782261986044924,Bryan Cook,0.9871894789847889,-0.3089632803802965,1.7263657161996093,-1.048139517595117
2023102209_820_42901,42901,SINGLE_HIGH,False,0.5318006991150543,Dean Marlowe,2.266372985625566,-1.7345722865105118,2.219306926963596,-1.6875062278485418
2023102209_912_42901,42901,SINGLE_HIGH,False,2.132124652658117,Dean Marlowe,1.8010547314606624,0.3310699211974546,2.2035272665377246,-0.07140261387960756
2023102209_1239_42901,42901,SPLIT_DEEP,False,-1.4926173162087435,Dean Marlowe,1.592453535950931,-3.0850708521596744,1.6834986541504282,-3.176115970359172
2023102209_1239_46086,46086,SPLIT_DEEP,True,1.2480531015809095,Derwin James,1.9404702263745892,-0.6924171247936797,0.8186839407017956,0.4293691608791139
2023102209_1579_42901,42901,SPLIT_DEEP,False,2.0439822984557843,Dean Marlowe,12.01886197933472,-9.974879680878935,15.613904547163433,-13.569922248707648
2023102209_1808_42901,42901,SINGLE_HIGH,False,1.954857783107487,Dean Marlowe,1.82579224557656,0.12906553753092687,2.8508870197344223,-0.8960292366269353
2023102209_2182_42901,42901,SINGLE_HIGH,False,1.881381938349973,Dean Marlowe,1.355658849244702,0.5257230891052711,2.6793042078687765,-0.7979222695188035
2023102209_2207_46086,46086,SPLIT_DEEP,True,5.103960049098031,Derwin James,8.273071370954703,-3.169111321856672,8.908828814494095,-3.804868765396064
2023102209_2423_46137,46137,SPLIT_DEEP,False,-6.682343782219082,Justin Reid,0.26411116908736015,-6.946454951306442,1.021363306717694,-7.703707088936776
2023102209_2423_54527,54527,SPLIT_DEEP,False,4.315671402893361,Bryan Cook,2.8245925395185907,1.4910788633747707,2.541152278987866,1.7745191239054954
2023102209_2681_46086,46086,SPLIT_DEEP,True,-2.6208594297979566,Derwin James,2.1929821274407346,-4.813841557238691,2.8044226141010205,-5.425282043898977
2023102209_3300_42901,42901,SPLIT_DEEP,False,-1.731426648270931,Dean Marlowe,1.3088062996103114,-3.0402329478812424,1.4676353558116437,-3.199062004082575
2023102209_3661_42901,42901,SINGLE_HIGH,False,1.510047828430853,Dean Marlowe,1.621022744524786,-0.11097491609393306,2.171604336220046,-0.661556507789193
2023102209_3770_47882,47882,SPLIT_DEEP,False,3.3057635596670725,Mike Edwards,2.5956898036767195,0.7100737559903529,2.682276148065389,0.6234874116016833
2023102209_3770_54527,54527,SPLIT_DEEP,False,0.958630222264948,Bryan Cook,1.532059521120652,-0.573429298855704,1.640171035406782,-0.681540813141834
2023102209_4016_46137,46137,SPLIT_DEEP,False,-0.34072037372583,Justin Reid,3.7870299312221856,-4.127750304948016,7.352181705602266,-7.692902079328096
2023102209_4016_54527,54527,SPLIT_DEEP,False,2.891719059160891,Bryan Cook,0.3824770064078213,2.50924205275307,3.46763765479617,-0.575918595635279
2023102210_196_53465,53465,SINGLE_HIGH,False,3.5647712351932324,Jevon Holland,6.351221419853074,-2.7864501846598415,4.293533287000036,-0.7287620518068039
2023102210_274_53465,53465,SINGLE_HIGH,False,1.2039299722112364,Jevon Holland,5.03599063636055,-3.8320606641493136,3.608688475988518,-2.4047585037772814
2023102210_462_46097,46097,SPLIT_DEEP,False,0.1047704825935023,Terrell Edmunds,0.7781615118771458,-0.6733910292836435,0.9774833775270988,-0.8727128949335965
2023102210_723_46097,46097,SPLIT_DEEP,False,6.932776785673646,Terrell Edmunds,4.518145054289695,2.4146317313839507,3.802463017860666,3.1303137678129795
2023102210_932_53465,53465,SPLIT_DEEP,False,1.3849811030788004,Jevon Holland,1.8530977220780205,-0.4681166189992201,1.681299588657959,-0.2963184855791585
2023102210_1125_46259,46259,SPLIT_DEEP,True,7.612217673319066,DeShon Elliott,13.68833201767837,-6.076114344359304,14.276753314537354,-6.664535641218288
2023102210_1125_53465,53465,SPLIT_DEEP,False,17.342685770367375,Jevon Holland,11.988722939281725,5.353962831085649,13.75492883203041,3.5877569383369643
2023102210_1536_46259,46259,SPLIT_DEEP,True,-2.98563643816813,DeShon Elliott,4.459277325090778,-7.444913763258908,3.7701549909826824,-6.755791429150813
2023102210_1852_55931,55931,SPLIT_DEEP,False,14.216159492785426,Sydney Brown,12.618300553612677,1.597858939172749,11.985214489812915,2.2309450029725113
2023102210_1919_46097,46097,SPLIT_DEEP,False,2.0757969324326435,Terrell Edmunds,1.3571938062108853,0.7186031262217583,1.3581918342428327,0.7176050981898108
2023102210_1944_46097,46097,SPLIT_DEEP,False,5.044485886392533,Terrell Edmunds,1.655554133640639,3.3889317527518936,0.9843688104952228,4.06011707589731
2023102210_1994_46097,46097,SPLIT_DEEP,False,20.203120229821387,Terrell Edmunds,13.83061182530803,6.372508404513358,14.554820311895721,5.648299917925666
2023102210_1994_55931,55931,SPLIT_DEEP,False,19.56993010932661,Sydney Brown,14.353357321800589,5.216572787526021,14.350967722786244,5.218962386540365
2023102210_2150_46097,46097,SPLIT_DEEP,False,3.9227009613844146,Terrell Edmunds,1.2481974890102927,2.6745034723741217,2.98737435107609,0.9353266103083246
2023102210_2150_55931,55931,SPLIT_DEEP,False,-1.5656760398012084,Sydney Brown,-1.207144890732508,-0.3585311490687004,0.4539821673049804,-2.019658207106189
2023102210_2295_46097,46097,SPLIT_DEEP,False,8.798628876586829,Terrell Edmunds,5.9365205578517415,2.8621083187350873,4.836345507620475,3.9622833689663537
2023102210_2653_46097,46097,SPLIT_DEEP,False,1.60642056865262,Terrell Edmunds,1.3055175704822226,0.30090299817039745,1.9831147097564132,-0.3766941411037932
2023102210_2676_46097,46097,SPLIT_DEEP,False,8.26034874596218,Terrell Edmunds,4.744103737291027,3.5162450086711523,5.864962564014607,2.395386181947573
2023102210_2904_53465,53465,SPLIT_DEEP,False,1.425091610111556,Jevon Holland,1.5903257222295908,-0.16523411211803474,1.0229219820322495,0.40216962807930656
2023102210_3016_55931,55931,SPLIT_DEEP,False,-1.4889599623166525,Sydney Brown,0.7579837675557827,-2.2469437298724353,1.313112201366975,-2.8020721636836274
2023102210_3114_46097,46097,SPLIT_DEEP,False,0.9611729533101164,Terrell Edmunds,0.49534618089374505,0.4658267724163714,2.5492288779069767,-1.5880559245968602
2023102210_3114_55931,55931,SPLIT_DEEP,False,1.0915693365065415,Sydney Brown,0.2631226732546492,0.8284466632518923,0.45383595655773057,0.637733379948811
2023102210_3137_46097,46097,SPLIT_DEEP,False,2.9629931526932967,Terrell Edmunds,2.1946955418660616,0.768297610827235,0.8115055499451671,2.1514876027481296
2023102210_3237_46097,46097,SPLIT_DEEP,False,13.045857284854485,Terrell Edmunds,10.119607020500561,2.926250264353923,13.606310063591902,-0.5604527787374174
2023102210_3237_55931,55931,SPLIT_DEEP,False,10.941308533688478,Sydney Brown,9.55064882272279,1.3906597109656875,12.434096567340807,-1.4927880336523298
2023102210_3568_53465,53465,SINGLE_HIGH,False,6.703787637687604,Jevon Holland,14.261940719342618,-7.558153081655014,13.75150667896232,-7.047719041274716
2023102300_378_53609,53609,SPLIT_DEEP,False,3.8681694320917024,Talanoa Hufanga,1.5395711638191358,2.3285982682725663,0.7323916369448007,3.1357777951469017
2023102300_449_38868,38868,SINGLE_HIGH,True,-3.2735484928939,Tashaun Gipson,1.412809740197469,-4.686358233091369,2.8230035098512483,-6.096552002745148
2023102300_542_38868,38868,SINGLE_HIGH,True,9.0681274556938,Tashaun Gipson,3.4577852139958267,5.610342241697973,3.251396341842714,5.816731113851086
2023102300_699_38559,38559,SPLIT_DEEP,False,3.2270654077264167,Harrison Smith,2.615121741104527,0.6119436666218898,2.627409409157538,0.5996559985688785
2023102300_699_53554,53554,SPLIT_DEEP,True,-0.4425276547903127,Camryn Bynum,4.704984474935923,-5.147512129726236,3.17162415923777,-3.614151814028083
2023102300_724_38559,38559,SINGLE_HIGH,False,4.801406864966461,Harrison Smith,1.253537877604802,3.5478689873616593,1.857277087981739,2.944129776984722
2023102300_774_38559,38559,SPLIT_DEEP,False,4.351271853743173,Harrison Smith,2.0387106851554173,2.3125611685877554,1.7735547323013119,2.577717121441861
2023102300_1134_38868,38868,SPLIT_DEEP,True,-1.960104841384689,Tashaun Gipson,3.108185811161426,-5.068290652546115,3.3893587649727,-5.349463606357389
2023102300_1376_53554,53554,SINGLE_HIGH,True,2.2642314977860014,Camryn Bynum,2.3457564439817435,-0.08152494619574213,3.226147892861148,-0.9619163950751464
2023102300_1710_53609,53609,SPLIT_DEEP,False,2.555478363152208,Talanoa Hufanga,1.3071414895076605,1.2483368736445477,1.2379223626083533,1.317556000543855
2023102300_1790_38868,38868,SINGLE_HIGH,True,7.969000831706299,Tashaun Gipson,5.187436701144244,2.781564130562055,4.112262043046936,3.8567387886593627
2023102300_2159_53609,53609,SINGLE_HIGH,False,2.9485558435597543,Talanoa Hufanga,1.2601143459348068,1.6884414976249476,2.0313072164480026,0.9172486271117517
2023102300_2561_53554,53554,SINGLE_HIGH,True,4.165318706127669,Camryn Bynum,4.2539527200744685,-0.08863401394679915,3.5338679574183374,0.6314507487093319
2023102300_2730_38868,38868,SPLIT_DEEP,True,2.4559725740888156,Tashaun Gipson,0.44507925132194853,2.0108933227668673,0.9045675458528102,1.5514050282360055
2023102300_2730_53609,53609,SPLIT_DEEP,False,4.3083994553601705,Talanoa Hufanga,1.3060900660584527,3.002309389301718,3.3370673004397693,0.9713321549204013
2023102300_2866_38868,38868,SINGLE_HIGH,True,14.456361003010556,Tashaun Gipson,11.620117260582743,2.836243742427813,11.017525111226995,3.4388358917835617
2023102300_3045_53554,53554,SINGLE_HIGH,True,7.918377614190529,Camryn Bynum,2.2803999858785717,5.637977628311957,2.2070997797014913,5.711277834489038
2023102300_3115_53554,53554,SINGLE_HIGH,True,-0.6617633027440153,Camryn Bynum,4.376193538228187,-5.037956840972202,3.5871634624301496,-4.248926765174165
2023102300_3421_53554,53554,SINGLE_HIGH,True,1.6803095912328514,Camryn Bynum,2.012062016238254,-0.3317524250054027,1.346871063869905,0.3334385273629463
2023102300_3539_53554,53554,SINGLE_HIGH,True,4.451393352400198,Camryn Bynum,0.5597377960766194,3.891655556323579,1.5347895347576213,2.916603817642577
2023102300_3622_38868,38868,SINGLE_HIGH,True,-3.7445535287437632,Tashaun Gipson,2.078854098363526,-5.823407627107289,2.612633073850379,-6.357186602594142
2023102300_3729_53609,53609,SINGLE_HIGH,False,8.933958568547219,Talanoa Hufanga,6.17373356992701,2.7602249986202088,4.052233771195848,4.881724797351371
2023102300_3873_38559,38559,SPLIT_DEEP,False,4.4695076719373725,Harrison Smith,1.0677942248899994,3.4017134470473733,0.8975160602724284,3.571991611664944
2023102300_3896_38559,38559,SPLIT_DEEP,False,3.1970308250050845,Harrison Smith,2.6570399426743605,0.539990882330724,1.1270658379230376,2.069964987082047
2023102300_3921_38559,38559,SPLIT_DEEP,False,1.5596145208243346,Harrison Smith,1.9898119407274468,-0.4301974199031122,1.38774882079462,0.17186570002971457
2023102300_3969_38559,38559,SPLIT_DEEP,False,4.03653221502659,Harrison Smith,2.488237165579035,1.5482950494475545,4.293850602473052,-0.2573183874464622
2023102300_3969_52613,52613,SPLIT_DEEP,False,-4.348347887419569,Josh Metellus,1.561867670235233,-5.910215557654802,1.2792094277926216,-5.627557315212191
2023102300_3969_53554,53554,SPLIT_DEEP,True,2.4139846232980724,Camryn Bynum,-2.4888050376035586,4.902789660901631,0.7651152896441715,1.6488693336539009
2023102600_109_40166,40166,SINGLE_HIGH,False,3.5967693110915224,Jordan Poyer,0.5703462624438611,3.0264230486476613,2.0427739730468737,1.5539953380446487
2023102600_743_40107,40107,SPLIT_DEEP,True,2.803785530136003,Micah Hyde,2.0426159495396776,0.7611695805963254,1.048334306266586,1.755451223869417
2023102600_934_46711,46711,SINGLE_HIGH,False,12.493014113526264,Ryan Neal,9.688815234516253,2.804198879010011,8.517427679159695,3.975586434366569
2023102600_1363_47844,47844,SINGLE_HIGH,False,-1.0163634389229603,Taylor Rapp,5.027787089129907,-6.044150528052867,3.5371272046752615,-4.553490643598222
2023102600_1482_40166,40166,SPLIT_DEEP,False,-0.4782712360838577,Jordan Poyer,-0.36942964563466796,-0.10884159044918973,0.9996107640372873,-1.477882000121145
2023102600_2805_46711,46711,SPLIT_DEEP,False,6.341564844779398,Ryan Neal,2.093390560017461,4.248174284761937,3.212863972126697,3.1287008726527015
2023102600_2805_52453,52453,SPLIT_DEEP,True,7.224682696578247,Antoine Winfield Jr.,3.168655328320825,4.056027368257422,3.521066039928531,3.703616656649716
2023102600_2992_40107,40107,SPLIT_DEEP,True,1.5686375900403355,Micah Hyde,1.788383954997496,-0.2197463649571605,1.2512878796875224,0.3173497103528131
2023102600_3159_52453,52453,SINGLE_HIGH,True,2.2027786061777315,Antoine Winfield Jr.,-0.23166773009689995,2.4344463362746316,1.7032421653580245,0.49953644081970694
2023102600_3444_40166,40166,SPLIT_DEEP,False,2.254358564341926,Jordan Poyer,1.8328255980948085,0.42153296624711745,1.2526497753320882,1.0017087890098377
2023102600_3619_46711,46711,SPLIT_DEEP,False,2.474251490274641,Ryan Neal,2.6025051142398685,-0.12825362396522744,1.4568596410435202,1.017391849231121
2023102600_4052_40107,40107,SPLIT_DEEP,True,1.2158548204662596,Micah Hyde,-0.19884368560434873,1.4146985060706083,1.1570579733392474,0.058796847127012164
2023102600_4096_40107,40107,SPLIT_DEEP,True,7.74265708970368,Micah Hyde,1.4438652150594062,6.298791874644274,1.8321230848654944,5.910534004838186
2023102600_4175_40107,40107,SPLIT_DEEP,True,10.580723086231732,Micah Hyde,11.86868564488924,-1.287962558657508,10.940632326052235,-0.35990923982050305
2023102600_4175_47844,47844,SPLIT_DEEP,False,12.843292729977028,Taylor Rapp,7.245851255396076,5.597441474580952,9.032416342072583,3.810876387904445
2023102600_4260_47844,47844,SINGLE_HIGH,False,-1.6361033110491254,Taylor Rapp,6.869796652140551,-8.505899963189677,5.565990310450428,-7.202093621499554
2023102600_4644_40166,40166,SPLIT_DEEP,False,2.4410480852587373,Jordan Poyer,1.9705837825347408,0.47046430272399653,2.603816359100991,-0.16276827384225356
2023102900_494_41256,41256,SINGLE_HIGH,False,3.807635435967091,Jimmie Ward,6.673790135510778,-2.866154699543687,6.754253137754362,-2.946617701787271
2023102900_934_45004,45004,SPLIT_DEEP,False,3.30958600778544,Xavier Woods,1.4897376031994547,1.8198484045859855,0.4588655628106313,2.850720444974809
2023102900_934_52939,52939,SPLIT_DEEP,False,-1.9571165019844263,Sam Franklin Jr.,0.8722963708236995,-2.829412872808126,0.6144671616414463,-2.571583663625873
2023102900_1251_41256,41256,SINGLE_HIGH,False,13.49370746977416,Jimmie Ward,10.970787708736344,2.522919761037816,11.18673648009941,2.306970989674749
2023102900_1423_45004,45004,SPLIT_DEEP,False,1.777745612348208,Xavier Woods,1.5915703665874328,0.18617524576077527,1.1994010562316184,0.5783445561165896
2023102900_1544_41256,41256,SPLIT_DEEP,False,16.402599177836183,Jimmie Ward,7.677120526037067,8.725478651799117,7.670771399292808,8.731827778543376
2023102900_1544_54502,54502,SPLIT_DEEP,True,10.442124940831608,Jalen Pitre,8.259594263109141,2.1825306777224665,6.7394588696664774,3.7026660711651305
2023102900_1650_54502,54502,SINGLE_HIGH,True,-3.27094040665037,Jalen Pitre,1.0585661464188503,-4.32950655306922,2.03508506387887,-5.30602547052924
2023102900_1675_54502,54502,SPLIT_DEEP,True,2.6464889383106147,Jalen Pitre,1.4770140898169295,1.1694748484936852,1.2028768593136476,1.443612078996967
2023102900_2294_54502,54502,SPLIT_DEEP,True,3.5483481156361307,Jalen Pitre,1.663096540697309,1.8852515749388217,0.8024797492239131,2.7458683664122177
2023102900_3407_52939,52939,SINGLE_HIGH,False,15.268616228655864,Sam Franklin Jr.,10.370740139983727,4.897876088672136,8.111604573830911,7.157011654824952
2023102901_271_54718,54718,SPLIT_DEEP,True,5.785615623386391,Russ Yeast,4.733341654429533,1.0522739689568583,3.7833761674879804,2.002239455898411
2023102901_296_52607,52607,SPLIT_DEEP,True,2.4763223099514224,Jordan Fuller,0.07248131819143756,2.403840991759985,0.8350660802271186,1.6412562297243039
2023102901_422_44827,44827,SINGLE_HIGH,True,-0.1560126530600776,Malik Hooker,1.4901938212309607,-1.6462064742910383,3.0062008964286298,-3.1622135494887074
2023102901_1321_52607,52607,SINGLE_HIGH,True,-1.6746836349046497,Jordan Fuller,1.4379322443538576,-3.1126158792585072,1.2551330079507803,-2.92981664285543
2023102901_1499_44827,44827,SINGLE_HIGH,True,1.291089809528592,Malik Hooker,1.2771765964678659,0.013913213060726237,1.393012819369499,-0.10192300984090696
2023102901_1801_52607,52607,SPLIT_DEEP,True,8.681382036586179,Jordan Fuller,6.1036331697721655,2.577748866814013,5.581731059417718,3.0996509771684604
2023102901_1801_54718,54718,SPLIT_DEEP,True,10.680212758651663,Russ Yeast,5.581979109946255,5.098233648705408,6.33426884415889,4.345943914492773
2023102901_1973_44827,44827,SPLIT_DEEP,True,10.76635530791596,Malik Hooker,11.70585080365922,-0.9394954957432606,11.565279450156485,-0.7989241422405247
2023102901_1973_47996,47996,SPLIT_DEEP,False,10.166168326401314,Donovan Wilson,12.949542172536686,-2.7833738461353725,11.675372717930074,-1.50920439152876
2023102901_2069_44827,44827,SINGLE_HIGH,True,-3.124609292261056,Malik Hooker,3.0749806684711904,-6.199589960732247,3.1216161524137505,-6.246225444674806
2023102901_2629_54718,54718,SPLIT_DEEP,True,1.5244541999445644,Russ Yeast,1.3758881405563812,0.14856605938818324,1.5736767617376062,-0.04922256179304174
2023102901_2801_54718,54718,SINGLE_HIGH,True,-2.3254894210435193,Russ Yeast,0.8530392712693113,-3.1785286923128306,2.0697274810649775,-4.395216902108497
2023102901_2903_52607,52607,SINGLE_HIGH,True,0.8293634486019412,Jordan Fuller,1.993311222746552,-1.1639477741446107,1.1317705470660275,-0.3024070984640863
2023102901_3120_43533,43533,SINGLE_HIGH,False,8.148422775242938,Jayron Kearse,7.59295599902853,0.5554667762144083,7.4658179219694905,0.6826048532734479
2023102901_3188_47996,47996,SPLIT_DEEP,False,11.604875465443008,Donovan Wilson,6.577838525514935,5.027036939928073,7.556733809304962,4.048141656138046
2023102901_3875_54718,54718,SINGLE_HIGH,True,14.44005942414054,Russ Yeast,16.5699221430854,-2.1298627189448602,15.496407245622175,-1.0563478214816353
2023102902_407_45021,45021,SPLIT_DEEP,False,7.760811704296928,Rudy Ford,2.275832738019495,5.484978966277433,3.5539293642647323,4.2068823400321955
2023102902_477_46669,46669,SPLIT_DEEP,False,2.158638918624054,Jonathan Owens,1.222254154536546,0.936384764087508,0.5687617816627153,1.5898771369613387
2023102902_861_45021,45021,SPLIT_DEEP,False,-1.4533932823416604,Rudy Ford,1.0425139715700775,-2.4959072539117377,0.9536454402664383,-2.4070387226080987
2023102902_1248_45021,45021,SPLIT_DEEP,False,3.8505868431174823,Rudy Ford,2.120178598447929,1.7304082446695532,1.7221350860327433,2.128451757084739
2023102902_1248_46669,46669,SPLIT_DEEP,False,-4.415149591105906,Jonathan Owens,0.2997994208020063,-4.714949011907912,0.9356299216337147,-5.350779512739621
2023102902_1298_46669,46669,SINGLE_HIGH,False,-0.6070171899007182,Jonathan Owens,3.5138820008956686,-4.120899190796386,3.9084451164841374,-4.515462306384856
2023102902_1787_53554,53554,SINGLE_HIGH,True,11.966060046766364,Camryn Bynum,6.452660824257384,5.51339922250898,4.874091910548218,7.091968136218146
2023102902_1810_53554,53554,SINGLE_HIGH,True,5.002312928296862,Camryn Bynum,1.9265493442543127,3.0757635840425497,2.952871602382432,2.0494413259144304
2023102902_2367_46669,46669,SPLIT_DEEP,False,1.5152296167568622,Jonathan Owens,1.2039942104900199,0.3112354062668423,1.3667591408146578,0.14847047594220442
2023102902_2449_45021,45021,SPLIT_DEEP,False,0.5407991278320523,Rudy Ford,1.1287764850671451,-0.5879773572350928,1.1675028947491786,-0.6267037669171263
2023102902_2759_46669,46669,SINGLE_HIGH,False,6.7832469244210865,Jonathan Owens,4.167123601027755,2.6161233233933316,3.908657882982034,2.8745890414390525
2023102902_2907_53554,53554,SINGLE_HIGH,True,-0.5624595910394525,Camryn Bynum,0.6764631105341593,-1.2389227015736117,1.9532263421422096,-2.515685933181662
2023102902_3455_45021,45021,SINGLE_HIGH,False,0.3472580872211903,Rudy Ford,4.299275634839891,-3.9520175476187003,3.348138678797109,-3.0008805915759185
2023102902_3884_53554,53554,SINGLE_HIGH,True,1.3169726895870864,Camryn Bynum,-0.11243255951917884,1.4294052491062652,0.5284459611422054,0.7885267284448809
2023102902_4049_38559,38559,SPLIT_DEEP,False,5.000405381302231,Harrison Smith,5.784655021950066,-0.7842496406478343,5.265294050404052,-0.2648886691018211
2023102902_4049_52613,52613,SPLIT_DEEP,False,10.26074690477556,Josh Metellus,6.984484360352829,3.276262544422732,6.345305024705266,3.9154418800702944
2023102902_4298_53554,53554,SINGLE_HIGH,True,11.932157159323664,Camryn Bynum,16.648248742405432,-4.716091583081768,16.37356320101899,-4.441406041695325
2023102902_4321_53554,53554,SPLIT_DEEP,True,8.97635095980533,Camryn Bynum,11.971656469820806,-2.9953055100154753,11.459006867814074,-2.482655908008743
2023102902_4375_53554,53554,SPLIT_DEEP,True,4.624037010603831,Camryn Bynum,1.673150827022021,2.95088618358181,0.7899874645709257,3.8340495460329054
2023102902_4400_38559,38559,SPLIT_DEEP,False,5.323468298261333,Harrison Smith,6.760093695519436,-1.4366253972581031,5.331442011729703,-0.007973713468369503
2023102902_4423_38559,38559,SPLIT_DEEP,False,10.10390716019704,Harrison Smith,5.955575418176337,4.148331742020702,8.168122151699503,1.935785008497536
2023102902_4423_52613,52613,SPLIT_DEEP,False,10.680767914332538,Josh Metellus,10.573535441435371,0.10723247289716653,10.476723252255777,0.20404466207676109
2023102902_4423_53554,53554,SPLIT_DEEP,True,9.33002687726772,Camryn Bynum,10.179674663293786,-0.8496477860260665,10.488097140437961,-1.1580702631702415
2023102902_4483_38559,38559,SPLIT_DEEP,False,5.456598792223551,Harrison Smith,0.4817049134784287,4.974893878745123,0.9150451968985678,4.5415535953249835
2023102903_173_52493,52493,SPLIT_DEEP,False,4.845118271635476,Julian Blackmon,1.9562688439835287,2.888849427651947,2.3872284624582942,2.457889809177182
2023102903_580_52493,52493,SPLIT_DEEP,False,26.559579829430007,Julian Blackmon,16.427409278333474,10.132170551096532,16.557834184474498,10.001745644955509
2023102903_603_54704,54704,SINGLE_HIGH,True,-7.009694163639017,Rodney Thomas,-2.3724538620034172,-4.637240301635599,0.46119469492051657,-7.470888858559533
2023102903_804_56011,56011,SPLIT_DEEP,False,-0.170498982260618,Jordan Howden,1.4562718994536905,-1.6267708817143085,1.6673259414233907,-1.8378249236840087
2023102903_1170_56011,56011,SPLIT_DEEP,False,5.861606315583517,Jordan Howden,6.2895677094158,-0.42796139383228304,6.382881722382386,-0.5212754067988694
2023102903_1372_54704,54704,SINGLE_HIGH,True,-3.354690960367371,Rodney Thomas,2.48586661085184,-5.840557571219211,1.9584567104258603,-5.3131476707932315
2023102903_1829_52493,52493,SINGLE_HIGH,False,19.93158760289396,Julian Blackmon,12.327433400193271,7.604154202700688,14.27789779410473,5.653689808789229
2023102903_2670_54704,54704,SINGLE_HIGH,True,3.645487347962394,Rodney Thomas,6.26295323575899,-2.6174658877965955,5.911413063459276,-2.2659257154968815
2023102903_2693_54704,54704,SINGLE_HIGH,True,9.372424428914991,Rodney Thomas,6.981133864883429,2.3912905640315625,5.16838159983236,4.204042829082631
2023102903_2886_56011,56011,SINGLE_HIGH,False,11.727287618767916,Jordan Howden,8.342340566777018,3.3849470519908973,8.933043502332607,2.7942441164353085
2023102903_3262_56011,56011,SPLIT_DEEP,False,3.0108644474760764,Jordan Howden,0.3273736620745192,2.683490785401557,0.32215330661846586,2.6887111408576105
2023102903_3355_54704,54704,SINGLE_HIGH,True,22.59574979034562,Rodney Thomas,16.43771244257183,6.158037347773792,16.818020070717946,5.777729719627676
2023102903_3792_40017,40017,SPLIT_DEEP,True,4.175799172695531,Tyrann Mathieu,0.7597821824920622,3.416016990203469,1.3797197035326185,2.7960794691629127
2023102903_3968_54704,54704,SINGLE_HIGH,True,24.469912530840563,Rodney Thomas,19.02877079660034,5.441141734240222,16.35680884674133,8.113103684099233
2023102903_4119_40017,40017,SPLIT_DEEP,True,-0.5290239826435723,Tyrann Mathieu,1.2035106340842865,-1.7325346167278588,1.2577716871971383,-1.7867956698407106
2023102903_4190_47837,47837,SINGLE_HIGH,False,1.9403482345682248,Lonnie Johnson,3.6305421396431816,-1.6901939050749568,3.263179565892939,-1.322831331324714
2023102903_4325_52493,52493,SINGLE_HIGH,False,18.43212301689595,Julian Blackmon,15.708752298967566,2.7233707179283844,14.733112379527388,3.6990106373685627
2023102904_566_44837,44837,SPLIT_DEEP,False,6.39560826122068,Jabrill Peppers,0.5173765674617783,5.878231693758901,3.370937742719579,3.024670518501101
2023102904_566_52445,52445,SPLIT_DEEP,False,1.1422524048449136,Kyle Dugger,-1.6421295362730783,2.784381941117992,0.3870822365784008,0.7551701682665128
2023102904_643_46259,46259,SPLIT_DEEP,True,-2.3338013103592115,DeShon Elliott,1.257154146872832,-3.5909554572320435,1.2513985395791067,-3.585199849938318
2023102904_1747_52478,52478,SINGLE_HIGH,False,-5.138965381166717,Brandon Jones,5.6206898039947415,-10.759655185161458,4.593746964526963,-9.73271234569368
2023102904_1781_44837,44837,SINGLE_HIGH,False,3.4729657908042775,Jabrill Peppers,2.1742809054923065,1.298684885311971,1.3528891624070916,2.120076628397186
2023102904_1903_52445,52445,SINGLE_HIGH,False,4.893317936361944,Kyle Dugger,1.3624693371921333,3.530848599169811,3.5530396697224154,1.3402782666395288
2023102904_2343_44837,44837,SINGLE_HIGH,False,12.778043674853148,Jabrill Peppers,9.38706169569796,3.390981979155187,9.37628793600957,3.401755738843578
2023102904_2413_44837,44837,SINGLE_HIGH,False,1.978124188558131,Jabrill Peppers,1.8489479755146814,0.12917621304344973,1.7336601157573366,0.24446407280079452
2023102904_2562_46259,46259,SPLIT_DEEP,True,-7.594028636452311,DeShon Elliott,2.2929314592986128,-9.886960095750924,1.6977447496341416,-9.291773386086453
2023102904_2619_46259,46259,SPLIT_DEEP,True,3.0826173556262373,DeShon Elliott,1.1052510500524853,1.977366305573752,0.39263070388817667,2.6899866517380606
2023102904_2645_52478,52478,SPLIT_DEEP,False,1.282548930391339,Brandon Jones,0.9972092403118996,0.2853396900794395,0.5176480036122868,0.7649009267790523
2023102904_3272_52478,52478,SINGLE_HIGH,False,1.2097416505827,Brandon Jones,1.0666847167655291,0.14305693381717077,2.83676010221215,-1.62701845162945
2023102904_3338_52478,52478,SPLIT_DEEP,False,-2.9764930412266377,Brandon Jones,1.2608751040598072,-4.237368145286445,1.8105876270187569,-4.787080668245395
2023102904_3407_52478,52478,SPLIT_DEEP,False,7.583237615040078,Brandon Jones,1.283854875269922,6.299382739770156,1.9460742365154173,5.637163378524661
2023102904_3709_52445,52445,SPLIT_DEEP,False,-1.5669784273350666,Kyle Dugger,-2.2056535957701175,0.6386751684350509,0.9887276838105716,-2.5557061111456383
2023102904_3732_44837,44837,SINGLE_HIGH,False,-2.0032902213888395,Jabrill Peppers,1.3061525126546774,-3.309442734043517,2.576828615966117,-4.580118837354957
2023102904_3912_46259,46259,SPLIT_DEEP,True,6.925734022483752,DeShon Elliott,5.886145736311503,1.0395882861722487,4.8222906416997136,2.1034433807840385
2023102904_3912_52478,52478,SPLIT_DEEP,False,3.9503430730446905,Brandon Jones,1.3932140999728264,2.557128973071864,2.021329450497161,1.9290136225475294
2023102904_3954_46259,46259,SPLIT_DEEP,True,1.9622425391585407,DeShon Elliott,1.7544452239079578,0.20779731525058298,1.6943749656167926,0.26786757354174817
2023102905_795_53604,53604,SINGLE_HIGH,True,4.607380782385164,Jason Pinnock,4.525370531468157,0.08201025091700664,6.096240572571821,-1.4888597901866572
2023102905_818_53604,53604,SINGLE_HIGH,True,7.014035725861865,Jason Pinnock,3.831599891419555,3.18243583444231,4.437478692248664,2.5765570336132004
2023102905_1642_53604,53604,SINGLE_HIGH,True,8.554749390135429,Jason Pinnock,5.177033557960708,3.3777158321747214,4.554697270279695,4.000052119855734
2023102905_3587_53604,53604,SINGLE_HIGH,True,5.416344724143622,Jason Pinnock,8.294595841129286,-2.8782511169856644,7.2522084933486095,-1.8358637692049875
2023102905_3698_53604,53604,SINGLE_HIGH,True,3.75048760690175,Jason Pinnock,5.553690818616498,-1.8032032117147478,3.9485591083437885,-0.19807150144203867
2023102905_4392_52444,52444,SPLIT_DEEP,True,2.7738648504567935,Xavier McKinney,1.2849881189741823,1.4888767314826112,1.7297036351433057,1.0441612153134878
2023102905_4392_54579,54579,SPLIT_DEEP,False,4.085883248720869,Dane Belton,5.2014081635420935,-1.1155249148212247,3.870924088077225,0.21495916064364362
2023102905_4428_54579,54579,SPLIT_DEEP,False,-1.7025814086793891,Dane Belton,1.883659001059555,-3.586240409738944,1.543847375903626,-3.2464287845830153
2023102905_4778_53604,53604,SINGLE_HIGH,True,9.195933607533432,Jason Pinnock,6.095303994716988,3.1006296128164434,6.431859891053942,2.7640737164794897
2023102906_56_44926,44926,SPLIT_DEEP,True,6.612623709627246,Rayshawn Jenkins,4.46056287869212,2.1520608309351257,3.2762454636301364,3.3363782459971096
2023102906_56_48508,48508,SPLIT_DEEP,False,4.363909235732515,Andrew Wingard,2.498843050560624,1.8650661851718908,2.377627904079527,1.9862813316529877
2023102906_536_44962,44962,SPLIT_DEEP,True,2.4106224733436297,Damontae Kazee,-1.6180116769656414,4.028634150309271,1.6906073492044502,0.7200151241391795
2023102906_815_44962,44962,SINGLE_HIGH,True,9.614022257404327,Damontae Kazee,9.692732457756449,-0.07871020035212162,10.11600510251989,-0.5019828451155632
2023102906_1198_44962,44962,SINGLE_HIGH,True,8.999749619278866,Damontae Kazee,5.832750435817647,3.1669991834612192,4.566901257776206,4.43284836150266
2023102906_1724_44962,44962,SPLIT_DEEP,True,1.3789551832738436,Damontae Kazee,1.8851949659140257,-0.5062397826401821,0.8503613215076999,0.5285938617661436
2023102906_2147_44926,44926,SPLIT_DEEP,True,1.807621283914795,Rayshawn Jenkins,8.3354405517009,-6.527819267786105,10.043036866877554,-8.235415582962759
2023102906_2147_48508,48508,SPLIT_DEEP,False,15.100981075754245,Andrew Wingard,8.92626927013107,6.174711805623174,9.915826342825483,5.185154732928762
2023102906_2577_48508,48508,SPLIT_DEEP,False,6.281480088933742,Andrew Wingard,0.450951964170889,5.8305281247628535,0.7995932771802714,5.481886811753471
2023102906_2685_44962,44962,SINGLE_HIGH,True,12.680797368284937,Damontae Kazee,9.919024714691757,2.76177265359318,10.366970272557738,2.3138270957271985
2023102906_2860_48508,48508,SPLIT_DEEP,False,6.183043198579594,Andrew Wingard,5.348287035467286,0.8347561631123082,4.612369326158932,1.5706738724206621
2023102906_2981_44962,44962,SINGLE_HIGH,True,5.584555840490935,Damontae Kazee,4.897275377565051,0.6872804629258837,4.486372755081598,1.0981830854093362
2023102906_3501_44962,44962,SINGLE_HIGH,True,-1.7085703739757836,Damontae Kazee,-0.9716059496616251,-0.7369644243141585,0.8295488171255929,-2.5381191911013765
2023102906_3655_48508,48508,SINGLE_HIGH,False,11.34096955464824,Andrew Wingard,5.333027542461312,6.007942012186928,5.669391724770573,5.671577829877666
2023102906_4320_44926,44926,SPLIT_DEEP,True,2.511574148201804,Rayshawn Jenkins,1.5062773559554146,1.0052967922463896,2.205323639956225,0.3062505082455793
2023102907_234_47899,47899,SINGLE_HIGH,False,0.3566586287293756,Amani Hooker,1.7092899026431725,-1.352631273913797,1.761290387021159,-1.4046317582917833
2023102907_475_53469,53469,SPLIT_DEEP,False,20.111380509733895,Richie Grant,14.007362903275634,6.10401760645826,13.552407597866527,6.558972911867368
2023102907_618_53529,53529,SINGLE_HIGH,False,14.927790571807442,Elijah Molden,12.767004915905954,2.1607856559014884,12.123037021291648,2.8047535505157946
2023102907_759_46123,46123,SPLIT_DEEP,True,5.661387164561496,Jessie Bates,13.627717674202492,-7.966330509640995,16.086638957794484,-10.425251793232988
2023102907_759_53469,53469,SPLIT_DEEP,False,13.967546912158376,Richie Grant,14.27219264215808,-0.3046457299997041,15.841593009093291,-1.874046096934915
2023102907_1192_53529,53529,SINGLE_HIGH,False,-1.404424532119025,Elijah Molden,1.5471217896834781,-2.9515463218025033,2.266739848670748,-3.671164380789773
2023102907_1270_53469,53469,SPLIT_DEEP,False,8.791869121624808,Richie Grant,9.563691969186047,-0.7718228475612392,8.087317543561369,0.7045515780634393
2023102907_1412_53529,53529,SINGLE_HIGH,False,2.4174461716196203,Elijah Molden,1.7907336881777869,0.6267124834418334,1.5942470731609042,0.8231990984587161
2023102907_1705_53529,53529,SINGLE_HIGH,False,5.554603498317048,Elijah Molden,4.515239167723374,1.0393643305936742,4.82709342005061,0.7275100782664383
2023102907_2849_47899,47899,SPLIT_DEEP,False,4.985392750124827,Amani Hooker,1.6404660890346867,3.3449266610901405,1.4080570296946195,3.5773357204302076
2023102907_2896_53529,53529,SINGLE_HIGH,False,1.9340372776139656,Elijah Molden,1.12544731422746,0.8085899633865057,1.397084071486895,0.5369532061270705
2023102907_2924_53529,53529,SPLIT_DEEP,False,15.44604669181611,Elijah Molden,11.032136195923664,4.413910495892445,12.06305428411866,3.382992407697449
2023102907_3090_53469,53469,SPLIT_DEEP,False,22.9779159179598,Richie Grant,17.382000804553833,5.595915113405965,15.637657135634978,7.34025878232482
2023102907_3529_53529,53529,SINGLE_HIGH,False,21.182381887468907,Elijah Molden,14.818018324806257,6.36436356266265,15.153606864811266,6.028775022657641
2023102907_3809_46123,46123,SINGLE_HIGH,True,24.84729654918276,Jessie Bates,21.3167404512248,3.5305560979579624,17.135164801406106,7.712131747776656
2023102907_3886_53529,53529,SPLIT_DEEP,False,2.4089021310715166,Elijah Molden,1.6377009932940294,0.7712011377774872,1.256718490526687,1.1521836405448296
2023102907_3933_47899,47899,SPLIT_DEEP,False,4.235018265184728,Amani Hooker,1.1381056563823377,3.09691260880239,0.6813887464995521,3.5536295186851756
2023102907_3958_53529,53529,SPLIT_DEEP,False,0.076653776445692,Elijah Molden,1.3164034008729928,-1.2397496244273007,0.4522055305191408,-0.3755517540734488
2023102908_524_54808,54808,SPLIT_DEEP,True,12.583548483849576,Reed Blankenship,8.743102022683878,3.8404464611656977,7.920041231660303,4.663507252189273
2023102908_621_54578,54578,SINGLE_HIGH,True,20.001503897800003,Percy Butler,13.75229181774667,6.249212080053333,12.777976439953218,7.223527457846785
2023102908_983_43353,43353,SINGLE_HIGH,False,19.05851658417857,Kevin Byard,16.297643606047895,2.7608729781306742,15.68092121705315,3.3775953671254193
2023102908_1171_43353,43353,SPLIT_DEEP,False,-1.3653795030455491,Kevin Byard,3.848198162930928,-5.2135776659764765,2.619064413295278,-3.984443916340827
2023102908_1171_54808,54808,SPLIT_DEEP,True,1.5397902452969348,Reed Blankenship,4.568461319009928,-3.028671073712993,3.2921382383093825,-1.7523479930124477
2023102908_1235_52624,52624,SPLIT_DEEP,False,-5.717088758034104,Kam Curl,1.8978576565245768,-7.614946414558681,0.9512732616752189,-6.668362019709323
2023102908_1283_54578,54578,SINGLE_HIGH,True,8.632269767157972,Percy Butler,5.896928484274788,2.7353412828831836,6.257004689280469,2.3752650778775024
2023102908_1530_54808,54808,SPLIT_DEEP,True,3.838585513704322,Reed Blankenship,1.1560725462290582,2.6825129674752635,1.2368676820627336,2.6017178316415883
2023102908_1908_52624,52624,SPLIT_DEEP,False,2.082787210208812,Kam Curl,0.6003985736218213,1.4823886365869905,1.4083362427399386,0.6744509674688732
2023102908_2574_43353,43353,SPLIT_DEEP,False,4.40368704183194,Kevin Byard,2.143596942356881,2.2600900994750592,1.6762982459976286,2.7273887958343117
2023102908_2863_55912,55912,SPLIT_DEEP,False,7.161149863548001,Quan Martin,5.907792726362778,1.2533571371852235,4.498162664809378,2.662987198738623
2023102908_3160_54808,54808,SINGLE_HIGH,True,14.680075928744303,Reed Blankenship,18.686256685305565,-4.006180756561262,16.573489858806386,-1.8934139300620831
2023102908_3409_52624,52624,SPLIT_DEEP,False,3.433694190828003,Kam Curl,2.139775724617535,1.2939184662104681,1.788787100434047,1.6449070903939562
2023102908_3605_54808,54808,SINGLE_HIGH,True,9.442021212654348,Reed Blankenship,8.982291452067848,0.45972976058649984,8.533918663032077,0.9081025496222708
2023102908_3664_54808,54808,SPLIT_DEEP,True,3.0322434455164657,Reed Blankenship,0.8964321687333412,2.1358112767831248,0.4022350319575594,2.6300084135589064
2023102908_3897_43353,43353,SPLIT_DEEP,False,1.603554306084826,Kevin Byard,3.4960586193893155,-1.8925043133044894,3.1167917548693485,-1.5132374487845224
2023102908_3897_54808,54808,SPLIT_DEEP,True,9.86702924807423,Reed Blankenship,3.19156511116016,6.67546413691407,2.9409224388859254,6.926106809188305
2023102908_4378_43353,43353,SPLIT_DEEP,False,-3.2933707676344444,Kevin Byard,1.5502606813953457,-4.84363144902979,2.7326503081755416,-6.026021075809986
2023102908_4378_54808,54808,SPLIT_DEEP,True,2.646871312943434,Reed Blankenship,1.1372143137452135,1.5096569991982203,0.9522834088470518,1.694587904096382
2023102908_4433_43353,43353,SPLIT_DEEP,False,9.856348921498954,Kevin Byard,10.162475541281589,-0.3061266197826349,8.991541944520556,0.8648069769783984
2023102908_4433_54808,54808,SPLIT_DEEP,True,15.18385709738603,Reed Blankenship,8.970662117495053,6.213194979890977,8.082356264365771,7.101500833020259
2023102909_425_42543,42543,SINGLE_HIGH,True,-1.6380767955757491,Quandre Diggs,2.197745952506828,-3.835822748082577,1.6613132118632716,-3.2993900074390208
2023102909_470_42543,42543,SINGLE_HIGH,True,12.527980510307698,Quandre Diggs,12.40618134997851,0.12179916032918747,11.337587141854527,1.1903933684531705
2023102909_667_47846,47846,SINGLE_HIGH,False,14.241582045393963,Juan Thornhill,10.800840368231329,3.4407416771626345,10.121259801332268,4.120322244061695
2023102909_831_42543,42543,SPLIT_DEEP,True,0.0227883912633792,Quandre Diggs,2.09389844818249,-2.0711100569191108,1.859097391011769,-1.8363089997483897
2023102909_958_47846,47846,SINGLE_HIGH,False,15.08142197741862,Juan Thornhill,16.771233075193653,-1.6898110977750331,14.395499247246327,0.6859227301722921
2023102909_1087_42543,42543,SINGLE_HIGH,True,2.3248436437210707,Quandre Diggs,12.905148714944422,-10.580305071223352,11.80584546475262,-9.48100182103155
2023102909_1133_42543,42543,SPLIT_DEEP,True,4.082157213514797,Quandre Diggs,8.92351796911228,-4.841360755597483,8.993857254307901,-4.911700040793104
2023102909_1133_47891,47891,SPLIT_DEEP,True,13.36965847732051,Julian Love,9.646158228648066,3.723500248672444,7.754694071895313,5.614964405425197
2023102909_1332_42543,42543,SPLIT_DEEP,True,0.7953688924382103,Quandre Diggs,2.674178199963191,-1.8788093075249805,2.6973899535470602,-1.90202106110885
2023102909_1410_38843,38843,SPLIT_DEEP,False,12.180625122089412,Rodney McLeod,12.329041000705697,-0.14841587861628547,11.9671426736332,0.21348244845621167
2023102909_1689_42543,42543,SPLIT_DEEP,True,0.6263152257778355,Quandre Diggs,0.972337671881099,-0.3460224461032635,2.2150170094523887,-1.5887017836745532
2023102909_2071_47846,47846,SPLIT_DEEP,False,5.234176661263303,Juan Thornhill,1.6870513510344323,3.5471253102288713,1.3468913941263256,3.8872852671369778
2023102909_2071_52452,52452,SPLIT_DEEP,False,0.1802763374661093,Grant Delpit,1.8343322581614419,-1.6540559206953325,1.102644942043682,-0.9223686045775726
2023102909_2565_42543,42543,SINGLE_HIGH,True,-1.515743817332563,Quandre Diggs,1.2245049385025428,-2.740248755835106,1.5212461067820033,-3.0369899241145664
2023102909_2637_42543,42543,SINGLE_HIGH,True,4.264859915879838,Quandre Diggs,1.3631527686807994,2.9017071471990388,1.666394928517418,2.59846498736242
2023102909_2743_47846,47846,SINGLE_HIGH,False,7.993277018474293,Juan Thornhill,10.927047687719897,-2.933770669245604,10.550790221334207,-2.557513202859914
2023102909_3149_42543,42543,SINGLE_HIGH,True,14.000057052959708,Quandre Diggs,12.060741187712614,1.939315865247094,14.488284544949309,-0.48822749198960125
2023102909_4101_47891,47891,SPLIT_DEEP,True,2.27287877163446,Julian Love,2.0055880574616927,0.2672907141727672,4.024268581423655,-1.7513898097891953
2023102909_4124_47891,47891,SPLIT_DEEP,True,-1.212316442979823,Julian Love,0.4648164616572278,-1.677132904637051,2.030713036169672,-3.243029479149495
2023102910_638_44848,44848,SINGLE_HIGH,False,-0.8937747069032973,Budda Baker,10.59497862373907,-11.488753330642368,10.083679089936984,-10.977453796840281
2023102910_1823_52627,52627,SINGLE_HIGH,True,1.1886995949927588,Geno Stone,2.856373081408678,-1.6676734864159193,3.6309792634018603,-2.4422796684091015
2023102910_2216_46807,46807,SPLIT_DEEP,False,12.937670143886349,Andre Chachere,7.795607927569005,5.142062216317344,8.789021875474532,4.148648268411817
2023102910_2321_54479,54479,SINGLE_HIGH,False,-4.890757911689779,Kyle Hamilton,3.5629607475400853,-8.453718659229864,3.9123985060247035,-8.803156417714483
2023102910_2524_44848,44848,SINGLE_HIGH,False,11.051572499142884,Budda Baker,6.903950853596004,4.14762164554688,6.344247114679908,4.707325384462975
2023102910_3478_52627,52627,SPLIT_DEEP,True,-4.238117212332346,Geno Stone,0.9104622038996902,-5.148579416232036,0.5175862027561724,-4.755703415088519
2023102910_3503_52627,52627,SPLIT_DEEP,True,10.710546647956772,Geno Stone,7.232646868422868,3.477899779533904,8.815639156059708,1.8949074918970634
2023102910_3549_52627,52627,SPLIT_DEEP,True,3.212187559669932,Geno Stone,1.473056318099651,1.7391312415702809,0.7041219886319183,2.5080655710380135
2023102910_3925_52627,52627,SPLIT_DEEP,True,1.9181850381483816,Geno Stone,1.5869931387056169,0.3311918994427647,1.4185697437495417,0.4996152943988399
2023102910_3950_52627,52627,SPLIT_DEEP,True,7.442911899882267,Geno Stone,2.8171990414245514,4.625712858457716,3.218784944177366,4.224126955704901
2023102910_4421_52627,52627,SPLIT_DEEP,True,3.8785188268317494,Geno Stone,2.9010888522839138,0.9774299745478356,2.4019963616036675,1.476522465228082
2023102910_4421_54479,54479,SPLIT_DEEP,False,-1.873964568849809,Kyle Hamilton,3.185723243194009,-5.059687812043817,3.8255158935948312,-5.69948046244464
2023102911_500_43387,43387,SINGLE_HIGH,True,9.27590916123032,Justin Simmons,9.588541110345421,-0.31263194911510084,7.458437356049048,1.8174718051812722
2023102911_1034_43387,43387,SPLIT_DEEP,True,-1.5539141752541994,Justin Simmons,0.5833192767939658,-2.1372334520481653,1.3244350348210876,-2.878349210075287
2023102911_1082_46137,46137,SPLIT_DEEP,False,13.474991926680705,Justin Reid,9.744353365837314,3.7306385608433903,8.352733053842176,5.122258872838529
2023102911_1082_54527,54527,SPLIT_DEEP,False,6.99708398417496,Bryan Cook,10.218227964000215,-3.2211439798252552,8.57520166465429,-1.5781176804793304
2023102911_1144_54527,54527,SINGLE_HIGH,False,6.715012299783236,Bryan Cook,11.943039269120213,-5.228026969336977,12.086017357808172,-5.371005058024936
2023102911_1317_43387,43387,SPLIT_DEEP,True,-4.671200476886323,Justin Simmons,1.49689205349294,-6.168092530379263,2.4807680456036767,-7.15196852249
2023102911_1344_46137,46137,SPLIT_DEEP,False,14.695696922442911,Justin Reid,11.216308328666429,3.4793885937764824,11.638954550254676,3.0567423721882356
2023102911_1344_47882,47882,SPLIT_DEEP,False,11.512860205047003,Mike Edwards,12.623273393132013,-1.11041318808501,11.331194216377668,0.18166598866933548
2023102911_1655_46137,46137,SPLIT_DEEP,False,16.08150475907793,Justin Reid,11.680534135868863,4.4009706232090675,11.951707055126636,4.129797703951294
2023102911_1655_47882,47882,SPLIT_DEEP,False,7.193435232403679,Mike Edwards,10.500675195858715,-3.307239963455036,11.655360879612383,-4.461925647208703
2023102911_2321_47882,47882,SPLIT_DEEP,False,7.825158456271124,Mike Edwards,3.6419534286985997,4.183205027572525,5.291237925511495,2.5339205307596293
2023102911_2745_43387,43387,SPLIT_DEEP,True,-4.778739553263364,Justin Simmons,0.7901558737812698,-5.568895427044634,0.887529087096949,-5.666268640360313
2023102911_2745_48447,48447,SPLIT_DEEP,False,-6.512937699678137,P.J. Locke,2.468566476723659,-8.981504176401796,1.5408933189252387,-8.053831018603375
2023102911_2881_43387,43387,SINGLE_HIGH,True,12.317307408197054,Justin Simmons,16.249888555218746,-3.9325811470216916,13.35779045070137,-1.0404830425043148
2023102911_3613_48447,48447,SINGLE_HIGH,False,10.76896554203284,P.J. Locke,5.969513421471116,4.799452120561724,4.726076471178959,6.042889070853881
2023102911_3714_43387,43387,SINGLE_HIGH,True,3.3723489226329235,Justin Simmons,9.972459487930797,-6.600110565297873,10.192206548593616,-6.819857625960692
2023102911_3916_43387,43387,SPLIT_DEEP,True,10.146132144871594,Justin Simmons,12.468440466166738,-2.3223083212951448,13.36178025149697,-3.215648106625377
2023102911_3916_48447,48447,SPLIT_DEEP,False,17.226668683846132,P.J. Locke,17.52631167308173,-0.29964298923559696,16.331023849147904,0.8956448346982278
2023102912_243_38868,38868,SPLIT_DEEP,True,0.0281745534030228,Tashaun Gipson,2.0970127422427574,-2.0688381888397345,1.5798707969288888,-1.5516962435258659
2023102912_365_38868,38868,SINGLE_HIGH,True,0.1889953690078609,Tashaun Gipson,1.7069964795978363,-1.5180011105899753,1.4372033468883032,-1.2482079778804422
2023102912_823_38868,38868,SINGLE_HIGH,True,-0.1653283686462714,Tashaun Gipson,0.5201763747193964,-0.6855047433656678,1.7531855098300309,-1.9185138784763023
2023102912_1675_38868,38868,SPLIT_DEEP,True,2.2093693278449624,Tashaun Gipson,4.351338131843539,-2.1419688039985765,4.640502842363458,-2.4311335145184954
2023102912_1727_38868,38868,SPLIT_DEEP,True,2.5825036359484295,Tashaun Gipson,1.4528495087819566,1.1296541271664728,0.4779418880480897,2.10456174790034
2023102912_1894_48026,48026,SINGLE_HIGH,False,-3.83769891122493,Nick Scott,5.436172747458509,-9.27387165868344,4.814876819437702,-8.652575730662631
2023102912_2341_48026,48026,SINGLE_HIGH,False,0.2363716380935869,Nick Scott,2.2918742200191433,-2.0555025819255563,2.00306263748317,-1.7666909993895832
2023102912_2741_38868,38868,SINGLE_HIGH,True,1.3113610396682338,Tashaun Gipson,0.5070236003417461,0.8043374393264877,2.1691575212482057,-0.8577964815799719
2023102912_2954_48026,48026,SINGLE_HIGH,False,-5.961294166816709,Nick Scott,1.195401454309176,-7.156695621125886,0.9796104874450275,-6.940904654261737
2023102912_2988_38868,38868,SINGLE_HIGH,True,13.600380096137268,Tashaun Gipson,10.134210609076616,3.466169487060652,9.544186410489125,4.056193685648143
2023102912_3650_48026,48026,SINGLE_HIGH,False,1.6026221564116687,Nick Scott,0.6108617275890813,0.9917604288225874,1.7745065924122123,-0.1718844360005436
2023102912_3675_48026,48026,SINGLE_HIGH,False,-1.8262309386809932,Nick Scott,1.4694477680734126,-3.2956787067544058,1.957038106467425,-3.783269045148418
2023102913_62_52594,52594,SPLIT_DEEP,True,4.246487845240711,Alohi Gilman,15.51522305936776,-11.268735214127048,15.212644486832259,-10.966156641591548
2023102913_247_54719,54719,SPLIT_DEEP,False,3.6962909039853464,Elijah Hicks,2.430467247529658,1.2658236564556886,1.0106221738780032,2.685668730107343
2023102913_588_52594,52594,SPLIT_DEEP,True,8.606189145124311,Alohi Gilman,2.6377328446970036,5.968456300427308,2.836707550048912,5.7694815950753995
2023102913_1544_46086,46086,SPLIT_DEEP,True,19.945546260196895,Derwin James,16.908112576259615,3.03743368393728,17.39054187378551,2.5550043864113867
2023102913_1544_52594,52594,SPLIT_DEEP,True,22.798933074739068,Alohi Gilman,15.601412522256716,7.197520552482352,16.10830128941091,6.690631785328158
2023102913_1581_52594,52594,SPLIT_DEEP,True,-3.32743051714929,Alohi Gilman,2.2653234130613877,-5.592753930210678,2.2168103664904457,-5.544240883639736
2023102913_1642_46086,46086,SPLIT_DEEP,True,2.4198655841169803,Derwin James,1.706728951235975,0.7131366328810054,1.0553891117518983,1.364476472365082
2023102913_1862_40039,40039,SPLIT_DEEP,False,5.182825289677735,Duron Harmon,1.8980355663750559,3.2847897233026795,2.063536554349376,3.119288735328359
2023102913_2037_40039,40039,SPLIT_DEEP,False,1.5629738092631404,Duron Harmon,1.7937406300983911,-0.23076682083525069,1.3617739593559701,0.20119984990717033
2023102913_2655_52594,52594,SINGLE_HIGH,True,-0.4912615442497685,Alohi Gilman,0.5383541698612487,-1.0296157141110172,0.8762027870389755,-1.367464331288744
2023102913_2733_54719,54719,SPLIT_DEEP,False,21.04061921956256,Elijah Hicks,14.997207311026816,6.043411908535745,14.09685062349473,6.943768596067832
2023102913_2756_54719,54719,SINGLE_HIGH,False,-0.7417298844807547,Elijah Hicks,3.384137565559687,-4.125867450040442,3.709197660061772,-4.450927544542527
2023102913_3093_52594,52594,SPLIT_DEEP,True,1.6204250702345924,Alohi Gilman,3.7886898111521994,-2.168264740917607,5.063840245923787,-3.4434151756891946
2023102913_3421_54719,54719,SPLIT_DEEP,False,4.4677567727659575,Elijah Hicks,7.777068103629667,-3.30931133086371,5.746995794983871,-1.2792390222179133
2023102913_3553_46086,46086,SPLIT_DEEP,True,12.94177272748665,Derwin James,14.034524151187554,-1.0927514237009035,14.599082081093712,-1.6573093536070616
2023102913_3553_52594,52594,SPLIT_DEEP,True,19.01440616976553,Alohi Gilman,17.71584493858787,1.2985612311776578,14.729045369099403,4.285360800666126
2023102913_3743_52594,52594,SINGLE_HIGH,True,4.3286063590020465,Alohi Gilman,2.003688007287539,2.3249183517145076,0.9657095795287702,3.3628967794732763
2023102913_3849_54719,54719,SINGLE_HIGH,False,8.125428927515177,Elijah Hicks,5.444084341741109,2.6813445857740676,5.216731651665833,2.9086972758493443
2023102913_4019_42901,42901,SPLIT_DEEP,False,2.1671524184981834,Dean Marlowe,1.7691345127854954,0.398017905712688,1.164693915423208,1.0024585030749753
2023103000_238_53472,53472,SINGLE_HIGH,True,-0.1349610691649934,Tre'von Moehrig,1.7886093224128248,-1.9235703915778182,1.1546518410891888,-1.2896129102541822
2023103000_358_53472,53472,SPLIT_DEEP,True,12.424456193450172,Tre'von Moehrig,6.445371790369666,5.979084403080506,7.0627785138240995,5.361677679626073
2023103000_627_54562,54562,SPLIT_DEEP,True,11.996671836073586,Kerby Joseph,8.498734886113974,3.4979369499596125,7.082944214159049,4.913727621914537
2023103000_829_46151,46151,SPLIT_DEEP,False,14.283092290712922,Tracy Walker III,8.543242366572535,5.739849924140387,7.4090489684365455,6.874043322276377
2023103000_1287_47974,47974,SINGLE_HIGH,True,-5.576743291456674,Marcus Epps,1.160262558406815,-6.73700584986349,1.5828373907534177,-7.159580682210092
2023103000_1357_53472,53472,SPLIT_DEEP,True,2.2938384844788473,Tre'von Moehrig,2.3820800990682427,-0.08824161458939539,2.6227343077809486,-0.3288958233021013
2023103000_1398_47974,47974,SPLIT_DEEP,True,2.477958705964444,Marcus Epps,1.506218061347415,0.9717406446170289,0.8334941385659747,1.6444645673984692
2023103000_1829_47974,47974,SPLIT_DEEP,True,-1.12202400648912,Marcus Epps,1.0385415585473454,-2.1605655650364657,0.5664237603637012,-1.6884477668528213
2023103000_1829_53472,53472,SPLIT_DEEP,True,4.096384822872402,Tre'von Moehrig,0.30825197950419286,3.788132843368209,1.6723026719608622,2.4240821509115396
2023103000_2249_46151,46151,SPLIT_DEEP,False,-4.212074846625083,Tracy Walker III,0.3926843016887549,-4.604759148313838,1.1794866854036794,-5.391561532028763
2023103000_2249_54562,54562,SPLIT_DEEP,True,-2.0676879492382945,Kerby Joseph,2.6225785599510685,-4.690266509189363,2.8935706425779397,-4.961258591816234
2023103000_2551_47974,47974,SPLIT_DEEP,True,1.8249934817881268,Marcus Epps,1.8887491589295453,-0.0637556771414185,1.630433872034681,0.19455960975344588
2023103000_3036_54562,54562,SINGLE_HIGH,True,-7.582154101304493,Kerby Joseph,3.6270363053835277,-11.20919040668802,3.6863756018924754,-11.268529703196968
2023103000_3085_46151,46151,SINGLE_HIGH,False,3.148510661599341,Tracy Walker III,2.69810089334909,0.45040976825025103,3.444035093797668,-0.2955244321983268
2023110200_262_47899,47899,SPLIT_DEEP,False,5.008736426872616,Amani Hooker,3.231076647407016,1.7776597794656004,2.904527158750099,2.104209268122517
2023110200_315_46097,46097,SINGLE_HIGH,False,3.2055824083163422,Terrell Edmunds,1.2212228222111805,1.9843595861051617,2.014880967049457,1.190701441266885
2023110200_1063_44962,44962,SPLIT_DEEP,True,-3.1675788732747225,Damontae Kazee,1.7250637757130842,-4.892642648987807,1.783237539764074,-4.950816413038797
2023110200_1122_43306,43306,SPLIT_DEEP,False,0.3634183885841082,Keanu Neal,1.143221607756431,-0.7798032191723228,1.0962835130267337,-0.7328651244426254
2023110200_1281_46097,46097,SPLIT_DEEP,False,1.9475034640618851,Terrell Edmunds,11.063760614492232,-9.116257150430346,11.709338215765907,-9.761834751704022
2023110200_1281_47899,47899,SPLIT_DEEP,False,14.741340860738992,Amani Hooker,12.218813967947629,2.5225268927913636,11.578702078190926,3.1626387825480666
2023110200_1407_44962,44962,SINGLE_HIGH,True,9.855148997072655,Damontae Kazee,10.723745372057278,-0.868596374984623,9.580036451397126,0.2751125456755297
2023110200_1902_47899,47899,SPLIT_DEEP,False,-0.865851943450612,Amani Hooker,1.2720782033190228,-2.1379301467696346,0.5717219363555603,-1.4375738798061724
2023110200_2018_44962,44962,SINGLE_HIGH,True,5.085474737468517,Damontae Kazee,4.127630737871923,0.9578439995965944,3.7310285097777394,1.3544462276907776
2023110200_2050_44962,44962,SINGLE_HIGH,True,8.538655988425207,Damontae Kazee,6.7400118680531325,1.7986441203720744,8.023871672192211,0.5147843162329959
2023110200_2087_44962,44962,SINGLE_HIGH,True,7.526283023791965,Damontae Kazee,10.432118894270525,-2.90583587047856,8.882024182854261,-1.3557411590622959
2023110200_2110_44962,44962,SPLIT_DEEP,True,9.807658204109122,Damontae Kazee,7.256630217705954,2.5510279864031684,6.11257059867031,3.695087605438813
2023110200_2782_43306,43306,SPLIT_DEEP,False,4.0190859031494774,Keanu Neal,12.093573740735726,-8.074487837586249,12.558959465803255,-8.539873562653778
2023110200_3217_44962,44962,SINGLE_HIGH,True,6.18481924723045,Damontae Kazee,8.370436102717498,-2.185616855487048,7.444918719744272,-1.2600994725138213
2023110200_3346_43306,43306,SPLIT_DEEP,False,5.8333171363870155,Keanu Neal,1.871906817683895,3.9614103187031207,2.1246505837373366,3.708666552649679
2023110200_3440_46097,46097,SPLIT_DEEP,False,4.547253536929199,Terrell Edmunds,2.3622752183301086,2.1849783185990908,1.3849296962204516,3.1623238407087477
2023110200_3554_46097,46097,SINGLE_HIGH,False,14.758934597426498,Terrell Edmunds,11.637882973618906,3.121051623807592,11.828426202364628,2.930508395061869
2023110200_4138_43306,43306,SPLIT_DEEP,False,2.08477458771602,Keanu Neal,1.740179450347591,0.3445951373684293,0.9883715755213629,1.0964030121946573
2023110200_4282_43306,43306,SPLIT_DEEP,False,4.965658150133775,Keanu Neal,2.3807918760071436,2.5848662741266315,3.189206069031819,1.7764520811019562
2023110200_4312_44962,44962,SINGLE_HIGH,True,2.198544568714592,Damontae Kazee,1.033341936877107,1.1652026318374848,1.877490781020125,0.321053787694467
2023110200_4365_44962,44962,SINGLE_HIGH,True,0.3669209523148211,Damontae Kazee,2.540242670767889,-2.1733217184530678,2.3141739916172988,-1.9472530393024776
2023110500_55_46259,46259,SINGLE_HIGH,True,-1.4401427661853994,DeShon Elliott,3.0050740018594815,-4.445216768044881,3.2206569195198362,-4.660799685705236
2023110500_80_46259,46259,SPLIT_DEEP,True,3.9330601544926616,DeShon Elliott,1.5244925324091403,2.4085676220835213,1.3979725533643101,2.5350876011283514
2023110500_157_46259,46259,SPLIT_DEEP,True,9.812161540272276,DeShon Elliott,5.676329375721162,4.135832164551115,4.592690251071655,5.219471289200621
2023110500_314_54527,54527,SINGLE_HIGH,False,-6.768928516928126,Bryan Cook,0.5620387394128441,-7.33096725634097,1.8673155513074162,-8.636244068235541
2023110500_723_54527,54527,SINGLE_HIGH,False,4.805891593952785,Bryan Cook,1.5918556391901408,3.214035954762644,1.5949434418963815,3.210948152056403
2023110500_748_46137,46137,SPLIT_DEEP,False,1.2242876744620117,Justin Reid,-0.2202151410997167,1.4445028155617283,0.2697496441867031,0.9545380302753086
2023110500_1102_47882,47882,SINGLE_HIGH,False,9.913533841948173,Mike Edwards,6.1171805698116275,3.796353272136545,5.641686276013388,4.2718475659347845
2023110500_1125_47882,47882,SPLIT_DEEP,False,0.9213478279469404,Mike Edwards,1.7066226449458193,-0.7852748169988789,1.2611065536938604,-0.33975872574692
2023110500_1313_54527,54527,SINGLE_HIGH,False,15.290807302213224,Bryan Cook,13.857292506814943,1.4335147953982812,13.748438813917707,1.5423684882955175
2023110500_1743_46259,46259,SPLIT_DEEP,True,3.5117532716220357,DeShon Elliott,3.1262240920938957,0.3855291795281399,3.1193408014370503,0.3924124701849854
2023110500_1932_47882,47882,SPLIT_DEEP,False,4.294583028057977,Mike Edwards,0.6641544944321993,3.6304285336257776,1.835148372676601,2.4594346553813757
2023110500_1932_54527,54527,SPLIT_DEEP,False,-2.0018775625716536,Bryan Cook,1.070710304473536,-3.07258786704519,1.4223062832179618,-3.4241838457896154
2023110500_2100_54527,54527,SPLIT_DEEP,False,-2.067896888828045,Bryan Cook,5.497947999778862,-7.565844888606907,6.96346111078231,-9.031357999610355
2023110500_2313_54527,54527,SPLIT_DEEP,False,6.5235567678729165,Bryan Cook,3.418533377279515,3.1050233905934017,6.520262329811236,0.0032944380616806157
2023110500_2645_46137,46137,SINGLE_HIGH,False,6.528705487344082,Justin Reid,0.49857429969577066,6.030131187648311,1.9473608291117124,4.58134465823237
2023110500_2783_54527,54527,SINGLE_HIGH,False,12.409565177837257,Bryan Cook,13.269651981593237,-0.8600868037559799,13.022800116218873,-0.6132349383816162
2023110500_3092_47882,47882,SINGLE_HIGH,False,0.0979358554641267,Mike Edwards,-2.2800705014052274,2.378006356869354,0.7067300536536365,-0.6087941981895097
2023110500_3404_53465,53465,SPLIT_DEEP,False,13.288877596483784,Jevon Holland,12.878116317507953,0.4107612789758317,13.490682312963973,-0.20180471648018816
2023110500_3536_46137,46137,SPLIT_DEEP,False,5.931111282114169,Justin Reid,2.19572138653704,3.735389895577129,1.6042169573349003,4.326894324779269
2023110500_3596_54527,54527,SPLIT_DEEP,False,-0.7141762999886749,Bryan Cook,1.904255435534931,-2.6184317355236058,0.9123854972968122,-1.626561797285487
2023110500_3665_54527,54527,SINGLE_HIGH,False,-3.5527441036630245,Bryan Cook,2.1767770043107557,-5.72952110797378,1.770228931975037,-5.322973035638062
2023110500_3952_54527,54527,SPLIT_DEEP,False,1.4244514541247422,Bryan Cook,-0.4768992564326829,1.901350710557425,1.171166199968626,0.25328525415611614
2023110500_3975_47882,47882,SPLIT_DEEP,False,7.785148966472443,Mike Edwards,11.419036488093216,-3.633887521620773,10.63449262520957,-2.8493436587371264
2023110501_102_53554,53554,SINGLE_HIGH,True,4.009384739430848,Camryn Bynum,1.7455485520102672,2.263836187420581,0.9437888154012661,3.065595924029582
2023110501_414_53554,53554,SINGLE_HIGH,True,4.909339644549167,Camryn Bynum,6.217120218695071,-1.3077805741459043,5.29339377973582,-0.3840541351866529
2023110501_556_53469,53469,SINGLE_HIGH,False,11.794814642312588,Richie Grant,9.879389443752249,1.9154251985603388,9.21916114404193,2.5756534982706576
2023110501_776_38559,38559,SPLIT_DEEP,False,-3.0520078650491342,Harrison Smith,1.8989004526891522,-4.950908317738286,1.820702164585433,-4.872710029634567
2023110501_882_53554,53554,SINGLE_HIGH,True,11.194490519050603,Camryn Bynum,15.056017900637219,-3.8615273815866153,13.087403308544516,-1.8929127894939128
2023110501_1101_53554,53554,SINGLE_HIGH,True,7.883563101940906,Camryn Bynum,3.412247001666654,4.471316100274252,3.26384171502425,4.619721386916656
2023110501_1646_46123,46123,SINGLE_HIGH,True,2.2747531156232466,Jessie Bates,1.583189018696281,0.6915640969269656,1.4152505065625949,0.8595026090606517
2023110501_1784_46123,46123,SPLIT_DEEP,True,5.3859064472895835,Jessie Bates,4.415526621335908,0.9703798259536756,4.311235604365954,1.0746708429236298
2023110501_2076_38559,38559,SPLIT_DEEP,False,0.7202879641295326,Harrison Smith,1.689048480912539,-0.9687605167830065,1.060473662003778,-0.34018569787424546
2023110501_2147_52613,52613,SPLIT_DEEP,False,4.95648164573714,Josh Metellus,6.564234276796111,-1.607752631058971,4.909337014721844,0.04714463101529631
2023110501_2147_53554,53554,SPLIT_DEEP,True,-0.6725254978855464,Camryn Bynum,3.5080082787363986,-4.180533776621945,2.648649114926239,-3.3211746128117854
2023110501_2403_53554,53554,SINGLE_HIGH,True,20.101430399213033,Camryn Bynum,13.269839556110398,6.831590843102635,15.262078295073799,4.839352104139234
2023110501_2658_46123,46123,SINGLE_HIGH,True,3.4679331030337055,Jessie Bates,1.4577919746685224,2.0101411283651833,1.5887601453303732,1.8791729577033323
2023110501_2724_53554,53554,SINGLE_HIGH,True,-1.7474427577481515,Camryn Bynum,2.127464346648237,-3.8749071043963887,3.381031163645078,-5.12847392139323
2023110501_2936_46123,46123,SPLIT_DEEP,True,3.492762793964156,Jessie Bates,0.7826776948525763,2.7100850991115797,0.9727827279757424,2.5199800659884137
2023110501_3199_53554,53554,SINGLE_HIGH,True,-4.23948963612915,Camryn Bynum,0.39395234517738126,-4.6334419813065315,1.0231753660558436,-5.262665002184994
2023110501_3448_53554,53554,SINGLE_HIGH,True,-4.390672289026069,Camryn Bynum,2.6628681610586264,-7.053540450084696,2.5850014641806816,-6.975673753206751
2023110501_3495_53554,53554,SINGLE_HIGH,True,4.668143230295575,Camryn Bynum,1.525586115195533,3.1425571151000424,2.874270880744241,1.793872349551334
2023110501_3518_38559,38559,SPLIT_DEEP,False,-6.942248711046707,Harrison Smith,1.978058699112203,-8.92030741015891,3.1274351986712343,-10.069683909717941
2023110501_3518_53554,53554,SPLIT_DEEP,True,3.3236955965451616,Camryn Bynum,0.7021910546379606,2.6215045419072007,1.2571683655992754,2.066527230945886
2023110501_3613_46123,46123,SINGLE_HIGH,True,5.763702535138648,Jessie Bates,1.8059549212615935,3.957747613877055,2.674242155579787,3.0894603795588615
2023110501_3742_46123,46123,SPLIT_DEEP,True,4.17647328728469,Jessie Bates,1.8746420223470728,2.301831264937617,0.9882095513155349,3.188263735969155
2023110501_4238_53469,53469,SPLIT_DEEP,False,8.881684909718897,Richie Grant,4.171048835402611,4.7106360743162865,4.615168524499511,4.266516385219386
2023110501_4363_46123,46123,SINGLE_HIGH,True,2.8910593251436616,Jessie Bates,5.254359828921005,-2.363300503777343,4.47900867819027,-1.587949353046608
2023110501_4436_48206,48206,SPLIT_DEEP,False,3.654059610441133,Micah Abernathy,2.2798545124359535,1.3742050980051794,1.143837996325603,2.51022161411553
2023110501_4550_38559,38559,SPLIT_DEEP,False,2.7570225368252483,Harrison Smith,5.19062541506823,-2.433602878242982,6.326309737461275,-3.569287200636027
2023110502_236_47891,47891,SPLIT_DEEP,True,18.735454103281494,Julian Love,12.492077183983715,6.243376919297779,13.55430628054691,5.181147822734584
2023110502_314_52627,52627,SPLIT_DEEP,True,5.238337361963245,Geno Stone,5.405825094622795,-0.1674877326595503,2.8627430551113946,2.37559430685185
2023110502_889_42543,42543,SINGLE_HIGH,True,12.976091622637256,Quandre Diggs,13.190319185516648,-0.21422756287939215,14.679131690310514,-1.7030400676732587
2023110502_912_42543,42543,SINGLE_HIGH,True,-3.526302790194384,Quandre Diggs,1.319421334235013,-4.845724124429397,2.200916974645562,-5.727219764839946
2023110502_1176_52627,52627,SPLIT_DEEP,True,13.601613683206784,Geno Stone,9.093671393569213,4.507942289637571,8.536955205722553,5.064658477484231
2023110502_1807_52627,52627,SINGLE_HIGH,True,8.9996537732525,Geno Stone,4.4695720426702366,4.530081730582264,3.7564015296151005,5.2432522436374
2023110502_1918_47891,47891,SPLIT_DEEP,True,5.097933166779047,Julian Love,3.512583008678391,1.5853501581006557,3.585042768863449,1.5128903979155979
2023110502_2141_47891,47891,SPLIT_DEEP,True,3.7570200290487694,Julian Love,1.3385747569752984,2.418445272073471,0.6978734142300524,3.059146614818717
2023110502_2322_42543,42543,SINGLE_HIGH,True,11.437469941993376,Quandre Diggs,10.567724801549675,0.8697451404437011,8.118214947109244,3.3192549948841314
2023110502_3208_54479,54479,SPLIT_DEEP,False,7.202863379774403,Kyle Hamilton,12.29142059467386,-5.088557214899458,13.010057175807177,-5.807193796032774
2023110502_3320_52627,52627,SINGLE_HIGH,True,15.255576871239562,Geno Stone,12.095469344058156,3.160107527181406,13.03987527060269,2.215701600636871
2023110502_3373_52627,52627,SPLIT_DEEP,True,5.462882960709263,Geno Stone,1.4769716288279566,3.985911331881306,1.4435868705339203,4.0192960901753425
2023110502_3405_52627,52627,SPLIT_DEEP,True,3.128784272771831,Geno Stone,1.3034663520745862,1.8253179206972447,3.4674793800673136,-0.3386951072954827
2023110502_3507_42543,42543,SINGLE_HIGH,True,5.104869449407429,Quandre Diggs,7.726435699547446,-2.6215662501400168,7.176252182549146,-2.071382733141717
2023110503_838_44848,44848,SINGLE_HIGH,False,14.394784810861006,Budda Baker,10.271825606833428,4.122959204027579,10.787747518156074,3.6070372927049323
2023110503_1864_49410,49410,SINGLE_HIGH,False,17.487854813165605,Jalen Thompson,14.90059207072664,2.5872627424389645,15.618351301776253,1.8695035113893521
2023110503_2213_44848,44848,SPLIT_DEEP,False,6.296102757863132,Budda Baker,10.37829191280192,-4.0821891549387885,10.798037299995007,-4.501934542131876
2023110503_2213_46807,46807,SPLIT_DEEP,False,13.451767442787744,Andre Chachere,10.42345742957377,3.028310013213975,9.75649284995059,3.695274592837155
2023110503_3019_47846,47846,SINGLE_HIGH,False,5.4951163585930916,Juan Thornhill,1.5321057582559676,3.9630106003371237,1.662015669155469,3.8331006894376225
2023110503_3313_47846,47846,SINGLE_HIGH,False,2.846919399914558,Juan Thornhill,1.1673644341012526,1.6795549658133055,1.4898878311098773,1.3570315688046808
2023110504_1141_52607,52607,SINGLE_HIGH,True,21.611012779503938,Jordan Fuller,14.228468285976504,7.382544493527433,15.787396799491498,5.823615980012439
2023110504_1597_46669,46669,SPLIT_DEEP,False,3.739033437010368,Jonathan Owens,2.6352971740751423,1.1037362629352256,1.653492185131693,2.085541251878675
2023110504_1597_56107,56107,SPLIT_DEEP,False,1.3067036863593415,Anthony Johnson Jr.,2.726697184193246,-1.4199934978339046,2.660039654917056,-1.3533359685577144
2023110504_2028_54718,54718,SPLIT_DEEP,True,3.022680691228725,Russ Yeast,5.331191868071439,-2.308511176842714,6.01022354497983,-2.987542853751105
2023110504_2361_56107,56107,SPLIT_DEEP,False,-0.1020843086093812,Anthony Johnson Jr.,1.337280081922162,-1.4393643905315432,1.1075120299326162,-1.2095963385419974
2023110504_2886_52607,52607,SPLIT_DEEP,True,-2.955820957431671,Jordan Fuller,3.7524587608243776,-6.7082797182560485,2.5620109501220965,-5.517831907553767
2023110504_3079_56107,56107,SINGLE_HIGH,False,7.468621061957395,Anthony Johnson Jr.,1.418837459918702,6.049783602038693,3.220829958994715,4.2477911029626805
2023110504_3102_56107,56107,SINGLE_HIGH,False,5.038402650235668,Anthony Johnson Jr.,5.7369576198170344,-0.6985549695813669,6.432470054057763,-1.3940674038220955
2023110504_3150_46669,46669,SPLIT_DEEP,False,4.341400126037188,Jonathan Owens,5.792149729888538,-1.4507496038513503,4.868402178464878,-0.5270020524276902
2023110504_3364_56107,56107,SINGLE_HIGH,False,3.987021462280456,Anthony Johnson Jr.,3.6682460887688007,0.3187753735116554,3.2897381938875156,0.6972832683929404
2023110504_3970_46669,46669,SPLIT_DEEP,False,1.7337897218462983,Jonathan Owens,1.4962047184172513,0.23758500342904698,0.819612947816287,0.9141767740300113
2023110504_4025_46669,46669,SPLIT_DEEP,False,5.668763247356665,Jonathan Owens,10.797447988620533,-5.128684741263868,12.620511937513875,-6.95174869015721
2023110504_4025_56107,56107,SPLIT_DEEP,False,15.908937541587344,Anthony Johnson Jr.,12.881478029371795,3.0274595122155485,12.947451036785026,2.961486504802318
2023110505_294_52453,52453,SINGLE_HIGH,True,1.047274870135093,Antoine Winfield Jr.,1.1299443744021849,-0.08266950426709196,2.4292661116690617,-1.3819912415339688
2023110505_341_46711,46711,SPLIT_DEEP,False,2.1533296699844975,Ryan Neal,0.5573318162384113,1.5959978537460862,0.2958996148172215,1.857430055167276
2023110505_925_46711,46711,SINGLE_HIGH,False,14.841640945917437,Ryan Neal,17.018159624434468,-2.1765186785170307,16.327430637496594,-1.485789691579157
2023110505_1282_41256,41256,SINGLE_HIGH,False,9.73233835462138,Jimmie Ward,7.14371497370654,2.5886233809148393,6.0387457043552075,3.6935926502661722
2023110505_1492_46711,46711,SINGLE_HIGH,False,-2.225686417525978,Ryan Neal,1.8218812691149069,-4.0475676866408845,2.4263749003971586,-4.6520613179231365
2023110505_1540_52453,52453,SINGLE_HIGH,True,22.634592992536845,Antoine Winfield Jr.,14.993017018830075,7.64157597370677,13.936910172858214,8.697682819678631
2023110505_2174_43474,43474,SINGLE_HIGH,False,4.612002517082701,DeAndre Houston-Carson,9.419069102915625,-4.807066585832924,7.116218497927185,-2.504215980844484
2023110505_2219_43474,43474,SPLIT_DEEP,False,-1.885869907780631,DeAndre Houston-Carson,4.575223564318347,-6.461093472098978,4.613811876338798,-6.499681784119429
2023110505_2219_54502,54502,SPLIT_DEEP,True,14.531559742150836,Jalen Pitre,5.321716158985319,9.209843583165519,4.425648437062122,10.105911305088714
2023110505_2344_46711,46711,SINGLE_HIGH,False,8.496520692165703,Ryan Neal,4.656780359955356,3.839740332210347,4.026385504342843,4.4701351878228595
2023110505_3304_43474,43474,SINGLE_HIGH,False,21.932819758072963,DeAndre Houston-Carson,12.919195685218908,9.013624072854055,16.378284209311055,5.554535548761908
2023110505_3434_52453,52453,SINGLE_HIGH,True,-0.0076350881766966,Antoine Winfield Jr.,1.2411925343882257,-1.2488276225649224,2.8411340094052715,-2.848769097581968
2023110505_3492_52453,52453,SINGLE_HIGH,True,5.21150569910933,Antoine Winfield Jr.,6.775204487468551,-1.563698788359221,5.220174406145063,-0.008668707035732304
2023110505_3607_52453,52453,SINGLE_HIGH,True,10.058777348233182,Antoine Winfield Jr.,3.5178988854063222,6.54087846282686,2.9219730778378654,7.1368042703953165
2023110505_4103_43474,43474,SPLIT_DEEP,False,3.708382304811959,DeAndre Houston-Carson,2.0100785927307605,1.6983037120811986,1.7286916144259639,1.9796906903859952
2023110505_4103_54502,54502,SPLIT_DEEP,True,-6.723914271059401,Jalen Pitre,2.225101515758982,-8.949015786818384,1.838617877719118,-8.56253214877852
2023110505_4222_54502,54502,SINGLE_HIGH,True,2.416856211694979,Jalen Pitre,0.8353365754018865,1.5815196362930926,1.1465799081870376,1.2702763035079414
2023110506_391_54578,54578,SINGLE_HIGH,True,2.6999719707896226,Percy Butler,7.027365314046386,-4.327393343256763,6.06043986473399,-3.3604678939443673
2023110506_869_44837,44837,SINGLE_HIGH,False,18.681792464942177,Jabrill Peppers,9.409375040711756,9.27241742423042,10.583197600565953,8.098594864376224
2023110506_1092_54578,54578,SINGLE_HIGH,True,4.037517320267442,Percy Butler,4.516784519313369,-0.4792671990459265,3.368432398558305,0.6690849217091372
2023110506_1140_52624,52624,SINGLE_HIGH,False,-1.0608925599680052,Kam Curl,1.6711015394915514,-2.7319940994595564,0.9644710791000985,-2.025363639068104
2023110506_1309_54578,54578,SINGLE_HIGH,True,10.098472238303152,Percy Butler,4.679459777133372,5.41901246116978,4.213304999617628,5.885167238685525
2023110506_1980_52445,52445,SPLIT_DEEP,False,10.91408994243821,Kyle Dugger,7.579373186910667,3.334716755527543,7.013251820073995,3.900838122364215
2023110506_2146_52624,52624,SPLIT_DEEP,False,-0.5585387173016674,Kam Curl,2.1233010059626976,-2.681839723264365,1.31458919619564,-1.8731279134973073
2023110506_2412_52624,52624,SINGLE_HIGH,False,8.953654118476685,Kam Curl,4.770512067106208,4.183142051370477,4.412225695644837,4.5414284228318476
2023110506_2435_54578,54578,SPLIT_DEEP,True,0.3102350265620881,Percy Butler,1.1109765521703157,-0.8007415256082275,2.163966007061717,-1.8537309804996287
2023110506_2435_55912,55912,SPLIT_DEEP,False,1.1480669702574726,Quan Martin,1.1477227481576193,0.00034422209985329744,1.3151883349797089,-0.16712136472223627
2023110506_3133_52624,52624,SINGLE_HIGH,False,-2.5760760597395347,Kam Curl,13.385790822734135,-15.96186688247367,16.068338722427406,-18.64441478216694
2023110506_3503_52624,52624,SINGLE_HIGH,False,8.80749264234245,Kam Curl,5.807260724127587,3.0002319182148627,4.1453449758301195,4.66214766651233
2023110506_3531_54578,54578,SPLIT_DEEP,True,1.069193336272118,Percy Butler,9.31479466597512,-8.245601329703002,10.603532649969107,-9.53433931369699
2023110506_3531_55912,55912,SPLIT_DEEP,False,7.58744762350266,Quan Martin,9.711972533989762,-2.124524910487102,10.273822744966518,-2.6863751214638576
2023110506_4310_52624,52624,SPLIT_DEEP,False,-4.275911114553885,Kam Curl,0.3822901160046184,-4.658201230558504,1.4188601221572572,-5.6947712367111425
2023110506_4310_54578,54578,SPLIT_DEEP,True,2.699792584944797,Percy Butler,1.0228034465061728,1.6769891384386242,1.1663639063659073,1.5334286785788898
2023110506_4335_54578,54578,SINGLE_HIGH,True,4.593440125058377,Percy Butler,1.4184531621002852,3.174986962958092,1.4195544681810457,3.1738856568773315
2023110506_4358_54578,54578,SPLIT_DEEP,True,12.239828340652066,Percy Butler,13.873501577123166,-1.6336732364711004,14.294247818250902,-2.0544194775988363
2023110506_4358_55912,55912,SPLIT_DEEP,False,18.437525762457433,Quan Martin,13.923763456846633,4.5137623056108005,14.330213530934335,4.107312231523098
2023110507_55_40017,40017,SINGLE_HIGH,True,3.356587826467499,Tyrann Mathieu,2.3091656620226746,1.0474221644448245,2.2031921462566126,1.1533956802108865
2023110507_80_40017,40017,SINGLE_HIGH,True,2.0961558137553107,Tyrann Mathieu,1.1869800988745387,0.909175714880772,1.5679493759562604,0.5282064377990503
2023110507_250_40017,40017,SINGLE_HIGH,True,15.276543276235302,Tyrann Mathieu,10.303541144132119,4.973002132103183,10.054108653705065,5.222434622530237
2023110507_319_44925,44925,SINGLE_HIGH,True,2.757779832449127,Eddie Jackson,0.9595852500058056,1.7981945824433216,1.6814732385885067,1.0763065938606204
2023110507_391_44925,44925,SINGLE_HIGH,True,13.589788212292197,Eddie Jackson,13.090606606462224,0.49918160582997295,12.075795983926835,1.5139922283653622
2023110507_597_40017,40017,SPLIT_DEEP,True,3.408341105357499,Tyrann Mathieu,1.449209727004032,1.9591313783534667,2.673554059038416,0.7347870463190826
2023110507_1100_40017,40017,SINGLE_HIGH,True,8.262914164723302,Tyrann Mathieu,7.309211495021998,0.953702669701304,6.337902229317903,1.925011935405399
2023110507_2167_40017,40017,SINGLE_HIGH,True,0.905093952855248,Tyrann Mathieu,1.69186169863972,-0.786767745784472,1.9297918231624038,-1.0246978703071559
2023110507_2672_40017,40017,SPLIT_DEEP,True,11.353615671159424,Tyrann Mathieu,6.322484440074353,5.031131231085071,5.3078402730767476,6.045775398082677
2023110507_3219_40017,40017,SPLIT_DEEP,True,-0.1912546061041009,Tyrann Mathieu,0.9903841032677665,-1.1816387093718674,1.257232309235384,-1.448486915339485
2023110507_3219_44851,44851,SPLIT_DEEP,False,7.199239519962292,Marcus Maye,0.6777344623185886,6.5215050576437035,1.2474740697296944,5.951765450232598
2023110507_3569_47837,47837,SINGLE_HIGH,False,-3.38548321640806,Lonnie Johnson,2.704019992904987,-6.0895032093130474,2.9671319455479654,-6.352615161956026
2023110507_3718_40017,40017,SPLIT_DEEP,True,19.660011141772184,Tyrann Mathieu,14.891384670432792,4.768626471339392,14.143459180437443,5.516551961334741
2023110507_3718_44851,44851,SPLIT_DEEP,False,20.33889608864306,Marcus Maye,14.52601363256688,5.812882456076181,14.712421416328596,5.626474672314465
2023110507_3852_44925,44925,SPLIT_DEEP,True,2.678066801339794,Eddie Jackson,1.8988130063364232,0.7792537950033707,0.7048359124759127,1.9732308888638812
2023110508_1678_52493,52493,SPLIT_DEEP,False,3.451281190803809,Julian Blackmon,1.9654495655676818,1.4858316252361272,0.8417708470552832,2.609510343748526
2023110508_1827_56230,56230,SPLIT_DEEP,False,2.0553374726245472,Alex Cook,1.0359460185258837,1.0193914540986635,1.6077954587754277,0.4475420138491195
2023110508_1937_45004,45004,SPLIT_DEEP,False,4.508957956896154,Xavier Woods,5.853819637705225,-1.3448616808090712,5.30011406904319,-0.7911561121470356
2023110508_2003_45004,45004,SPLIT_DEEP,False,2.2298607302860503,Xavier Woods,2.2599987486502524,-0.030138018364202157,1.1996077293810492,1.030253000905001
2023110508_2157_52493,52493,SPLIT_DEEP,False,-2.5832024630683037,Julian Blackmon,3.2187345370921756,-5.801937000160479,4.0205062842491275,-6.603708747317431
2023110508_2412_56230,56230,SPLIT_DEEP,False,4.736918695947817,Alex Cook,1.7367590793432068,3.00015961660461,1.6336448224713234,3.1032738734764935
2023110508_2801_54704,54704,SINGLE_HIGH,True,4.023807838572807,Rodney Thomas,0.264438939160489,3.759368899412318,0.9426294448186052,3.081178393754202
2023110508_3262_52493,52493,SINGLE_HIGH,False,11.334747726818788,Julian Blackmon,10.1340158581755,1.2007318686432882,10.219794311614898,1.1149534152038907
2023110508_3568_52493,52493,SPLIT_DEEP,False,1.209617556368599,Julian Blackmon,4.418491535240369,-3.20887397887177,3.6188129971714273,-2.4091954408028284
2023110508_3672_54704,54704,SPLIT_DEEP,True,1.1617881072789586,Rodney Thomas,3.6829159899393367,-2.521127882660378,2.4603529050014075,-1.2985647977224488
2023110508_3988_52493,52493,SPLIT_DEEP,False,-0.9655546379946268,Julian Blackmon,2.1674555896631134,-3.1330102276577403,2.6722866260161986,-3.6378412640108255
2023110508_3988_54704,54704,SPLIT_DEEP,True,-0.9671860950115844,Rodney Thomas,1.0216455173835863,-1.9888316123951708,1.8069235843232274,-2.7741096793348117
2023110509_85_47974,47974,SPLIT_DEEP,True,4.582570913610935,Marcus Epps,1.7942565293000305,2.7883143843109046,1.789978953479741,2.792591960131194
2023110509_108_53472,53472,SINGLE_HIGH,True,2.6752172752413443,Tre'von Moehrig,1.4789879838626228,1.1962292913787216,0.9605186793929814,1.714698595848363
2023110509_494_47974,47974,SINGLE_HIGH,True,24.58362251675864,Marcus Epps,21.6822712897924,2.9013512269662414,17.175692686761924,7.407929829996718
2023110509_774_53472,53472,SINGLE_HIGH,True,25.294689488801765,Tre'von Moehrig,14.45627457349561,10.838414915306155,15.604237522967424,9.690451965834342
2023110509_1543_53604,53604,SINGLE_HIGH,True,19.950932185687964,Jason Pinnock,21.326294140879636,-1.3753619551916714,17.120861792191896,2.8300703934960687
2023110509_1960_53604,53604,SINGLE_HIGH,True,1.6553912299545104,Jason Pinnock,0.5501049282845992,1.1052863016699113,1.5214660163126812,0.1339252136418292
2023110509_2073_53604,53604,SINGLE_HIGH,True,14.368177540173924,Jason Pinnock,10.534054268062539,3.834123272111386,8.050980688995612,6.317196851178313
2023110509_2119_53604,53604,SPLIT_DEEP,True,0.4104625672860713,Jason Pinnock,1.7479349760333809,-1.3374724087473095,1.1437231385118825,-0.7332605712258111
2023110509_2521_53604,53604,SINGLE_HIGH,True,0.0898439892766482,Jason Pinnock,6.095913579909614,-6.006069590632966,4.939374763225455,-4.849530773948807
2023110509_2857_53472,53472,SPLIT_DEEP,True,9.457099201044633,Tre'von Moehrig,6.79436343208329,2.662735768961343,6.197042774551451,3.2600564264931817
2023110509_3543_47974,47974,SPLIT_DEEP,True,-5.738565637980227,Marcus Epps,0.5377312461768481,-6.276296884157075,0.5026250898978919,-6.241190727878119
2023110509_3543_53472,53472,SPLIT_DEEP,True,-1.7816766260991468,Tre'von Moehrig,1.473765741989505,-3.2554423680886515,2.21007880163355,-3.9917554277326968
2023110510_99_43353,43353,SINGLE_HIGH,False,11.45168197113733,Kevin Byard,6.236300650788833,5.215381320348496,6.825549205572493,4.6261327655648365
2023110510_148_47996,47996,SPLIT_DEEP,False,3.637310372721472,Donovan Wilson,2.191586624070071,1.445723748651401,0.8990514943971863,2.738258878324286
2023110510_314_47996,47996,SPLIT_DEEP,False,-3.822192918591485,Donovan Wilson,2.863632852461406,-6.68582577105289,2.9094232885286173,-6.731616207120102
2023110510_744_54808,54808,SINGLE_HIGH,True,10.32196085437579,Reed Blankenship,4.41160908200149,5.9103517723743,4.7449143636554965,5.577046490720294
2023110510_945_54808,54808,SINGLE_HIGH,True,2.008654759652278,Reed Blankenship,2.2169137209160032,-0.20825896126372534,1.130717707420322,0.8779370522319558
2023110510_1417_44827,44827,SINGLE_HIGH,True,1.3817204123671951,Malik Hooker,-0.832235574276214,2.213955986643409,0.7160980427585706,0.6656223696086245
2023110510_1831_43353,43353,SPLIT_DEEP,False,4.622886481879972,Kevin Byard,1.2757863806985934,3.347100101181378,1.644246329731132,2.9786401521488397
2023110510_2396_47996,47996,SINGLE_HIGH,False,17.517544326852587,Donovan Wilson,12.487849009249624,5.029695317602963,13.56984817514526,3.9476961517073264
2023110510_2460_54808,54808,SINGLE_HIGH,True,13.677064217697842,Reed Blankenship,11.681944534267707,1.9951196834301346,11.076152732915375,2.6009114847824666
2023110510_2585_54808,54808,SINGLE_HIGH,True,3.8104459184300903,Reed Blankenship,2.786308966410392,1.0241369520196981,1.3964256538156672,2.414020264614423
2023110510_2898_44827,44827,SPLIT_DEEP,True,18.67432451580127,Malik Hooker,15.036296196544273,3.638028319256998,15.0772564056618,3.597068110139471
2023110510_2898_47996,47996,SPLIT_DEEP,False,7.802197318798061,Donovan Wilson,13.733129235047778,-5.930931916249717,14.308472711801437,-6.506275393003376
2023110510_3112_43353,43353,SPLIT_DEEP,False,1.1339053093122369,Kevin Byard,2.5623023256989566,-1.4283970163867197,3.134847781518469,-2.0009424722062326
2023110510_3719_43353,43353,SPLIT_DEEP,False,6.454183142802455,Kevin Byard,6.132040522699497,0.3221426201029578,6.625118864705012,-0.17093572190255735
2023110510_3719_54808,54808,SPLIT_DEEP,True,4.451789446631542,Reed Blankenship,4.931594880492306,-0.479805433860764,5.7704739267708085,-1.3186844801392663
2023110510_3789_54808,54808,SINGLE_HIGH,True,10.627969692058,Reed Blankenship,5.132602475408585,5.495367216649416,4.710315523993731,5.91765416806427
2023110510_3967_54808,54808,SINGLE_HIGH,True,5.1551083301268354,Reed Blankenship,2.805130651056498,2.3499776790703373,2.853699293681548,2.3014090364452873
2023110510_4050_54808,54808,SINGLE_HIGH,True,22.314818200626284,Reed Blankenship,19.725239494530275,2.5895787060960096,17.05101944761573,5.263798753010555
2023110510_4172_43353,43353,SPLIT_DEEP,False,0.2291193061677194,Kevin Byard,2.349357067183998,-2.1202377610162784,2.7300714402088975,-2.500952134041178
2023110510_4607_43353,43353,SPLIT_DEEP,False,0.5186768190387046,Kevin Byard,4.06088397791749,-3.542207158878785,2.1327140257528665,-1.614037206714162
2023110510_4607_55931,55931,SPLIT_DEEP,False,0.8662630560905304,Sydney Brown,0.761836410884221,0.1044266452063094,0.9273888235626657,-0.06112576747213527
2023110511_354_48026,48026,SINGLE_HIGH,False,0.7857346875088789,Nick Scott,2.3202176243168724,-1.5344829368079935,1.5190731768016335,-0.7333384892927546
2023110511_1739_40107,40107,SINGLE_HIGH,True,14.515097225110251,Micah Hyde,11.186080051164442,3.329017173945809,10.849528418824626,3.6655688062856253
2023110511_1797_40166,40166,SINGLE_HIGH,False,1.6752338468949528,Jordan Poyer,1.0942063717904922,0.5810274751044606,1.8437999942856944,-0.1685661473907416
2023110511_1851_40107,40107,SINGLE_HIGH,True,11.713175983406543,Micah Hyde,5.882650706599714,5.83052527680683,6.5604939572809045,5.152682026125639
2023110511_1945_48026,48026,SINGLE_HIGH,False,2.585549683284606,Nick Scott,1.2648447626277672,1.3207049206568389,1.6783726502344942,0.9071770330501119
2023110600_78_54833,54833,SINGLE_HIGH,False,15.95255407528656,Tony Adams,10.853863721154742,5.0986903541318185,10.048434494643562,5.904119580642998
2023110600_195_52594,52594,SPLIT_DEEP,True,3.645742955095813,Alohi Gilman,1.1694177061528404,2.4763252489429726,0.48430973384218845,3.1614332212536245
2023110600_534_54833,54833,SPLIT_DEEP,False,2.8322285862740237,Tony Adams,1.6654175755599705,1.1668110107140532,1.4794484023077157,1.352780183966308
2023110600_650_52594,52594,SPLIT_DEEP,True,7.678417777355303,Alohi Gilman,1.970392752655828,5.7080250246994755,2.4121016442829806,5.266316133072323
2023110600_1124_46086,46086,SPLIT_DEEP,True,-6.132258893013816,Derwin James,13.072488802895922,-19.204747695909738,13.56320335376833,-19.695462246782146
2023110600_1678_46086,46086,SPLIT_DEEP,True,2.1622152645632644,Derwin James,1.530108845712367,0.6321064188508974,1.3996164786453633,0.7625987859179011
2023110600_1906_46086,46086,SPLIT_DEEP,True,2.119834373525989,Derwin James,2.169916185897495,-0.05008181237150611,1.85873673494181,0.2610976385841788
2023110600_2153_46186,46186,SINGLE_HIGH,False,3.186961975066657,Jordan Whitehead,1.1446380067941202,2.0423239682725365,0.7829926228743656,2.4039693521922914
2023110600_2247_52594,52594,SPLIT_DEEP,True,6.015453234562315,Alohi Gilman,14.750426796875622,-8.734973562313307,12.634553725106837,-6.619100490544522
2023110600_2270_46086,46086,SPLIT_DEEP,True,-0.1421780767587197,Derwin James,1.3729889318865225,-1.5151670086452422,1.5764184120130338,-1.7185964887717535
2023110600_2481_46086,46086,SPLIT_DEEP,True,11.15735417105886,Derwin James,5.347743478415973,5.809610692642886,6.8391999119968085,4.318154259062051
2023110600_2843_46086,46086,SPLIT_DEEP,True,0.6646103932787817,Derwin James,1.781958161638103,-1.1173477683593214,0.7041128785952484,-0.03950248531646672
2023110600_2965_52594,52594,SPLIT_DEEP,True,1.9428930689728745,Alohi Gilman,1.577137134835801,0.3657559341370735,1.1358338614927934,0.8070592074800811
2023110600_3443_46186,46186,SINGLE_HIGH,False,10.942558645273593,Jordan Whitehead,8.69622338420331,2.246335261070282,8.54776359698174,2.3947950482918525
2023110600_3593_46086,46086,SPLIT_DEEP,True,-3.389664808876546,Derwin James,0.5762501058296033,-3.965914914706149,1.4499167441478225,-4.839581553024368
2023110600_4080_42901,42901,SINGLE_HIGH,False,5.780426242128572,Dean Marlowe,4.200321356011187,1.5801048861173843,4.273985915376758,1.5064403267518136
2023110600_4246_56586,56586,SPLIT_DEEP,False,6.433433013203896,AJ Finley,16.01693711035196,-9.583504097148065,15.845977238747185,-9.41254422554329
2023110600_4331_42901,42901,SPLIT_DEEP,False,8.597307920367985,Dean Marlowe,5.4099154989022,3.187392421465785,4.857645587270604,3.739662333097381
2023110600_4331_56586,56586,SPLIT_DEEP,False,0.0937827229647449,AJ Finley,4.367514949479705,-4.27373222651496,3.2598922033288256,-3.1661094803640806
2023110900_138_43350,43350,SPLIT_DEEP,False,0.4025999904374675,Vonn Bell,1.8515143291239264,-1.448914338686459,2.316633411321238,-1.9140334208837704
2023110900_757_43350,43350,SINGLE_HIGH,False,8.567279121792419,Vonn Bell,8.61383711741261,-0.046557995620190695,11.067853728859715,-2.5005746070672963
2023110900_899_44925,44925,SINGLE_HIGH,True,9.877639696454668,Eddie Jackson,13.536079038960313,-3.6584393425056447,12.163416805832489,-2.28577710937782
2023110900_929_44925,44925,SINGLE_HIGH,True,3.818225167601153,Eddie Jackson,5.182092499357714,-1.3638673317565613,4.533632239092882,-0.7154070714917293
2023110900_1570_43350,43350,SINGLE_HIGH,False,21.407244266886032,Vonn Bell,16.652050094600515,4.755194172285517,16.301619938504253,5.105624328381779
2023110900_1593_45004,45004,SINGLE_HIGH,False,2.962050091579423,Xavier Woods,0.47959127827921755,2.4824588133002052,0.8603898488901365,2.1016602426892863
2023110900_2033_43350,43350,SPLIT_DEEP,False,5.22231459031045,Vonn Bell,4.168031476490995,1.054283113819455,3.984483738069004,1.237830852241446
2023110900_2820_44925,44925,SINGLE_HIGH,True,7.0905335096898074,Eddie Jackson,6.960054771230442,0.13047873845936575,5.003861764564094,2.086671745125713
2023110900_2868_44925,44925,SPLIT_DEEP,True,3.0774063820821205,Eddie Jackson,1.347116277335828,1.7302901047462924,1.3748988410204124,1.702507541061708
2023110900_3378_44925,44925,SPLIT_DEEP,True,-4.832506062571193,Eddie Jackson,1.2443024274834895,-6.076808490054683,0.9981067321057537,-5.830612794676947
2023110900_3378_54513,54513,SPLIT_DEEP,True,4.012353654553,Jaquan Brisker,0.8709999178200964,3.1413537367329036,1.2518314008892624,2.760522253663738
2023110900_3828_54513,54513,SPLIT_DEEP,True,2.24621034691126,Jaquan Brisker,0.9875129425063935,1.2586974044048667,1.0323241052933785,1.2138862416178817
2023110900_3853_54513,54513,SPLIT_DEEP,True,2.8576230245487437,Jaquan Brisker,0.8310571990519068,2.026565825496837,0.9316671242738455,1.9259559002748983
2023111200_398_52445,52445,SINGLE_HIGH,False,2.330407792640994,Kyle Dugger,0.544513778492797,1.7858940141481967,2.237643620084431,0.09276417255656266
2023111200_446_52445,52445,SPLIT_DEEP,False,2.45845252866836,Kyle Dugger,5.266399675408371,-2.807947146740011,3.33537297948274,-0.8769204508143797
2023111200_1023_52445,52445,SPLIT_DEEP,False,2.1666428111446834,Kyle Dugger,0.9955872292233704,1.1710555819213129,3.0677659534915023,-0.9011231423468189
2023111200_1115_52493,52493,SPLIT_DEEP,False,2.3549082327988033,Julian Blackmon,2.4088184537472803,-0.05391022094847697,1.3248682160582632,1.0300400167405401
2023111200_1364_52445,52445,SINGLE_HIGH,False,4.959818416861372,Kyle Dugger,5.1317068867253886,-0.17188846986401618,5.27876650891362,-0.3189480920522474
2023111200_1529_44837,44837,SINGLE_HIGH,False,9.186628447229374,Jabrill Peppers,11.308302284863576,-2.1216738376342015,9.185190807219197,0.0014376400101774323
2023111200_1843_52445,52445,SPLIT_DEEP,False,4.116562223029646,Kyle Dugger,2.243759255974206,1.8728029670554402,1.6476777701515068,2.4688844528781395
2023111200_1866_44837,44837,SINGLE_HIGH,False,13.881705067032676,Jabrill Peppers,10.346146769039834,3.535558297992843,10.955129578312768,2.9265754887199087
2023111200_3158_54704,54704,SINGLE_HIGH,True,-1.1916780408812464,Rodney Thomas,1.7028643676938657,-2.894542408575112,2.612606098481481,-3.8042841393627276
2023111200_3403_54704,54704,SINGLE_HIGH,True,1.9905118387338092,Rodney Thomas,3.108605652681787,-1.118093813947978,3.7986140367975,-1.8081021980636907
2023111200_3581_52445,52445,SPLIT_DEEP,False,6.959696784468267,Kyle Dugger,2.255762736268438,4.703934048199829,2.5658901608487668,4.393806623619501
2023111200_3691_54704,54704,SPLIT_DEEP,True,-3.4008133395092273,Rodney Thomas,0.09347488115589196,-3.494288220665119,1.5634082664880111,-4.964221605997238
2023111200_3744_54704,54704,SPLIT_DEEP,True,0.3169512994118277,Rodney Thomas,0.3060430652527122,0.010908234159115515,0.5587516715972818,-0.24180037218545408
2023111200_3767_52493,52493,SPLIT_DEEP,False,3.379453043224924,Julian Blackmon,1.7162670792543162,1.6631859639706077,0.9189659501973253,2.4604870930275986
2023111200_3814_52493,52493,SPLIT_DEEP,False,4.6755801330935896,Julian Blackmon,1.6665667882783557,3.0090133448152336,2.1602706966906027,2.515309436402987
2023111200_3814_54704,54704,SPLIT_DEEP,True,7.164922300525333,Rodney Thomas,0.6383103098487569,6.526611990676576,1.341268648821142,5.823653651704191
2023111201_222_44854,44854,SPLIT_DEEP,False,0.1554876011755794,Marcus Williams,2.083093495697541,-1.9276058945219616,1.6909896055739617,-1.5355020043983822
2023111201_222_54479,54479,SPLIT_DEEP,False,0.5052007313940265,Kyle Hamilton,1.6832964432345567,-1.1780957118405302,1.1558590796372048,-0.6506583482431783
2023111201_543_44854,44854,SPLIT_DEEP,False,16.18236288737762,Marcus Williams,12.462586428529606,3.719776458848015,13.309213742538331,2.8731491448392905
2023111201_1285_44854,44854,SINGLE_HIGH,False,0.8063074169918334,Marcus Williams,0.6972837690502469,0.10902364794158648,2.61181000138075,-1.8055025843889165
2023111201_1383_44854,44854,SPLIT_DEEP,False,15.698455877681033,Marcus Williams,13.720912766365046,1.9775431113159865,13.092161308083071,2.606294569597962
2023111201_1747_47846,47846,SPLIT_DEEP,False,22.8046343875996,Juan Thornhill,13.622598862096998,9.1820355255026,14.788785884950446,8.015848502649153
2023111201_2155_38843,38843,SPLIT_DEEP,False,10.161925829997775,Rodney McLeod,8.001001622930374,2.160924207067401,8.384999091184753,1.7769267388130228
2023111201_2155_47846,47846,SPLIT_DEEP,False,3.670853837097404,Juan Thornhill,7.771471792997566,-4.100617955900162,8.247658705161719,-4.576804868064315
2023111201_2477_47846,47846,SINGLE_HIGH,False,-1.566961311544314,Juan Thornhill,-1.3551505143935865,-0.21181079715072748,1.1821159925570068,-2.749077304101321
2023111201_2550_54915,54915,SPLIT_DEEP,False,-3.610102640088577,D'Anthony Bell,2.3953640464509816,-6.005466686539559,1.0974179474575454,-4.707520587546123
2023111201_3331_38843,38843,SINGLE_HIGH,False,6.743505892748454,Rodney McLeod,1.649792622332738,5.093713270415716,2.277733658496059,4.465772234252395
2023111201_3652_44854,44854,SPLIT_DEEP,False,-0.5391419350962936,Marcus Williams,-0.25901329567729997,-0.28012863941899363,0.5372791950364508,-1.0764211301327444
2023111201_3652_52627,52627,SPLIT_DEEP,True,0.0071755015865218,Geno Stone,3.2599762564556296,-3.252800754869108,3.175897714206128,-3.168722212619606
2023111201_3786_44854,44854,SPLIT_DEEP,False,0.5978920428078611,Marcus Williams,1.9290821804773868,-1.3311901376695257,1.4694020290857654,-0.8715099862779043
2023111201_4237_44854,44854,SPLIT_DEEP,False,1.8453368698307369,Marcus Williams,0.9406339696166809,0.904702900214056,2.5467950492907914,-0.7014581794600545
2023111201_4237_52627,52627,SPLIT_DEEP,True,1.1096591147361536,Geno Stone,-0.17909056569918747,1.288749680435341,0.5054728857681496,0.604186228968004
2023111202_135_43474,43474,SINGLE_HIGH,False,-3.638476770029491,DeAndre Houston-Carson,1.3134416375397677,-4.951918407569259,2.5012025964499562,-6.139679366479447
2023111202_185_43474,43474,SPLIT_DEEP,False,3.321614200112358,DeAndre Houston-Carson,1.8731448697532382,1.4484693303591198,1.2320813477021968,2.0895328524101613
2023111202_307_54502,54502,SPLIT_DEEP,True,13.345669157780844,Jalen Pitre,9.299422290633574,4.0462468671472696,9.35441546528512,3.9912536924957234
2023111202_617_54502,54502,SPLIT_DEEP,True,1.2190091196719344,Jalen Pitre,1.1528050954870592,0.06620402418487514,0.8516292330726625,0.3673798865992719
2023111202_1411_54502,54502,SPLIT_DEEP,True,7.608883370258006,Jalen Pitre,8.57416411527883,-0.9652807450208236,7.925026879845284,-0.31614350958727755
2023111202_1766_54502,54502,SPLIT_DEEP,True,-4.164042143472043,Jalen Pitre,1.7397264715940588,-5.903768615066102,1.2989629269897476,-5.463005070461791
2023111202_1956_55960,55960,SPLIT_DEEP,False,0.595180322293535,Jordan Battle,1.3678683499004607,-0.7726880276069257,1.1334628367630248,-0.5382825144694898
2023111202_2221_48026,48026,SINGLE_HIGH,False,9.372161083055772,Nick Scott,6.56255409246109,2.8096069905946823,7.237838351428848,2.1343227316269244
2023111202_2532_54502,54502,SPLIT_DEEP,True,3.6688626277626426,Jalen Pitre,1.0032791720994891,2.6655834556631532,1.3796280850032554,2.289234542759387
2023111202_2754_43474,43474,SPLIT_DEEP,False,2.2142154221349477,DeAndre Houston-Carson,2.02480228616153,0.1894131359734179,0.8212177708788744,1.3929976512560733
2023111202_2996_48026,48026,SINGLE_HIGH,False,15.811795173514138,Nick Scott,11.32782382232659,4.483971351187549,14.287672838474371,1.5241223350397668
2023111202_3131_43474,43474,SPLIT_DEEP,False,17.149404183661083,DeAndre Houston-Carson,8.230467755661953,8.91893642799913,9.635392714649978,7.5140114690111055
2023111202_3131_54502,54502,SPLIT_DEEP,True,14.31664713235607,Jalen Pitre,10.38643315989441,3.93021397246166,9.834441508554258,4.482205623801812
2023111202_3541_43474,43474,SPLIT_DEEP,False,-0.21788438772953,DeAndre Houston-Carson,1.2293871695936016,-1.4472715573231316,1.620702889663436,-1.838587277392966
2023111202_3731_43474,43474,SPLIT_DEEP,False,10.320412606167476,DeAndre Houston-Carson,5.816621697035083,4.503790909132394,5.786786926124961,4.533625680042515
2023111202_3761_43474,43474,SPLIT_DEEP,False,2.895347899914592,DeAndre Houston-Carson,5.503629366525067,-2.6082814666104754,6.569698847758402,-3.67435094784381
2023111202_3761_54502,54502,SPLIT_DEEP,True,12.382152769461294,Jalen Pitre,5.97612108920877,6.406031680252524,5.428186805016649,6.953965964444645
2023111202_4241_54502,54502,SPLIT_DEEP,True,1.633867417152269,Jalen Pitre,0.7312526671727911,0.9026147499794778,1.867094932465971,-0.233227515313702
2023111203_196_44926,44926,SINGLE_HIGH,True,9.810684236456108,Rayshawn Jenkins,4.46299063438781,5.347693602068298,4.5993421364398674,5.211342100016241
2023111203_221_53494,53494,SINGLE_HIGH,True,5.290850896007647,Andre Cisco,1.1661388805553412,4.124712015452305,2.9510850658776597,2.339765830129987
2023111203_336_53609,53609,SPLIT_DEEP,False,2.396564275393443,Talanoa Hufanga,1.7101462432931895,0.6864180321002533,1.4505877328742098,0.945976542519233
2023111203_412_44926,44926,SINGLE_HIGH,True,-1.3359606019558328,Rayshawn Jenkins,1.9136598944851544,-3.249620496440987,2.637757635707893,-3.973718237663726
2023111203_816_53609,53609,SPLIT_DEEP,False,-0.9910783211112876,Talanoa Hufanga,1.4168293026630407,-2.4079076237743284,0.8105131615933239,-1.8015914827046116
2023111203_1657_53609,53609,SINGLE_HIGH,False,15.14607483599694,Talanoa Hufanga,10.748118823228932,4.397956012768008,9.332790204904155,5.813284631092785
2023111203_2160_53494,53494,SINGLE_HIGH,True,8.47013318818999,Andre Cisco,1.6000784808393649,6.870054707350626,2.76897567228624,5.70115751590375
2023111203_2190_53494,53494,SINGLE_HIGH,True,-7.789764943629255,Andre Cisco,12.903272290585242,-20.693037234214497,12.243777693655758,-20.033542637285013
2023111203_2299_53609,53609,SINGLE_HIGH,False,10.146256941950824,Talanoa Hufanga,6.066586401225499,4.079670540725325,6.867899357886305,3.278357584064519
2023111203_2536_38868,38868,SINGLE_HIGH,True,15.360317048573696,Tashaun Gipson,10.47181243404129,4.8885046145324065,9.630503439454671,5.7298136091190255
2023111203_2663_38868,38868,SINGLE_HIGH,True,4.732483663861821,Tashaun Gipson,13.323102439576514,-8.590618775714693,13.051155508387989,-8.318671844526168
2023111203_2911_53494,53494,SINGLE_HIGH,True,5.043223229074009,Andre Cisco,1.5173737694185538,3.525849459655455,2.557060730448022,2.486162498625987
2023111203_3246_53494,53494,SINGLE_HIGH,True,3.64114663606004,Andre Cisco,0.5036778075315534,3.137468828528487,1.9650723913707093,1.6760742446893309
2023111203_3310_38868,38868,SPLIT_DEEP,True,10.80936143631136,Tashaun Gipson,4.866686765001834,5.9426746713095255,3.4252725378293842,7.384088898481975
2023111203_3482_48508,48508,SINGLE_HIGH,False,0.2258298471987947,Andrew Wingard,0.4217474386561979,-0.1959175914574032,1.681681402241173,-1.4558515550423783
2023111204_134_40017,40017,SINGLE_HIGH,True,4.104332646628334,Tyrann Mathieu,4.623425721113564,-0.5190930744852293,6.920002957361833,-2.8156703107334984
2023111204_560_40017,40017,SINGLE_HIGH,True,6.105467477722781,Tyrann Mathieu,6.948579447342155,-0.8431119696193736,7.637617780460405,-1.532150302737624
2023111204_734_38559,38559,SPLIT_DEEP,False,2.1545980342130875,Harrison Smith,1.3733886503766035,0.781209383836484,2.5714955012140868,-0.4168974670009993
2023111204_734_53554,53554,SPLIT_DEEP,True,-0.0596445740645563,Camryn Bynum,0.7421978629093293,-0.8018424369738856,1.5185519425233913,-1.5781965165879477
2023111204_792_38559,38559,SPLIT_DEEP,False,6.958921145135905,Harrison Smith,3.7060585060214293,3.252862639114476,2.838311255793376,4.120609889342529
2023111204_792_53554,53554,SPLIT_DEEP,True,5.764970459881496,Camryn Bynum,5.1885914681507845,0.5763789917307118,4.89938748625401,0.865582973627486
2023111204_815_53554,53554,SINGLE_HIGH,True,1.6613838477970369,Camryn Bynum,1.0992874497541003,0.5620963980429365,2.3184105272912188,-0.6570266794941819
2023111204_1370_40017,40017,SPLIT_DEEP,True,0.893695946438636,Tyrann Mathieu,0.520847678945185,0.372848267493451,1.0819346151865936,-0.18823866874795758
2023111204_1370_44851,44851,SPLIT_DEEP,False,-1.0914647769075485,Marcus Maye,2.6559980165077923,-3.747462793415341,2.560758039839257,-3.6522228167468054
2023111204_1635_44851,44851,SPLIT_DEEP,False,-0.2230129095602073,Marcus Maye,2.1238328431898834,-2.3468457527500908,1.7761435632737754,-1.9991564728339828
2023111204_2069_44851,44851,SPLIT_DEEP,False,2.847536360795546,Marcus Maye,5.25917240358448,-2.411636042788934,3.785523338667625,-0.9379869778720789
2023111204_2069_47837,47837,SPLIT_DEEP,False,7.499088549033527,Lonnie Johnson,5.248887895972637,2.2502006530608893,3.5521390201928353,3.9469495288406913
2023111204_2585_38559,38559,SPLIT_DEEP,False,1.7707402077384504,Harrison Smith,2.0925541570702317,-0.3218139493317813,1.8049044234478053,-0.034164215709354906
2023111204_2585_53554,53554,SPLIT_DEEP,True,-0.2385797821446456,Camryn Bynum,1.4652872624048054,-1.703867044549451,1.6499129026334654,-1.888492684778111
2023111204_2712_38559,38559,SPLIT_DEEP,False,5.333015324506167,Harrison Smith,0.6911275554895828,4.641887769016584,0.8331635146675449,4.499851809838622
2023111204_2712_53554,53554,SPLIT_DEEP,True,-0.5227096740333312,Camryn Bynum,0.5707809443873091,-1.0934906184206403,2.017363361259613,-2.540073035292944
2023111204_3013_53554,53554,SINGLE_HIGH,True,22.18569292196332,Camryn Bynum,15.843461159555064,6.342231762408256,14.423128418165215,7.762564503798105
2023111204_3271_53554,53554,SINGLE_HIGH,True,1.966355572020822,Camryn Bynum,0.5033249775892215,1.4630305944316004,2.005861465489126,-0.03950589346830391
2023111204_3622_40017,40017,SINGLE_HIGH,True,8.210610351875907,Tyrann Mathieu,6.755868226195608,1.4547421256802995,5.341168167091947,2.86944218478396
2023111204_4245_53554,53554,SINGLE_HIGH,True,2.5670795833022906,Camryn Bynum,2.727450664626577,-0.16037108132428646,1.6005503783793928,0.9665292049228977
2023111204_4270_53554,53554,SINGLE_HIGH,True,20.786214389477333,Camryn Bynum,19.905059044349308,0.8811553451280254,17.22843099222446,3.557783397252873
2023111204_4397_53554,53554,SINGLE_HIGH,True,5.201961935013101,Camryn Bynum,2.161948298708131,3.0400136363049697,2.416647095187664,2.7853148398254364
2023111204_4460_38559,38559,SPLIT_DEEP,False,11.734824601076818,Harrison Smith,9.335023754338566,2.399800846738252,9.539857218166585,2.1949673829102334
2023111204_4460_53554,53554,SPLIT_DEEP,True,12.518771426122347,Camryn Bynum,9.85758163186401,2.6611897942583376,9.712253279387753,2.8065181467345948
2023111205_401_44962,44962,SINGLE_HIGH,True,0.8869583074999348,Damontae Kazee,1.5985659846586502,-0.7116076771587154,1.6364704156619059,-0.7495121081619711
2023111205_1577_43306,43306,SPLIT_DEEP,False,18.06916279129858,Keanu Neal,12.175118168149252,5.894044623149329,13.302298300528353,4.766864490770228
2023111205_1577_44962,44962,SPLIT_DEEP,True,7.268035665913548,Damontae Kazee,15.379845333824612,-8.111809667911064,13.301125119414078,-6.03308945350053
2023111205_1835_44962,44962,SINGLE_HIGH,True,17.375034086446274,Damontae Kazee,18.483948120363575,-1.1089140339173014,15.769841263638762,1.6051928228075116
2023111205_2419_44962,44962,SINGLE_HIGH,True,7.278926394575363,Damontae Kazee,3.719857174908527,3.559069219666836,6.993415299558327,0.28551109501703564
2023111205_2643_44962,44962,SINGLE_HIGH,True,-3.4487995193709535,Damontae Kazee,-0.9952859394450455,-2.4535135799259082,1.5612917350529312,-5.010091254423885
2023111205_2713_44962,44962,SINGLE_HIGH,True,1.8963296893612205,Damontae Kazee,5.268384633534948,-3.372054944173728,5.946053041519084,-4.049723352157864
2023111205_2863_46669,46669,SINGLE_HIGH,False,8.52697965135149,Jonathan Owens,5.2046672343008415,3.3223124170506493,5.403837259669666,3.1231423916818244
2023111205_3256_46669,46669,SINGLE_HIGH,False,9.81424834567701,Jonathan Owens,10.13264149615525,-0.31839315047824,9.472985943327398,0.3412624023496118
2023111205_3820_52904,52904,SPLIT_DEEP,False,-7.388009679373475,Elijah Riley,-0.30397777819779936,-7.084031901175676,0.9546678739378915,-8.342677553311367
2023111205_4137_44962,44962,SPLIT_DEEP,True,5.164102715484479,Damontae Kazee,11.326269253375004,-6.162166537890525,10.195233957195107,-5.031131241710628
2023111205_4137_54962,54962,SPLIT_DEEP,False,15.558595446274126,Trenton Thompson,12.712729221721021,2.845866224553104,12.56694742928261,2.9916480169915154
2023111205_4302_44962,44962,SPLIT_DEEP,True,1.4650052092163115,Damontae Kazee,-1.5075301279962896,2.972535337212601,0.8497701352726335,0.615235073943678
2023111205_4302_52904,52904,SPLIT_DEEP,False,0.5086554431868695,Elijah Riley,1.987694125789072,-1.4790386826022024,1.642625307527826,-1.1339698643409566
2023111206_56_46711,46711,SINGLE_HIGH,False,5.88543805488912,Ryan Neal,1.1189012818182702,4.766536773070849,2.331679930909573,3.553758123979547
2023111206_264_52453,52453,SINGLE_HIGH,True,4.005191131003709,Antoine Winfield Jr.,0.5296690673190424,3.4755220636846667,3.19735458656917,0.8078365444345392
2023111206_311_52453,52453,SINGLE_HIGH,True,2.408598762249013,Antoine Winfield Jr.,0.6873598249761743,1.7212389372728385,2.143545361031874,0.2650534012171386
2023111206_397_47899,47899,SPLIT_DEEP,False,1.9674791739617152,Amani Hooker,1.1310745858287745,0.8364045881329407,1.495011378414544,0.4724677955471712
2023111206_444_47899,47899,SINGLE_HIGH,False,1.1040184118041054,Amani Hooker,1.2742062072759563,-0.17018779547185092,1.8216845337013066,-0.7176661218972011
2023111206_511_47899,47899,SPLIT_DEEP,False,3.9227695338597854,Amani Hooker,14.20443277062455,-10.281663236764764,13.675632597112429,-9.752863063252644
2023111206_511_53529,53529,SPLIT_DEEP,False,16.16575706831744,Elijah Molden,13.204307105913436,2.9614499624040036,13.724927075179949,2.4408299931374913
2023111206_1001_53529,53529,SINGLE_HIGH,False,2.9077510887682587,Elijah Molden,1.135588682708094,1.7721624060601646,1.757474921738483,1.1502761670297756
2023111206_1235_53529,53529,SINGLE_HIGH,False,1.3417900618485197,Elijah Molden,2.1910172857507355,-0.8492272239022158,1.691605539103941,-0.3498154772554214
2023111206_1401_52453,52453,SINGLE_HIGH,True,3.21156617540068,Antoine Winfield Jr.,3.516916762758443,-0.30535058735776266,1.974892106808027,1.2366740685926532
2023111206_1522_47899,47899,SPLIT_DEEP,False,-0.3343452037623535,Amani Hooker,1.152329325172816,-1.4866745289351695,1.3450896259295781,-1.6794348296919317
2023111206_1522_53529,53529,SPLIT_DEEP,False,4.348075978116462,Elijah Molden,2.0091571261445624,2.3389188519718997,1.224999915028743,3.1230760630877192
2023111206_1664_53529,53529,SPLIT_DEEP,False,2.168791480580514,Elijah Molden,2.2731847485441645,-0.10439326796365034,1.770379333096109,0.3984121474844051
2023111206_1952_53529,53529,SINGLE_HIGH,False,2.7448193118670936,Elijah Molden,9.76449432182219,-7.019675009955096,8.238879027676337,-5.494059715809243
2023111206_2160_46711,46711,SINGLE_HIGH,False,12.797372540692958,Ryan Neal,16.081317906391828,-3.2839453656988695,15.37605935221942,-2.5786868115264614
2023111206_2403_53529,53529,SINGLE_HIGH,False,-2.9907787380190847,Elijah Molden,1.2051751921859295,-4.195953930205015,1.7602172217600334,-4.750995959779118
2023111206_2527_47899,47899,SINGLE_HIGH,False,-7.909797039629081,Amani Hooker,0.460126203243173,-8.369923242872254,1.0424515012199667,-8.952248540849048
2023111206_2711_52453,52453,SINGLE_HIGH,True,12.845325004794834,Antoine Winfield Jr.,19.11506690553712,-6.269741900742286,16.726325649031345,-3.8810006442365115
2023111206_2839_52453,52453,SINGLE_HIGH,True,3.9649786442779655,Antoine Winfield Jr.,2.08005231082456,1.8849263334534054,2.816401593135204,1.1485770511427615
2023111206_3723_52453,52453,SINGLE_HIGH,True,18.925564984674793,Antoine Winfield Jr.,20.437319968845593,-1.5117549841707998,16.495957145792183,2.4296078388826103
2023111206_3930_52453,52453,SINGLE_HIGH,True,1.983012386446779,Antoine Winfield Jr.,5.381657830484424,-3.398645444037645,5.8117805666331845,-3.8287681801864055
2023111206_3976_52453,52453,SPLIT_DEEP,True,9.249398633035868,Antoine Winfield Jr.,11.16091152417943,-1.9115128911435608,10.580636921463842,-1.3312382884279739
2023111206_3976_56540,56540,SPLIT_DEEP,False,15.372489386838772,Christian Izien,9.923881813721021,5.4486075731177515,10.059833123236707,5.312656263602065
2023111207_203_46807,46807,SPLIT_DEEP,False,-2.0078546003957065,Andre Chachere,1.7341045702824331,-3.7419591706781397,1.169070587539137,-3.1769251879348435
2023111207_400_46123,46123,SINGLE_HIGH,True,4.082741082949965,Jessie Bates,2.362459759826942,1.7202813231230225,1.1393402831511033,2.9434007997988614
2023111207_546_53469,53469,SPLIT_DEEP,False,6.925389437973042,Richie Grant,5.55579080655445,1.369598631418592,2.962896564030517,3.9624928739425247
2023111207_1817_53469,53469,SINGLE_HIGH,False,-1.124221607389945,Richie Grant,5.24849491990877,-6.3727165272987145,5.54882391301128,-6.673045520401225
2023111207_2456_46123,46123,SPLIT_DEEP,True,10.099865743945193,Jessie Bates,4.827416776948117,5.272448966997076,4.132390894045314,5.967474849899879
2023111207_3285_44848,44848,SINGLE_HIGH,False,2.863751805664445,Budda Baker,2.6474323626087677,0.2163194430556774,3.475351478184936,-0.6115996725204909
2023111207_3498_44848,44848,SINGLE_HIGH,False,5.340512096969277,Budda Baker,6.747030493876613,-1.4065183969073356,7.8066697589958824,-2.466157662026605
2023111207_3780_44848,44848,SINGLE_HIGH,False,19.979645922058396,Budda Baker,14.005210627729706,5.974435294328689,14.908290993373084,5.071354928685311
2023111207_4033_46123,46123,SPLIT_DEEP,True,-1.9994492646985167,Jessie Bates,2.289021277630555,-4.288470542329072,0.9192043938350327,-2.9186536585335494
2023111207_4110_46123,46123,SINGLE_HIGH,True,16.154718298680706,Jessie Bates,13.905205265394235,2.249513033286471,14.841021193908148,1.313697104772558
2023111207_4189_46123,46123,SINGLE_HIGH,True,21.983661727481937,Jessie Bates,19.70362392706143,2.2800378004205086,15.964733006196724,6.018928721285214
2023111208_203_46086,46086,SPLIT_DEEP,True,9.50750215091757,Derwin James,4.375920748398051,5.13158140251952,5.807271629045667,3.7002305218719034
2023111208_203_52594,52594,SPLIT_DEEP,True,13.376975266864893,Alohi Gilman,4.577509667145787,8.799465599719106,5.930943195470703,7.44603207139419
2023111208_287_46086,46086,SPLIT_DEEP,True,-2.2122199439070913,Derwin James,0.3004174957061363,-2.5126374396132274,0.37133932280418236,-2.5835592667112737
2023111208_838_46086,46086,SPLIT_DEEP,True,9.11455215753647,Derwin James,11.245178639401267,-2.1306264818647964,11.655329638063522,-2.5407774805270513
2023111208_838_52594,52594,SPLIT_DEEP,True,14.342791319769075,Alohi Gilman,10.819649267446437,3.5231420523226387,11.103917380079364,3.238873939689711
2023111208_1315_46086,46086,SPLIT_DEEP,True,7.693849031602723,Derwin James,2.177320573134286,5.5165284584684375,3.763873045552045,3.929975986050678
2023111208_1362_52594,52594,SPLIT_DEEP,True,3.3959145283834524,Alohi Gilman,1.2207407574041491,2.1751737709793035,0.7750204328674712,2.620894095515981
2023111208_1606_46151,46151,SPLIT_DEEP,False,3.7444873618649,Tracy Walker III,5.317293448052211,-1.5728060861873105,7.217632141888084,-3.4731447800231843
2023111208_1654_54562,54562,SPLIT_DEEP,True,2.5118940134133627,Kerby Joseph,1.0173761429420278,1.4945178704713349,1.2816409598757552,1.2302530535376075
2023111208_2012_46151,46151,SINGLE_HIGH,False,11.389768576651282,Tracy Walker III,9.385341347222989,2.004427229428293,8.024044326363489,3.3657242502877924
2023111208_2236_52594,52594,SINGLE_HIGH,True,4.083581436915381,Alohi Gilman,1.6317225340498829,2.451858902865498,1.1514766373668497,2.932104799548531
2023111208_2900_52594,52594,SPLIT_DEEP,True,2.5709617667800986,Alohi Gilman,1.5391709248181706,1.031790841961928,1.0737686476127646,1.497193119167334
2023111208_3088_46151,46151,SPLIT_DEEP,False,7.051840539312936,Tracy Walker III,2.2368863197345243,4.814954219578412,2.0332370879917994,5.018603451321137
2023111208_3619_52594,52594,SINGLE_HIGH,True,6.5152445372308465,Alohi Gilman,0.8101740052121269,5.70507053201872,2.144692680429417,4.37055185680143
2023111208_3906_54562,54562,SINGLE_HIGH,True,7.328544372387176,Kerby Joseph,3.094966867941826,4.23357750444535,3.8061163213394043,3.522428051047772
2023111208_3977_52594,52594,SINGLE_HIGH,True,-6.989398266639373,Alohi Gilman,0.9787839608775271,-7.9681822275169,2.4131092680660498,-9.402507534705423
2023111209_146_53604,53604,SINGLE_HIGH,True,2.228605515459119,Jason Pinnock,4.790781844631758,-2.5621763291726394,5.256391556080134,-3.027786040621015
2023111209_635_53604,53604,SINGLE_HIGH,True,6.739089754360141,Jason Pinnock,4.642950786812065,2.096138967548076,3.652743017012619,3.0863467373475224
2023111209_660_53604,53604,SINGLE_HIGH,True,14.537147884105313,Jason Pinnock,14.314728199692214,0.222419684413099,12.967060319600632,1.5700875645046803
2023111209_1217_53604,53604,SPLIT_DEEP,True,9.488243374695864,Jason Pinnock,5.385443789874457,4.102799584821407,6.441419049112978,3.046824325582886
2023111209_1477_53604,53604,SPLIT_DEEP,True,2.8651893299081106,Jason Pinnock,2.1073083213362316,0.757881008571879,1.5135639032014598,1.3516254267066508
2023111209_1830_53604,53604,SINGLE_HIGH,True,11.629985810332116,Jason Pinnock,13.669179801669355,-2.039193991337239,12.155749198698414,-0.5257633883662987
2023111209_2654_52444,52444,SPLIT_DEEP,True,4.409471081848003,Xavier McKinney,2.1725859293765413,2.2368851524714617,2.0401462831274664,2.3693247987205366
2023111209_2654_53604,53604,SPLIT_DEEP,True,-7.21817693140207,Jason Pinnock,1.0982708517074995,-8.31644778310957,2.1548176425835734,-9.372994573985643
2023111209_2679_53604,53604,SINGLE_HIGH,True,21.776912020336155,Jason Pinnock,16.780443845638626,4.9964681746975295,15.778672648256794,5.998239372079361
2023111209_2762_44827,44827,SPLIT_DEEP,True,22.156298648321467,Malik Hooker,17.558679950349106,4.5976186979723614,16.461945050038267,5.6943535982832
2023111209_2762_47996,47996,SPLIT_DEEP,False,-3.3426882201928905,Donovan Wilson,13.996309170355858,-17.338997390548748,15.860704941471369,-19.20339316166426
2023111209_2844_53604,53604,SINGLE_HIGH,True,15.488405057910018,Jason Pinnock,11.522124903585814,3.9662801543242043,12.462436805423373,3.0259682524866456
2023111209_2898_53604,53604,SPLIT_DEEP,True,-6.228369954058766,Jason Pinnock,0.34700323785429743,-6.575373191913063,0.818762208956354,-7.04713216301512
2023111209_3299_52444,52444,SINGLE_HIGH,True,-0.4404096209261219,Xavier McKinney,1.2477530377301205,-1.6881626586562424,2.5602604402623124,-3.0006700611884343
2023111209_3512_52444,52444,SINGLE_HIGH,True,14.47449808894592,Xavier McKinney,9.04796771676805,5.42653037217787,9.312760832920306,5.161737256025614
2023111210_604_42543,42543,SPLIT_DEEP,True,-1.6472083425438804,Quandre Diggs,1.1514922364554379,-2.798700578999318,2.409461397196555,-4.056669739740435
2023111210_604_47891,47891,SPLIT_DEEP,True,-1.1358001732548155,Julian Love,0.7110103416398302,-1.8468105148946456,0.788680599522035,-1.9244807727768505
2023111210_1248_54578,54578,SINGLE_HIGH,True,11.775071656692695,Percy Butler,6.1897702497789195,5.585301406913776,4.964314936029279,6.8107567206634165
2023111210_1271_54578,54578,SPLIT_DEEP,True,0.8088119201493926,Percy Butler,0.9321770080491779,-0.12336508789978529,1.1278574984481846,-0.319045578298792
2023111210_1563_52624,52624,SPLIT_DEEP,False,-1.984019170897664,Kam Curl,15.848241585987775,-17.83226075688544,14.140977042856935,-16.1249962137546
2023111210_1563_54578,54578,SPLIT_DEEP,True,18.945588122504255,Percy Butler,10.776283567703627,8.169304554800627,14.219563120260773,4.726025002243482
2023111210_1615_54578,54578,SPLIT_DEEP,True,1.6933259541750694,Percy Butler,0.19263096375481076,1.5006949904202587,0.8254552526895544,0.8678707014855149
2023111210_1615_55912,55912,SPLIT_DEEP,False,4.2954539705281825,Quan Martin,1.173146900808841,3.1223070697193416,1.611612813367877,2.6838411571603054
2023111210_1798_54578,54578,SINGLE_HIGH,True,5.378228353436885,Percy Butler,6.59676712845571,-1.2185387750188248,5.769445496769018,-0.391217143332133
2023111210_1924_52624,52624,SPLIT_DEEP,False,0.5828999085919335,Kam Curl,2.304602843269438,-1.7217029346775043,2.5558681978801587,-1.9729682892882252
2023111210_2647_42543,42543,SINGLE_HIGH,True,15.153867795707075,Quandre Diggs,9.640518073186248,5.513349722520827,10.206094001550145,4.94777379415693
2023111210_3742_42543,42543,SINGLE_HIGH,True,-2.250766778738612,Quandre Diggs,10.433264814412087,-12.6840315931507,9.412349623431298,-11.66311640216991
2023111210_4413_42543,42543,SINGLE_HIGH,True,4.93627931453141,Quandre Diggs,1.4909577173251662,3.4453215972062434,2.108670729387729,2.8276085851436807
2023111210_4436_42543,42543,SINGLE_HIGH,True,3.794655717188375,Quandre Diggs,2.03186815596907,1.7627875612193051,2.849773741289999,0.944881975898376
2023111210_4610_55912,55912,SPLIT_DEEP,False,-0.8183449380361942,Quan Martin,0.852328429370584,-1.6706733674067782,0.4633729018063306,-1.2817178398425249
2023111211_194_47974,47974,SPLIT_DEEP,True,3.836074611519769,Marcus Epps,1.3328591238495606,2.503215487670208,0.5473671744531163,3.2887074370666527
2023111211_406_46186,46186,SINGLE_HIGH,False,-5.2140231165817585,Jordan Whitehead,1.5063756287054435,-6.720398745287202,2.2338731909904066,-7.447896307572165
2023111211_629_47974,47974,SPLIT_DEEP,True,7.764916064370045,Marcus Epps,4.613364460132986,3.151551604237059,6.032054123482604,1.7328619408874406
2023111211_629_53472,53472,SPLIT_DEEP,True,2.740362584315628,Tre'von Moehrig,3.9452016227308393,-1.2048390384152112,6.215868998307574,-3.475506413991946
2023111211_654_47974,47974,SINGLE_HIGH,True,9.546572648602227,Marcus Epps,3.118478237142696,6.428094411459531,3.4689141934807486,6.077658455121479
2023111211_763_53472,53472,SINGLE_HIGH,True,-1.4122425077306149,Tre'von Moehrig,1.8843314097939095,-3.2965739175245243,1.4312695094733074,-2.8435120172039223
2023111211_1675_46186,46186,SINGLE_HIGH,False,-8.025768499772132,Jordan Whitehead,1.3598323057849107,-9.385600805557043,1.8815982715410016,-9.907366771313134
2023111211_1916_53472,53472,SINGLE_HIGH,True,2.1183011328349153,Tre'von Moehrig,10.303475761079401,-8.185174628244486,9.972643637516073,-7.854342504681158
2023111211_2523_53472,53472,SINGLE_HIGH,True,5.248987283890122,Tre'von Moehrig,3.095954381384715,2.153032902505407,3.5757411434275452,1.6732461404625765
2023111211_2997_47974,47974,SPLIT_DEEP,True,-1.0164652071181417,Marcus Epps,19.213022246924105,-20.229487454042246,15.648763692380374,-16.665228899498516
2023111211_2997_53472,53472,SPLIT_DEEP,True,21.143540149124775,Tre'von Moehrig,18.94638846520537,2.1971516839194045,16.0000896161456,5.143450532979173
2023111211_3734_53472,53472,SINGLE_HIGH,True,19.66975511894921,Tre'von Moehrig,15.615016711047083,4.0547384079021285,14.917986867113074,4.751768251836138
2023111211_3785_47974,47974,SPLIT_DEEP,True,-0.0744314000586872,Marcus Epps,1.0839854730364724,-1.1584168730951596,1.0554446726907694,-1.1298760727494566
2023111211_3808_53472,53472,SINGLE_HIGH,True,-2.103017529219038,Tre'von Moehrig,1.9740750526398918,-4.077092581858929,2.72986186179846,-4.832879391017498
2023111211_3833_53472,53472,SINGLE_HIGH,True,3.1314479087487626,Tre'von Moehrig,2.378688251946876,0.7527596568018864,1.3401045207997448,1.7913433879490177
2023111211_4099_47974,47974,SPLIT_DEEP,True,8.004767913198267,Marcus Epps,3.0894788198057794,4.915289093392487,2.860920553174262,5.1438473600240044
2023111211_4099_53472,53472,SPLIT_DEEP,True,4.096737150693549,Tre'von Moehrig,4.042541827764736,0.05419532292881346,4.500258582777322,-0.4035214320837728
2023111300_272_48447,48447,SPLIT_DEEP,False,11.18094468022897,P.J. Locke,10.333503795732643,0.8474408844963275,10.53533486836566,0.6456098118633111
2023111300_320_43387,43387,SPLIT_DEEP,True,-4.891019167816653,Justin Simmons,2.4508254389813797,-7.341844606798032,3.6185659461559085,-8.509585113972562
2023111300_320_48447,48447,SPLIT_DEEP,False,-2.9386695894538963,P.J. Locke,1.5336798690050075,-4.472349458458904,2.429096927902431,-5.367766517356327
2023111300_1128_47844,47844,SINGLE_HIGH,False,15.249961813197654,Taylor Rapp,9.285976360009093,5.963985453188561,9.077951784122185,6.172010029075469
2023111300_1153_48487,48487,SPLIT_DEEP,False,2.9382686578190658,Cam Lewis,2.550731418584338,0.3875372392347276,1.4184681402321093,1.5198005175869564
2023111300_1254_48447,48447,SPLIT_DEEP,False,3.835702273971278,P.J. Locke,1.830124914668953,2.005577359302325,0.67692825744885,3.158774016522428
2023111300_1376_47844,47844,SINGLE_HIGH,False,-0.449103704501451,Taylor Rapp,1.9173598742600002,-2.366463578761451,1.0668286863563274,-1.5159323908577784
2023111300_2605_43387,43387,SINGLE_HIGH,True,9.792336430050016,Justin Simmons,6.3149589322426705,3.4773774978073453,5.603770101272709,4.1885663287773065
2023111300_2839_54617,54617,SINGLE_HIGH,False,8.000984270667576,Delarrin Turner-Yell,7.819699649636939,0.18128462103063736,7.78668384378179,0.214300426885786
2023111300_3190_43387,43387,SPLIT_DEEP,True,5.3238270715611975,Justin Simmons,3.6279651190436906,1.695861952517507,3.6819984117516116,1.641828659809586
2023111300_3190_54617,54617,SPLIT_DEEP,False,4.320474465755279,Delarrin Turner-Yell,1.8999494941783255,2.4205249715769535,2.1311450129850993,2.1893294527701794
2023111300_3625_48487,48487,SINGLE_HIGH,False,0.296520201786417,Cam Lewis,0.15812495460912226,0.13839524717729476,1.3192024447999913,-1.0226822430135742
2023111600_676_54479,54479,SPLIT_DEEP,False,9.020431019856668,Kyle Hamilton,2.9047800317530994,6.115650988103568,1.9660518047797968,7.054379215076871
2023111600_883_44854,44854,SPLIT_DEEP,False,5.47539578629172,Marcus Williams,0.9846414894287772,4.490754296862943,0.4927448462157802,4.98265094007594
2023111600_883_52627,52627,SPLIT_DEEP,True,-0.7038398218575086,Geno Stone,1.4831257137261453,-2.1869655355836537,1.8738899431423244,-2.577729764999833
2023111600_977_44854,44854,SINGLE_HIGH,False,21.238042754637505,Marcus Williams,11.789338281297473,9.448704473340031,12.329224729275861,8.908818025361644
2023111600_1127_55960,55960,SINGLE_HIGH,False,17.540445812616476,Jordan Battle,19.42150314406242,-1.8810573314459447,15.411277789088302,2.129168023528173
2023111600_1266_52627,52627,SPLIT_DEEP,True,-4.498346991890216,Geno Stone,5.131298448975875,-9.629645440866092,4.056724343828668,-8.555071335718884
2023111600_1510_44854,44854,SINGLE_HIGH,False,3.874712175756844,Marcus Williams,1.7754595795040704,2.0992525962527733,2.030441298918115,1.844270876838729
2023111600_1794_55960,55960,SINGLE_HIGH,False,3.216092831476427,Jordan Battle,3.9790209477939373,-0.7629281163175103,4.536413884135538,-1.3203210526591107
2023111600_1862_44854,44854,SINGLE_HIGH,False,2.843924351689523,Marcus Williams,1.039001370699564,1.8049229809899592,1.6309518295546468,1.2129725221348764
2023111600_2197_55960,55960,SINGLE_HIGH,False,0.3556202397018886,Jordan Battle,2.0498365603323174,-1.6942163206304288,1.794415438165542,-1.4387951984636533
2023111600_2657_44854,44854,SPLIT_DEEP,False,13.24041572194099,Marcus Williams,12.343480621775578,0.8969351001654111,12.971348280779278,0.26906744116171133
2023111600_2657_52627,52627,SPLIT_DEEP,True,18.332292384536537,Geno Stone,12.217504542790191,6.114787841746345,13.235585015536156,5.096707369000381
2023111600_3197_44854,44854,SPLIT_DEEP,False,20.781064577432183,Marcus Williams,21.218664824028405,-0.4376002465962223,16.9787163325217,3.8023482449104833
2023111600_3197_52627,52627,SPLIT_DEEP,True,20.339292303244445,Geno Stone,20.128032934345,0.2112593688994444,15.241174542358404,5.098117760886041
2023111600_3826_55960,55960,SINGLE_HIGH,False,9.398552562826628,Jordan Battle,13.286599502841703,-3.888046940015075,13.307006805123745,-3.9084542422971165
2023111600_4082_44854,44854,SPLIT_DEEP,False,1.6817979624094006,Marcus Williams,0.9066136551339253,0.7751843072754753,1.1771967201207865,0.5046012422886141
2023111600_4082_52627,52627,SPLIT_DEEP,True,0.4985310810408236,Geno Stone,1.0552467206567493,-0.5567156396159256,1.040455620857328,-0.5419245398165042
2023111900_207_47996,47996,SPLIT_DEEP,False,4.7306593390062375,Donovan Wilson,1.8557800395004014,2.874879299505836,1.23854290388452,3.4921164351217175
2023111900_471_45004,45004,SINGLE_HIGH,False,6.501206134954208,Xavier Woods,1.9624716471436776,4.53873448781053,2.0343497913125725,4.466856343641635
2023111900_640_45004,45004,SINGLE_HIGH,False,6.507302273307386,Xavier Woods,2.7215719039193047,3.785730369388081,2.18445450204295,4.322847771264436
2023111900_955_45004,45004,SINGLE_HIGH,False,-2.5898643515503927,Xavier Woods,3.509950947759691,-6.099815299310084,4.147868235031534,-6.737732586581926
2023111900_1681_47996,47996,SINGLE_HIGH,False,11.877397188324924,Donovan Wilson,11.166205915676866,0.7111912726480583,9.959773034355413,1.917624153969511
2023111900_1882_43350,43350,SPLIT_DEEP,False,5.1717657255008005,Vonn Bell,2.307968598546744,2.8637971269540565,2.0355615105450173,3.136204214955783
2023111900_1882_45004,45004,SPLIT_DEEP,False,5.066169719956628,Xavier Woods,1.8176131269310427,3.2485565930255853,3.0650579837670238,2.0011117361896043
2023111900_2008_43350,43350,SPLIT_DEEP,False,0.578442609360815,Vonn Bell,1.5273814724555763,-0.9489388630947613,1.7583752454714592,-1.1799326361106441
2023111900_2490_45004,45004,SPLIT_DEEP,False,13.496061670357468,Xavier Woods,8.876239978624005,4.619821691733463,8.56026427579459,4.9357973945628775
2023111900_2605_44827,44827,SINGLE_HIGH,True,12.643105532170152,Malik Hooker,7.719669056553488,4.923436475616664,6.182085693765315,6.4610198384048365
2023111900_3189_43350,43350,SINGLE_HIGH,False,9.825887838256412,Vonn Bell,5.721057303584486,4.104830534671926,5.192829156306129,4.633058681950283
2023111900_3452_44827,44827,SINGLE_HIGH,True,4.385839838014883,Malik Hooker,7.580229654239553,-3.19438981622467,6.978706084491861,-2.5928662464769783
2023111900_3475_47996,47996,SPLIT_DEEP,False,5.4029580563910145,Donovan Wilson,3.147483370657121,2.2554746857338936,5.780309358418297,-0.3773513020272823
2023111900_4119_43350,43350,SPLIT_DEEP,False,-1.72787103181553,Vonn Bell,1.4728122800287662,-3.200683311844296,1.6637292183479904,-3.3916002501635205
2023111901_882_44962,44962,SPLIT_DEEP,True,1.5001148291763018,Damontae Kazee,2.0571318893192108,-0.557017060142909,1.1481882329841238,0.35192659619217803
2023111901_3963_56405,56405,SINGLE_HIGH,False,18.41890557783872,Ronnie Hickman Jr.,14.365130852367072,4.05377472547165,15.18850185318587,3.2304037246528505
2023111901_4040_54962,54962,SPLIT_DEEP,False,-0.3374818752133866,Trenton Thompson,1.004524810501739,-1.3420066857151256,2.815657162434828,-3.1531390376482147
2023111902_177_55910,55910,SINGLE_HIGH,False,2.3776152741552616,Brian Branch,0.8065773544013402,1.5710379197539215,1.5676616357836775,0.8099536383715842
2023111902_745_46151,46151,SINGLE_HIGH,False,18.026966269806763,Tracy Walker III,12.158651551853824,5.86831471795294,12.974924393687608,5.052041876119155
2023111902_883_44925,44925,SPLIT_DEEP,True,2.546025183752294,Eddie Jackson,1.416441095370549,1.129584088381745,0.4736819248351747,2.0723432589171193
2023111902_1559_55910,55910,SINGLE_HIGH,False,8.697894339984723,Brian Branch,2.6027117467141037,6.09518259327062,3.1184504690997716,5.579443870884951
2023111902_1849_44925,44925,SINGLE_HIGH,True,4.92943014016118,Eddie Jackson,1.722126043072717,3.207304097088463,1.1509252429532957,3.7785048972078847
2023111902_1988_44925,44925,SINGLE_HIGH,True,0.0638936642065948,Eddie Jackson,3.143053317340304,-3.079159653133709,1.7005465246604405,-1.6366528604538457
2023111902_2133_54513,54513,SPLIT_DEEP,True,0.1444721855258546,Jaquan Brisker,1.4629285974409454,-1.3184564119150908,1.120854815330544,-0.9763826298046894
2023111902_3638_44925,44925,SPLIT_DEEP,True,5.143820510196637,Eddie Jackson,0.9881022098038221,4.155718300392815,1.0129514324379123,4.1308690777587245
2023111902_3663_44925,44925,SPLIT_DEEP,True,2.22862008926422,Eddie Jackson,2.129868626410686,0.09875146285353376,0.8242359562905719,1.404384132973648
2023111902_3723_44925,44925,SPLIT_DEEP,True,16.138761230592205,Eddie Jackson,9.831047112150102,6.307714118442103,9.77729797429722,6.361463256294986
2023111902_3832_46151,46151,SPLIT_DEEP,False,5.536084549116676,Tracy Walker III,10.742119709139164,-5.206035160022488,14.785856598812067,-9.249772049695391
2023111902_3832_54562,54562,SPLIT_DEEP,True,24.89263235559266,Kerby Joseph,15.6776322688666,9.21500008672606,15.754822049886569,9.137810305706092
2023111902_4076_54513,54513,SINGLE_HIGH,True,5.8085755977049285,Jaquan Brisker,1.5454251353189914,4.263150462385937,1.257979069947572,4.550596527757357
2023111903_551_46669,46669,SPLIT_DEEP,False,-0.2544878149035146,Jonathan Owens,1.2868562235732155,-1.54134403847673,1.6522775040070687,-1.9067653189105833
2023111903_831_52594,52594,SINGLE_HIGH,True,18.866980597689626,Alohi Gilman,18.899811536028402,-0.03283093833877615,16.57115273868261,2.295827859007016
2023111903_1077_46669,46669,SPLIT_DEEP,False,-1.3181681355076478,Jonathan Owens,1.820551854832379,-3.138719990340027,1.1118530364617607,-2.4300211719694085
2023111903_1077_56107,56107,SPLIT_DEEP,False,-4.412956601404936,Anthony Johnson Jr.,1.6232938262508034,-6.036250427655739,1.459749856456762,-5.872706457861698
2023111903_1152_46669,46669,SINGLE_HIGH,False,1.2259383414811156,Jonathan Owens,0.8361962180338646,0.389742123447251,1.5704728883043355,-0.34453454682321993
2023111903_1728_52594,52594,SPLIT_DEEP,True,-4.261633104134342,Alohi Gilman,1.5827417656878524,-5.844374869822194,2.37108732464414,-6.632720428778482
2023111903_2003_52594,52594,SPLIT_DEEP,True,5.432626483314088,Alohi Gilman,3.667154023412306,1.7654724599017824,5.203554131884822,0.22907235142926652
2023111903_2238_56107,56107,SINGLE_HIGH,False,13.610105472038926,Anthony Johnson Jr.,10.574780005574784,3.0353254664641423,9.083238238916366,4.526867233122561
2023111903_2823_52594,52594,SPLIT_DEEP,True,-2.2135610006556163,Alohi Gilman,0.5629316408281052,-2.7764926414837214,1.6742593111283073,-3.8878203117839236
2023111903_2958_52594,52594,SINGLE_HIGH,True,13.486214941403446,Alohi Gilman,11.626318115190154,1.8598968262132924,9.337752293681056,4.14846264772239
2023111903_3283_52594,52594,SPLIT_DEEP,True,-0.5021810371381479,Alohi Gilman,1.136415532987621,-1.638596570125769,0.9634873200764673,-1.4656683572146152
2023111903_3650_56107,56107,SINGLE_HIGH,False,4.146814288927877,Anthony Johnson Jr.,1.532700939169045,2.6141133497588322,1.6049331091952155,2.5418811797326617
2023111903_3823_52594,52594,SINGLE_HIGH,True,16.92326585814321,Alohi Gilman,18.007727439712774,-1.0844615815695633,16.1126150867341,0.8106507714091116
2023111903_3846_46086,46086,SPLIT_DEEP,True,-2.715053144039901,Derwin James,1.5710239852732646,-4.286077129313165,0.7101787675362665,-3.4252319115761676
2023111903_4310_46669,46669,SPLIT_DEEP,False,7.663463178926721,Jonathan Owens,8.267190836266725,-0.6037276573400039,8.987975786553088,-1.3245126076263674
2023111904_136_54502,54502,SPLIT_DEEP,True,23.624979129958017,Jalen Pitre,18.30881827029458,5.316160859663437,16.7185678714113,6.906411258546719
2023111904_564_49410,49410,SINGLE_HIGH,False,1.941906893862015,Jalen Thompson,0.7815083108300288,1.160398583031986,1.2450682268889128,0.6968386669731021
2023111904_666_49410,49410,SINGLE_HIGH,False,1.4097393213154297,Jalen Thompson,0.5617008345561241,0.8480384867593056,1.0983766246452102,0.31136269667021943
2023111904_1282_43474,43474,SPLIT_DEEP,False,15.098637944343585,DeAndre Houston-Carson,10.810740238061927,4.287897706281658,14.944035699247767,0.154602245095818
2023111904_1282_54502,54502,SPLIT_DEEP,True,19.179543278823463,Jalen Pitre,16.66240153446981,2.5171417443536512,15.29345838837693,3.886084890446533
2023111904_1840_49410,49410,SINGLE_HIGH,False,-0.939194293402311,Jalen Thompson,1.4698433836569962,-2.409037677059307,2.0206273814166122,-2.959821674818923
2023111904_1865_49410,49410,SINGLE_HIGH,False,17.838049410480053,Jalen Thompson,14.218944681738053,3.619104728742,13.854323803267329,3.9837256072127243
2023111904_2194_46807,46807,SPLIT_DEEP,False,8.658405199120276,Andre Chachere,3.423221576086147,5.235183623034128,3.864015326964079,4.794389872156197
2023111904_2427_54502,54502,SINGLE_HIGH,True,5.647004330151473,Jalen Pitre,1.4733184677814732,4.17368586237,1.6521907260910194,3.994813604060454
2023111904_2893_54502,54502,SPLIT_DEEP,True,7.741265668900665,Jalen Pitre,4.7568558659620646,2.9844098029386004,3.0321067495334155,4.709158919367249
2023111904_3423_54502,54502,SPLIT_DEEP,True,-1.998323020319984,Jalen Pitre,1.5841399712290158,-3.582462991549,1.0975143070281907,-3.0958373273481747
2023111904_3592_43474,43474,SPLIT_DEEP,False,-4.6162628972223,DeAndre Houston-Carson,1.750757086852723,-6.367019984075023,0.9194897222307379,-5.535752619453038
2023111904_3639_43474,43474,SPLIT_DEEP,False,-1.4444422520065592,DeAndre Houston-Carson,1.3469362095144155,-2.7913784615209747,0.8363020907887595,-2.2807443427953187
2023111904_3689_43474,43474,SPLIT_DEEP,False,1.6578986803405549,DeAndre Houston-Carson,2.4648049356461423,-0.8069062553055875,1.4650643723364816,0.1928343080040733
2023111904_3771_43474,43474,SPLIT_DEEP,False,2.396715328389888,DeAndre Houston-Carson,2.294378449747564,0.10233687864232399,1.2782741785162273,1.1184411498736608
2023111905_285_52535,52535,SINGLE_HIGH,False,11.23393031120998,K'Von Wallace,9.395341449658867,1.8385888615511128,9.39827845199427,1.8356518592157087
2023111905_390_53494,53494,SINGLE_HIGH,True,3.1062222598575193,Andre Cisco,1.4840668308500622,1.6221554290074571,1.9638952487918022,1.142327011065717
2023111905_528_47899,47899,SPLIT_DEEP,False,-1.7531381527267218,Amani Hooker,6.878344612182028,-8.63148276490875,5.596821141393098,-7.34995929411982
2023111905_866_44926,44926,SPLIT_DEEP,True,6.898608443146543,Rayshawn Jenkins,2.44593429445724,4.452674148689303,2.658611506683928,4.239996936462615
2023111905_866_53494,53494,SPLIT_DEEP,True,6.133635180707327,Andre Cisco,1.5390598551629016,4.594575325544426,2.441847990790315,3.6917871899170125
2023111905_1695_46097,46097,SPLIT_DEEP,False,10.417872222323952,Terrell Edmunds,4.008529457203774,6.409342765120178,5.6866883802535035,4.731183842070449
2023111905_1719_46097,46097,SPLIT_DEEP,False,2.2423895073408655,Terrell Edmunds,2.486376820172122,-0.24398731283125663,1.253171782336974,0.9892177250038916
2023111905_1792_47899,47899,SINGLE_HIGH,False,18.349671658255797,Amani Hooker,11.616272391968282,6.733399266287515,12.383976636327109,5.965695021928688
2023111905_1822_47899,47899,SPLIT_DEEP,False,2.631326177905205,Amani Hooker,8.543913522497364,-5.9125873445921595,8.912218351885393,-6.280892173980188
2023111905_1845_53529,53529,SPLIT_DEEP,False,1.493200428710038,Elijah Molden,1.0085729060721014,0.4846275226379366,1.214476137457984,0.278724291252054
2023111905_3038_55081,55081,SINGLE_HIGH,False,2.6049584927491343,Mike Brown,2.154567573990849,0.4503909187582851,1.1524995420723432,1.452458950676791
2023111906_838_47974,47974,SINGLE_HIGH,True,-2.9448681953002493,Marcus Epps,1.1499377056016906,-4.09480590090194,1.0795631944339412,-4.024431389734191
2023111906_886_53472,53472,SPLIT_DEEP,True,-1.8540974628950464,Tre'von Moehrig,-0.14762524543048133,-1.706472217464565,0.5336100894589908,-2.387707552354037
2023111906_950_53465,53465,SPLIT_DEEP,False,8.010558074568705,Jevon Holland,6.440947008546292,1.5696110660224125,5.503313483978554,2.507244590590151
2023111906_1180_47974,47974,SPLIT_DEEP,True,3.3847055044692915,Marcus Epps,3.019599557434803,0.3651059470344884,2.8137037611839615,0.57100174328533
2023111906_1180_53472,53472,SPLIT_DEEP,True,3.521898911928476,Tre'von Moehrig,1.1669326544926828,2.3549662574357932,1.0851245386984036,2.4367743732300724
2023111906_1210_53472,53472,SPLIT_DEEP,True,2.2104325310591824,Tre'von Moehrig,1.133916978407304,1.0765155526518784,0.48253995265440075,1.7278925784047816
2023111906_1608_55100,55100,SPLIT_DEEP,False,2.0249416676135876,Isaiah Pola-Mao,1.961860249157079,0.06308141845650872,1.4824452972002913,0.5424963704132963
2023111906_1658_55100,55100,SPLIT_DEEP,False,0.7531878229266704,Isaiah Pola-Mao,1.669499217948205,-0.9163113950215347,1.128179661734114,-0.3749918388074436
2023111906_2121_53472,53472,SPLIT_DEEP,True,0.0065320422729122,Tre'von Moehrig,8.41007896029771,-8.403546918024798,8.318649932320152,-8.31211789004724
2023111906_2187_53472,53472,SPLIT_DEEP,True,10.957026636825788,Tre'von Moehrig,11.508559989776742,-0.5515333529509547,12.036325068846187,-1.0792984320203995
2023111906_2187_55100,55100,SPLIT_DEEP,False,15.312854510576756,Isaiah Pola-Mao,11.704941773856666,3.60791273672009,11.948551757534586,3.3643027530421694
2023111906_2236_53465,53465,SPLIT_DEEP,False,0.746018564319221,Jevon Holland,1.5808377180346063,-0.8348191537153853,1.2292002393632977,-0.4831816750440767
2023111906_2338_53472,53472,SPLIT_DEEP,True,-0.9658051421826316,Tre'von Moehrig,9.174416482757916,-10.140221624940548,8.708641189765718,-9.67444633194835
2023111906_2390_53472,53472,SPLIT_DEEP,True,-3.626320891067783,Tre'von Moehrig,2.184286746464735,-5.810607637532518,2.8049096143539423,-6.431230505421725
2023111906_2507_46259,46259,SPLIT_DEEP,True,-5.774637366146657,DeShon Elliott,0.2159118665233568,-5.9905492326700145,0.23366051019147527,-6.0082978763381325
2023111906_2507_53465,53465,SPLIT_DEEP,False,-3.3739379673464533,Jevon Holland,1.6982295592578311,-5.072167526604284,2.038910146940758,-5.412848114287211
2023111906_2585_53472,53472,SPLIT_DEEP,True,-1.6253593338908985,Tre'von Moehrig,1.1704575749588515,-2.79581690884975,1.0441590453935863,-2.6695183792844848
2023111906_2636_53472,53472,SPLIT_DEEP,True,-0.6328614195313582,Tre'von Moehrig,1.6551592286041192,-2.2880206481354772,0.9558296092134118,-1.58869102874477
2023111906_2659_53472,53472,SPLIT_DEEP,True,3.239618194706134,Tre'von Moehrig,0.9148305441209482,2.324787650585186,0.6483574197748663,2.5912607749312677
2023111906_2725_53465,53465,SPLIT_DEEP,False,5.147794529053043,Jevon Holland,1.6549752675388276,3.4928192615142155,2.2206260625291083,2.927168466523935
2023111906_2860_55100,55100,SPLIT_DEEP,False,0.2373600062328122,Isaiah Pola-Mao,5.4119514649629235,-5.174591458730111,4.253393998968239,-4.0160339927354265
2023111906_2917_55100,55100,SPLIT_DEEP,False,2.740548125405598,Isaiah Pola-Mao,0.6539818059337231,2.0865663194718747,0.5526310695065852,2.1879170558990126
2023111906_3001_53472,53472,SINGLE_HIGH,True,-2.439931340206625,Tre'von Moehrig,1.0901008905459941,-3.530032230752619,2.260076934777267,-4.700008274983892
2023111906_3149_46259,46259,SPLIT_DEEP,True,-0.9302725995777816,DeShon Elliott,1.6178789920202465,-2.548151591598028,1.753862404397771,-2.6841350039755527
2023111906_3174_53465,53465,SINGLE_HIGH,False,3.530298593879703,Jevon Holland,10.084497481599728,-6.554198887720025,10.2422545835905,-6.7119559897107965
2023111906_3469_53465,53465,SPLIT_DEEP,False,12.774856897544243,Jevon Holland,6.395133860917303,6.37972303662694,6.157842779320315,6.617014118223928
2023111906_3551_46259,46259,SPLIT_DEEP,True,-0.3059629152171066,DeShon Elliott,1.7907995045834635,-2.0967624198005703,1.7104985771399885,-2.016461492357095
2023111906_3576_46259,46259,SINGLE_HIGH,True,21.220363989921474,DeShon Elliott,9.871859959095868,11.348504030825605,13.232764908713147,7.987599081208327
2023111906_4148_46259,46259,SPLIT_DEEP,True,16.942851102034773,DeShon Elliott,15.76623924725409,1.176611854780683,14.951748289175569,1.9911028128592037
2023111906_4196_46259,46259,SPLIT_DEEP,True,0.4755638931922323,DeShon Elliott,3.4687198642435537,-2.9931559710513214,3.087935559729969,-2.6123716665377366
2023111906_4196_53465,53465,SPLIT_DEEP,False,2.2491981259537095,Jevon Holland,2.7856693174374887,-0.5364711914837792,2.591285189479719,-0.3420870635260096
2023111906_4269_46259,46259,SPLIT_DEEP,True,5.074493858299596,DeShon Elliott,5.790642687761296,-0.7161488294616998,4.313654893792336,0.7608389645072604
2023111906_4306_46259,46259,SPLIT_DEEP,True,-2.318103514710221,DeShon Elliott,0.8239603797718829,-3.1420638944821038,0.4464532681932081,-2.764556782903429
2023111906_4329_46259,46259,SPLIT_DEEP,True,13.978299280750988,DeShon Elliott,10.418846736074112,3.5594525446768763,13.882487064924025,0.09581221582696386
2023111906_4329_53465,53465,SPLIT_DEEP,False,1.9165921794177443,Jevon Holland,11.871100177702967,-9.954507998285223,14.130843952023461,-12.214251772605717
2023111907_307_52444,52444,SPLIT_DEEP,True,4.003460599102635,Xavier McKinney,10.37200972733539,-6.368549128232756,12.409291134471607,-8.405830535368972
2023111907_307_53604,53604,SPLIT_DEEP,True,17.09251312132712,Jason Pinnock,13.45438277831269,3.6381303430144296,12.686826639657014,4.405686481670106
2023111907_556_54578,54578,SINGLE_HIGH,True,-1.0055474943238971,Percy Butler,1.007651643338492,-2.0131991376623892,2.23688548765157,-3.242432981975467
2023111907_746_53604,53604,SINGLE_HIGH,True,-1.7570824237859597,Jason Pinnock,1.0639243108919407,-2.8210067346779004,2.0568176911270424,-3.813900114913002
2023111907_1360_53604,53604,SINGLE_HIGH,True,6.551619447612153,Jason Pinnock,0.2625796541868896,6.289039793425264,2.5051128118304877,4.0465066357816655
2023111907_1854_52444,52444,SPLIT_DEEP,True,2.351378995145171,Xavier McKinney,1.3553451818814992,0.9960338132636719,0.7077702849838232,1.643608710161348
2023111907_2075_55912,55912,SINGLE_HIGH,False,2.758311914446735,Quan Martin,1.3031615337086604,1.4551503807380748,1.6047359733286513,1.153575941118084
2023111907_2612_53604,53604,SPLIT_DEEP,True,10.82612048505606,Jason Pinnock,12.46042824463151,-1.6343077595754494,11.34226276082709,-0.5161422757710294
2023111907_2612_54579,54579,SPLIT_DEEP,False,12.781697843085215,Dane Belton,12.220262114563887,0.5614357285213281,10.997431485115916,1.7842663579692992
2023111907_2789_54578,54578,SINGLE_HIGH,True,13.0394410308309,Percy Butler,14.324563572575002,-1.2851225417441015,15.17413552264401,-2.134694491813109
2023111907_3082_52624,52624,SPLIT_DEEP,False,1.089629728590454,Kam Curl,3.122600093125231,-2.032970364534777,2.8565185603837495,-1.7668888317932956
2023111907_3551_52444,52444,SPLIT_DEEP,True,2.9470901897713464,Xavier McKinney,1.566302996734407,1.3807871930369393,0.6111961133199131,2.3358940764514333
2023111907_3671_52444,52444,SPLIT_DEEP,True,3.702425291826219,Xavier McKinney,1.8437968301338834,1.8586284616923356,1.3485803111246355,2.3538449807015835
2023111908_131_52453,52453,SINGLE_HIGH,True,1.5562462809196105,Antoine Winfield Jr.,1.1809599390792336,0.3752863418403769,0.6601079228364313,0.8961383580831792
2023111908_364_56543,56543,SINGLE_HIGH,False,4.9880487805287,Kaevon Merriweather,0.9328574126981132,4.055191367830587,1.7619935591006008,3.2260552214280995
2023111908_463_52453,52453,SPLIT_DEEP,True,4.623076456706489,Antoine Winfield Jr.,2.4433697629601854,2.1797066937463034,1.4118365951295218,3.211239861576967
2023111908_563_52453,52453,SINGLE_HIGH,True,1.2660312629561652,Antoine Winfield Jr.,2.638206096968782,-1.372174834012617,1.5587660001934065,-0.2927347372372413
2023111908_1187_56543,56543,SINGLE_HIGH,False,-1.1505286249855295,Kaevon Merriweather,1.0568465539238934,-2.207375178909423,2.0456804104909754,-3.196209035476505
2023111908_1758_52453,52453,SINGLE_HIGH,True,8.012492864359045,Antoine Winfield Jr.,1.972268702271417,6.040224162087628,3.3114641079752474,4.701028756383797
2023111908_1825_52453,52453,SINGLE_HIGH,True,8.665615231364285,Antoine Winfield Jr.,10.239612455095612,-1.573997223731327,8.421127422971676,0.2444878083926092
2023111908_1993_53609,53609,SINGLE_HIGH,False,3.845510085686776,Talanoa Hufanga,11.27370383597678,-7.428193750290005,16.247754334467714,-12.402244248780939
2023111908_2041_53609,53609,SINGLE_HIGH,False,7.4894564651158255,Talanoa Hufanga,7.554665768738377,-0.0652093036225514,7.685254922441732,-0.19579845732590684
2023111908_2142_52453,52453,SINGLE_HIGH,True,13.79201868772316,Antoine Winfield Jr.,13.375703619737518,0.4163150679856429,12.975645095130023,0.8163735925931377
2023111908_2359_38868,38868,SPLIT_DEEP,True,1.7324345603889135,Tashaun Gipson,1.192034177945223,0.5404003824436905,0.6007754410927788,1.1316591192961347
2023111908_2382_55952,55952,SPLIT_DEEP,False,-2.9628465347635684,Ji'Ayir Brown,0.2056821871923583,-3.168528721955927,0.1210394214899786,-3.083885956253547
2023111908_2727_55952,55952,SPLIT_DEEP,False,5.154971124695237,Ji'Ayir Brown,1.8108186729011975,3.3441524517940397,2.106596853268792,3.048374271426445
2023111908_2819_38868,38868,SPLIT_DEEP,True,-0.7528644548581607,Tashaun Gipson,2.5960871428872454,-3.348951597745406,2.612202489695118,-3.365066944553279
2023111908_2819_55952,55952,SPLIT_DEEP,False,9.090289350989096,Ji'Ayir Brown,3.557690842688894,5.532598508300202,2.7649641586593834,6.3253251923297125
2023111908_3024_52453,52453,SINGLE_HIGH,True,3.7173583230274456,Antoine Winfield Jr.,4.292282225812356,-0.57492390278491,4.371857218474798,-0.6544988954473521
2023111908_3345_38868,38868,SPLIT_DEEP,True,9.666318685391804,Tashaun Gipson,8.991632903973702,0.674685781418102,8.040376574618088,1.6259421107737158
2023111908_3345_55952,55952,SPLIT_DEEP,False,-5.777489091559918,Ji'Ayir Brown,9.028858379730316,-14.806347471290234,10.221820369880572,-15.99930946144049
2023111908_3446_38868,38868,SPLIT_DEEP,True,4.649393571223835,Tashaun Gipson,1.4163031586420862,3.233090412581749,0.7918503256892286,3.8575432455346066
2023111908_3476_38868,38868,SINGLE_HIGH,True,5.18106872164225,Tashaun Gipson,0.8650547065698183,4.316014015072431,1.171502826784339,4.009565894857911
2023111909_282_47844,47844,SINGLE_HIGH,False,10.35266324770194,Taylor Rapp,8.19450772907347,2.1581555186284707,6.398773999428277,3.953889248273663
2023111909_1087_42485,42485,SPLIT_DEEP,False,1.9401534557566495,Adrian Amos,1.4114940863930256,0.5286593693636239,1.1563893216081826,0.7837641341484669
2023111909_1214_42485,42485,SPLIT_DEEP,False,1.4187921454519072,Adrian Amos,2.109563883846989,-0.6907717383950818,1.0712891323664024,0.3475030130855048
2023111909_1539_42485,42485,SINGLE_HIGH,False,3.2519294161025547,Adrian Amos,1.622385536509767,1.6295438795927877,2.292543228532354,0.9593861875702006
2023111909_1562_42485,42485,SINGLE_HIGH,False,13.215247445572691,Adrian Amos,9.882087429985498,3.333160015587193,7.275032216575969,5.940215228996722
2023111909_1633_40107,40107,SINGLE_HIGH,True,-6.850865118166082,Micah Hyde,1.1266776671535164,-7.977542785319598,1.897611872258281,-8.748476990424363
2023111909_1695_40107,40107,SPLIT_DEEP,True,-1.965492063071144,Micah Hyde,2.534163605663568,-4.499655668734713,2.451284786105627,-4.416776849176771
2023111909_2511_42485,42485,SPLIT_DEEP,False,6.717192679090585,Adrian Amos,6.7724505437284055,-0.05525786463782012,7.275215180572299,-0.5580225014817133
2023111910_321_44903,44903,SPLIT_DEEP,False,11.76420911444094,John Johnson,8.261275465915645,3.5029336485252944,7.3984105924372425,4.365798522003697
2023111910_1031_52607,52607,SINGLE_HIGH,True,-3.4918716950490687,Jordan Fuller,1.8971640016757145,-5.389035696724783,2.782742403103807,-6.274614098152876
2023111910_1165_54676,54676,SINGLE_HIGH,False,10.348054314706737,Quentin Lake,6.016833601998676,4.331220712708061,5.237424445258908,5.110629869447829
2023111910_1522_44903,44903,SPLIT_DEEP,False,16.5004924922,John Johnson,8.525275440710628,7.975217051489372,10.728520050487553,5.771972441712446
2023111910_1522_52607,52607,SPLIT_DEEP,True,15.329652605181993,Jordan Fuller,9.583052234464114,5.7466003707178785,10.698629889484076,4.631022715697917
2023111910_2375_44903,44903,SINGLE_HIGH,False,15.772266301034588,John Johnson,18.7353553745776,-2.9630890735430135,15.28418600327674,0.4880802977578469
2023111910_2431_44903,44903,SPLIT_DEEP,False,5.2164448690616405,John Johnson,2.6838366815855306,2.53260818747611,2.139377370316298,3.0770674987453424
2023111910_2883_47891,47891,SPLIT_DEEP,True,-0.4360984745953047,Julian Love,7.881147046512089,-8.317245521107393,8.49244538959193,-8.928543864187235
2023111910_2906_42543,42543,SPLIT_DEEP,True,-2.457643300007385,Quandre Diggs,1.8019509441496662,-4.259594244157052,1.6539034206700993,-4.1115467206774845
2023111910_3061_44903,44903,SPLIT_DEEP,False,4.758941125214713,John Johnson,4.933276332996615,-0.17433520778190204,5.055528144281487,-0.29658701906677365
2023111910_3061_52607,52607,SPLIT_DEEP,True,8.657750594203538,Jordan Fuller,5.599776122550895,3.057974471652643,4.996672566473086,3.6610780277304515
2023111910_3146_42543,42543,SINGLE_HIGH,True,12.583342803427977,Quandre Diggs,14.897702957388882,-2.314360153960905,15.078657764455372,-2.495314961027395
2023111910_3231_44903,44903,SINGLE_HIGH,False,18.445926334140665,John Johnson,16.995398303446095,1.4505280306945707,16.586932759638355,1.8589935745023105
2023111910_3280_42543,42543,SINGLE_HIGH,True,-1.0387992085097242,Quandre Diggs,1.4291235787176053,-2.4679227872273293,2.46469086533056,-3.5034900738402843
2023111910_3453_42543,42543,SPLIT_DEEP,True,1.0401148667765865,Quandre Diggs,0.928846272584735,0.11126859419185153,0.7041777823083049,0.33593708446828163
2023111910_3678_44903,44903,SPLIT_DEEP,False,9.948734322488267,John Johnson,16.56104278231628,-6.612308459828014,15.3309303459128,-5.382196023424532
2023111910_4155_52607,52607,SPLIT_DEEP,True,1.844577365039382,Jordan Fuller,0.9949590020306457,0.8496183630087363,1.058560021616163,0.7860173434232189
2023111910_4203_52607,52607,SPLIT_DEEP,True,3.196859983304641,Jordan Fuller,1.6185204163041207,1.5783395670005205,0.9434256040400957,2.2534343792645455
2023111910_4286_44903,44903,SPLIT_DEEP,False,1.0198638246414389,John Johnson,0.6017745496251565,0.41808927501628235,1.1434816846781057,-0.12361786003666686
2023111910_4286_52607,52607,SPLIT_DEEP,True,3.5868858641938335,Jordan Fuller,1.2819133156893943,2.3049725485044394,1.1682734384967084,2.418612425697125
2023111911_404_35459,35459,SPLIT_DEEP,False,4.718191740836191,Kareem Jackson,3.2642305730074384,1.4539611678287523,2.227763505235016,2.4904282356011747
2023111911_589_53554,53554,SINGLE_HIGH,True,8.302532747291222,Camryn Bynum,1.973310030299836,6.329222716991386,3.034787140434176,5.267745606857046
2023111911_1132_35459,35459,SPLIT_DEEP,False,11.08908110770999,Kareem Jackson,10.366680004584255,0.7224011031257351,12.587567803992185,-1.4984866962821943
2023111911_1132_43387,43387,SPLIT_DEEP,True,2.5190076884827857,Justin Simmons,13.697605367579264,-11.178597679096479,13.015157226028954,-10.496149537546168
2023111911_1314_53554,53554,SPLIT_DEEP,True,15.466592430088046,Camryn Bynum,13.433326825964015,2.033265604124031,12.620613738526393,2.845978691561653
2023111911_1503_43387,43387,SPLIT_DEEP,True,-0.959720507720844,Justin Simmons,0.6399346343334217,-1.5996551420542657,0.7724441801098205,-1.7321646878306645
2023111911_1575_35459,35459,SPLIT_DEEP,False,3.0174091792491473,Kareem Jackson,-0.19142592202093023,3.2088351012700773,0.3990773951550608,2.6183317840940865
2023111911_1702_38559,38559,SPLIT_DEEP,False,0.5287767943551742,Harrison Smith,1.846411984283728,-1.3176351899285539,0.7043295444165185,-0.1755527500613443
2023111911_1702_53554,53554,SPLIT_DEEP,True,1.6431413194267144,Camryn Bynum,1.2439864722807616,0.39915484714595273,1.6599298073018032,-0.016788487875088798
2023111911_2227_35459,35459,SINGLE_HIGH,False,14.45020460365836,Kareem Jackson,8.022214648344425,6.427989955313935,8.513688210979065,5.9365163926792945
2023111911_2457_53554,53554,SINGLE_HIGH,True,9.939022114924091,Camryn Bynum,14.17081997765041,-4.231797862726319,15.59617008946698,-5.657147974542889
2023111911_2527_35459,35459,SINGLE_HIGH,False,-0.4512069073613052,Kareem Jackson,2.6189625415731905,-3.0701694489344957,2.6807955339858784,-3.1320024413471836
2023111911_3524_35459,35459,SINGLE_HIGH,False,0.9362298599839942,Kareem Jackson,1.5207271780162384,-0.5844973180322441,2.1721963210983866,-1.2359664611143923
2023111911_3973_43387,43387,SPLIT_DEEP,True,7.343153338826315,Justin Simmons,1.9743868841207177,5.368766454705597,1.5066916327231308,5.836461706103184
2023111911_4162_35459,35459,SPLIT_DEEP,False,5.26265658350376,Kareem Jackson,-0.772645124029716,6.035301707533476,2.1883902204581016,3.074266363045658
2023111911_4162_43387,43387,SPLIT_DEEP,True,-4.04199619124301,Justin Simmons,5.0806195487271895,-9.1226157399702,5.682581755990292,-9.724577947233302
2023112000_544_54527,54527,SINGLE_HIGH,False,10.704470331236216,Bryan Cook,3.8831513701947187,6.821318961041497,4.623952220250993,6.080518110985223
2023112000_705_46137,46137,SPLIT_DEEP,False,2.7599859272252125,Justin Reid,1.9199627135798774,0.8400232136453352,1.099346824813157,1.6606391024120555
2023112000_969_46137,46137,SPLIT_DEEP,False,-2.7980521293985143,Justin Reid,1.8281894854697605,-4.626241614868275,0.8994697646552794,-3.6975218940537937
2023112000_1045_47882,47882,SINGLE_HIGH,False,-1.4584266903637308,Mike Edwards,0.36385102451812257,-1.8222777148818534,1.386516018368976,-2.844942708732707
2023112000_1128_55931,55931,SPLIT_DEEP,False,2.533209479902458,Sydney Brown,1.40602651092239,1.127182968980068,0.5836602121567545,1.9495492677457036
2023112000_1893_54808,54808,SPLIT_DEEP,True,-9.982515920886518,Reed Blankenship,2.199291796135741,-12.18180771702226,3.0816270139345914,-13.06414293482111
2023112000_2272_43353,43353,SINGLE_HIGH,False,8.556262736303886,Kevin Byard,5.5004953561960965,3.055767380107789,5.2724178788219715,3.283844857481914
2023112000_2495_54808,54808,SPLIT_DEEP,True,14.270655914463712,Reed Blankenship,11.750539506970576,2.520116407493136,12.014540924051193,2.2561149904125184
2023112000_2495_55931,55931,SPLIT_DEEP,False,8.850024305388633,Sydney Brown,12.188121753812766,-3.338097448424133,12.247685952791935,-3.397661647403302
2023112000_2643_46137,46137,SPLIT_DEEP,False,4.205167372987825,Justin Reid,6.163148851237552,-1.9579814782497271,6.542176756616319,-2.3370093836284944
2023112000_2820_54808,54808,SPLIT_DEEP,True,3.987990901770515,Reed Blankenship,1.354189907195433,2.6338009945750818,1.7647435776469518,2.2232473241235633
2023112000_4055_55931,55931,SPLIT_DEEP,False,2.834530344416577,Sydney Brown,1.728737646513739,1.105792697902838,1.375521932676861,1.459008411739716
2023112000_4207_43353,43353,SPLIT_DEEP,False,7.484640330414237,Kevin Byard,5.391619241127481,2.093021089286756,5.783746519506023,1.7008938109082141
2023112000_4207_54808,54808,SPLIT_DEEP,True,7.231961936444629,Reed Blankenship,5.774838969822304,1.4571229666223244,5.380629213048028,1.8513327233966006
2023112000_4207_55931,55931,SPLIT_DEEP,False,8.565027774979395,Sydney Brown,4.479748441713616,4.085279333265779,4.031652334094628,4.533375440884767
2023112300_55_46151,46151,SINGLE_HIGH,False,23.663198548694105,Tracy Walker III,21.46063017579427,2.202568372899833,17.952944171297833,5.7102543773962715
2023112300_80_46151,46151,SPLIT_DEEP,False,2.503515790362798,Tracy Walker III,1.0728680016770873,1.4306477886857107,0.5935055709683024,1.9100102193944957
2023112300_487_54562,54562,SINGLE_HIGH,True,-1.3885785046709316,Kerby Joseph,2.6007121551589436,-3.989290659829875,3.4506887858247746,-4.839267290495706
2023112300_1486_55910,55910,SINGLE_HIGH,False,-6.103056314056792,Brian Branch,1.6183858999235887,-7.721442213980381,1.9021401604018529,-8.005196474458645
2023112300_1556_46151,46151,SINGLE_HIGH,False,20.943021012028925,Tracy Walker III,11.58565459192656,9.357366420102366,13.763509362551,7.179511649477925
2023112300_1853_56107,56107,SPLIT_DEEP,False,1.446567999739039,Anthony Johnson Jr.,1.9253742021012514,-0.4788062023622124,1.6255172523785966,-0.17894925263955752
2023112300_1955_54562,54562,SPLIT_DEEP,True,3.2615359075773167,Kerby Joseph,6.736508195660978,-3.474972288083661,5.1687332073863494,-1.9071972998090327
2023112300_2075_46669,46669,SPLIT_DEEP,False,-1.282332140168803,Jonathan Owens,1.4904796301293246,-2.7728117702981274,2.0793862446168916,-3.3617183847856946
2023112300_2075_56107,56107,SPLIT_DEEP,False,1.2395652310484877,Anthony Johnson Jr.,0.6384609351912792,0.6011042958572085,2.0810305975519157,-0.841465366503428
2023112300_2098_56107,56107,SINGLE_HIGH,False,13.04261942965839,Anthony Johnson Jr.,11.541792874030522,1.500826555627869,10.731184143345565,2.3114352863128254
2023112300_2851_56107,56107,SINGLE_HIGH,False,7.208367626897292,Anthony Johnson Jr.,9.860376133350913,-2.6520085064536207,8.012999238626886,-0.8046316117295937
2023112300_2971_46151,46151,SINGLE_HIGH,False,-3.5907321402795684,Tracy Walker III,0.8081189247234567,-4.398851065003025,2.04672749230817,-5.637459632587738
2023112300_3268_56107,56107,SPLIT_DEEP,False,2.0829608774655464,Anthony Johnson Jr.,2.1563996306744206,-0.07343875320887427,1.5369215526257456,0.5460393248398008
2023112300_3644_56107,56107,SINGLE_HIGH,False,-0.321913705860366,Anthony Johnson Jr.,1.3707229468048052,-1.6926366526651713,2.1142175273499575,-2.4361312332103235
2023112300_4272_46669,46669,SPLIT_DEEP,False,-4.936504931301634,Jonathan Owens,5.670242156598621,-10.606747087900256,4.913011722512479,-9.849516653814113
2023112300_4272_56107,56107,SPLIT_DEEP,False,1.301406596887496,Anthony Johnson Jr.,1.7322140384594682,-0.43080744157197226,2.1148223198588,-0.8134157229713042
2023112300_4297_46669,46669,SPLIT_DEEP,False,0.6305573948553178,Jonathan Owens,1.1771018798447594,-0.5465444849894416,0.22243028029061485,0.40812711456470296
2023112300_4297_56107,56107,SPLIT_DEEP,False,-0.0926206706770749,Anthony Johnson Jr.,1.661168494596246,-1.7537891652733208,1.4004297802035186,-1.4930504508805935
2023112301_149_47996,47996,SPLIT_DEEP,False,1.2179162941277006,Donovan Wilson,2.363148497623939,-1.1452322034962386,0.8218345965525522,0.39608169757514844
2023112301_305_52624,52624,SPLIT_DEEP,False,16.684884460067696,Kam Curl,18.306497173418883,-1.6216127133511868,15.764324806251132,0.9205596538165643
2023112301_305_54578,54578,SPLIT_DEEP,True,21.33924718742304,Percy Butler,12.773894166476898,8.565353020946143,14.496972964028954,6.842274223394087
2023112301_644_52624,52624,SINGLE_HIGH,False,7.578754631006238,Kam Curl,6.122411842437956,1.456342788568282,4.470850003182285,3.1079046278239533
2023112301_818_52624,52624,SINGLE_HIGH,False,-6.098150845098221,Kam Curl,0.42517085339694344,-6.523321698495165,2.115000898447642,-8.213151743545863
2023112301_930_52624,52624,SPLIT_DEEP,False,3.5567266295877893,Kam Curl,9.011360612967422,-5.454633983379633,10.144281435338188,-6.587554805750399
2023112301_1484_44827,44827,SINGLE_HIGH,True,18.578571318500252,Malik Hooker,12.218156105850461,6.360415212649791,12.499536928320524,6.079034390179729
2023112301_2026_54578,54578,SPLIT_DEEP,True,10.075549453657146,Percy Butler,5.098049208507079,4.977500245150067,4.916685306422584,5.158864147234562
2023112301_2109_47996,47996,SINGLE_HIGH,False,7.57147653762741,Donovan Wilson,5.41168147260685,2.1597950650205595,6.7358382950785645,0.8356382425488453
2023112301_2309_54578,54578,SINGLE_HIGH,True,12.38292598708463,Percy Butler,11.325631666010775,1.0572943210738543,13.04068038904135,-0.657754401956721
2023112301_2552_44827,44827,SINGLE_HIGH,True,14.68221999690194,Malik Hooker,13.759928735897844,0.9222912610040961,13.154285125996692,1.5279348709052485
2023112301_2662_54578,54578,SPLIT_DEEP,True,3.446903891450326,Percy Butler,1.0663912473820916,2.3805126440682343,1.326772238617016,2.12013165283331
2023112301_2662_55912,55912,SPLIT_DEEP,False,3.800325457276216,Quan Martin,3.5096536582070765,0.2906717990691394,2.7035304276675554,1.0967950296086606
2023112301_2967_54578,54578,SPLIT_DEEP,True,1.646337450267307,Percy Butler,1.1550099245587762,0.4913275257085308,1.497340151049718,0.14899729921758897
2023112301_2967_55912,55912,SPLIT_DEEP,False,4.071905717870795,Quan Martin,3.9326647866780005,0.13924093119279446,4.039588605481212,0.0323171123895829
2023112301_3301_47996,47996,SINGLE_HIGH,False,-3.089911398205662,Donovan Wilson,1.2740102406712168,-4.363921638876879,1.2414902780461574,-4.3314016762518195
2023112301_3504_47996,47996,SPLIT_DEEP,False,1.7398205557680717,Donovan Wilson,3.39668998361412,-1.656869427846048,3.643983734879061,-1.9041631791109894
2023112301_3605_44827,44827,SINGLE_HIGH,True,5.063178838716956,Malik Hooker,3.652387639729203,1.410791198987753,4.0674230275369805,0.9957558111799756
2023112301_3721_54578,54578,SINGLE_HIGH,True,6.113578102105606,Percy Butler,10.897372184156994,-4.783794082051388,11.120145065100974,-5.006566962995368
2023112301_3831_47996,47996,SPLIT_DEEP,False,2.7189121593233687,Donovan Wilson,2.219909363620064,0.4990027957033045,1.2920358684035982,1.4268762909197705
2023112302_89_42543,42543,SPLIT_DEEP,True,13.414243824801703,Quandre Diggs,10.022398809876712,3.391845014924991,8.022711052188956,5.391532772612747
2023112302_89_47891,47891,SPLIT_DEEP,True,13.950083530145063,Julian Love,7.9514253186987744,5.998658211446289,7.5720782428844995,6.378005287260564
2023112302_463_42543,42543,SINGLE_HIGH,True,1.3756278039826544,Quandre Diggs,0.634648995027755,0.7409788089548994,2.5879613300712094,-1.212333526088555
2023112302_488_42543,42543,SPLIT_DEEP,True,2.614244914346884,Quandre Diggs,7.227604410536452,-4.6133594961895685,5.461380567577131,-2.847135653230247
2023112302_488_47891,47891,SPLIT_DEEP,True,5.180795578210457,Julian Love,3.1797555179534744,2.0010400602569827,2.394309713135568,2.786485865074889
2023112302_1333_42543,42543,SPLIT_DEEP,True,-2.5623947612923903,Quandre Diggs,1.4049903326503372,-3.9673850939427275,0.9282527952460011,-3.4906475565383914
2023112302_1333_47891,47891,SPLIT_DEEP,True,-1.4981979486283912,Julian Love,2.0691149605668033,-3.5673129091951945,1.5287256392261952,-3.0269235878545864
2023112302_1428_42543,42543,SINGLE_HIGH,True,1.8314163140223163,Quandre Diggs,1.795702061627947,0.035714252394369206,2.4500409786225,-0.6186246646001836
2023112302_2013_55952,55952,SPLIT_DEEP,False,-6.010704882801219,Ji'Ayir Brown,2.305217602141471,-8.315922484942691,1.5215981906563858,-7.532303073457605
2023112302_2043_55952,55952,SPLIT_DEEP,False,5.443823202563219,Ji'Ayir Brown,1.6058353058566608,3.837987896706558,2.0868665047189374,3.3569566978442813
2023112302_2256_38868,38868,SINGLE_HIGH,True,19.47518513449343,Tashaun Gipson,15.16636443877062,4.30882069572281,14.912163467946002,4.563021666547428
2023112302_2538_47891,47891,SPLIT_DEEP,True,12.089107871259973,Julian Love,7.623858072996255,4.465249798263718,6.72208828851036,5.367019582749613
2023112302_2648_55952,55952,SINGLE_HIGH,False,9.464754020422514,Ji'Ayir Brown,13.518389383001825,-4.0536353625793105,12.674172587657612,-3.2094185672350974
2023112302_3105_42543,42543,SPLIT_DEEP,True,3.480495166121859,Quandre Diggs,0.8974014800198634,2.5830936861019955,0.7676716366699665,2.7128235294518923
2023112302_3302_55952,55952,SPLIT_DEEP,False,0.6045364726356564,Ji'Ayir Brown,1.2391416106481052,-0.6346051380124489,1.9139614785629941,-1.3094250059273378
2023112302_3514_42543,42543,SINGLE_HIGH,True,6.327474192347816,Quandre Diggs,4.363030567270416,1.9644436250774007,3.3009842442557487,3.0264899480920677
2023112302_3630_38868,38868,SPLIT_DEEP,True,4.520964517606548,Tashaun Gipson,1.089678295131123,3.431286222475425,1.1514263604236294,3.3695381571829186
2023112302_3630_55952,55952,SPLIT_DEEP,False,-2.139953123753548,Ji'Ayir Brown,0.6383038404309577,-2.778256964184506,1.2497760185039102,-3.3897291422574582
2023112302_3784_55952,55952,SPLIT_DEEP,False,7.539541650031004,Ji'Ayir Brown,10.242312268078395,-2.702770618047391,9.612189507490712,-2.0726478574597076
2023112400_391_46186,46186,SINGLE_HIGH,False,6.218698752150075,Jordan Whitehead,11.2637431370857,-5.0450443849356255,11.167267092237978,-4.948568340087903
2023112400_730_46186,46186,SINGLE_HIGH,False,2.748471713037241,Jordan Whitehead,1.4247659911373065,1.3237057218999346,1.826910396576464,0.9215613164607772
2023112400_1503_46186,46186,SINGLE_HIGH,False,0.5134859494576745,Jordan Whitehead,1.9633288820059815,-1.449842932548307,2.8630840399968562,-2.349598090539182
2023112400_1917_54833,54833,SPLIT_DEEP,False,1.3609154527650356,Tony Adams,0.6183329480931024,0.7425825046719332,1.1544972870110382,0.2064181657539974
2023112400_2170_46186,46186,SINGLE_HIGH,False,10.920962202829166,Jordan Whitehead,12.240888882569983,-1.3199266797408171,13.542964077460535,-2.622001874631369
2023112400_4001_52478,52478,SPLIT_DEEP,False,6.048517617110242,Brandon Jones,1.7133178720299194,4.335199745080323,2.741696782391413,3.3068208347188293
2023112400_4136_46501,46501,SPLIT_DEEP,False,18.368824186834672,Elijah Campbell,16.621322654047773,1.7475015327868988,15.235994140311329,3.1328300465233436
2023112400_4136_52478,52478,SPLIT_DEEP,False,17.20334075266326,Brandon Jones,15.223989273348751,1.9793514793145075,14.983127077202653,2.220213675460606
2023112600_101_46123,46123,SPLIT_DEEP,True,3.566341953775561,Jessie Bates,1.8851644658228686,1.6811774879526926,1.1917263886468739,2.3746155651286873
2023112600_279_46123,46123,SINGLE_HIGH,True,3.96533663975168,Jessie Bates,11.41231211231726,-7.44697547256558,9.634275366206733,-5.668938726455053
2023112600_499_46123,46123,SINGLE_HIGH,True,7.829877652419613,Jessie Bates,7.4507990195097795,0.3790786329098337,8.61216562043463,-0.7822879680150177
2023112600_614_40017,40017,SINGLE_HIGH,True,-7.416593975676612,Tyrann Mathieu,5.739039650631233,-13.155633626307846,4.244478172160298,-11.661072147836911
2023112600_728_53469,53469,SINGLE_HIGH,False,-8.580713057538993,Richie Grant,1.2448609278360077,-9.825573985375001,2.02378376905087,-10.604496826589862
2023112600_818_53469,53469,SPLIT_DEEP,False,18.811728172523015,Richie Grant,13.190999756641116,5.620728415881899,12.554583727762122,6.257144444760893
2023112600_903_46123,46123,SINGLE_HIGH,True,4.954734814191274,Jessie Bates,1.598046143946388,3.3566886702448855,1.4517823091345843,3.5029525050566894
2023112600_1694_53469,53469,SPLIT_DEEP,False,3.960639409051307,Richie Grant,2.368649066782241,1.591990342269066,2.894186962213837,1.06645244683747
2023112600_1720_46123,46123,SINGLE_HIGH,True,-0.9354858103254512,Jessie Bates,2.2040224946497657,-3.139508304975217,2.6755565195541626,-3.6110423298796137
2023112600_1813_46123,46123,SPLIT_DEEP,True,12.1289898338592,Jessie Bates,6.304628454191129,5.82436137966807,4.802591152702577,7.326398681156622
2023112600_1836_46123,46123,SINGLE_HIGH,True,-0.4565050309683256,Jessie Bates,0.6254507296686593,-1.081955760636985,1.1723742857961064,-1.628879316764432
2023112600_1902_44851,44851,SINGLE_HIGH,False,6.546023087142165,Marcus Maye,1.0493306994601592,5.496692387682006,1.8418490769345723,4.704174010207593
2023112600_2323_40017,40017,SINGLE_HIGH,True,2.348672507195862,Tyrann Mathieu,1.4099255805979032,0.9387469265979587,1.5942575282927498,0.754414978903112
2023112600_2570_53469,53469,SPLIT_DEEP,False,15.518430041837412,Richie Grant,12.718814909192108,2.799615132645304,13.377738134717811,2.140691907119601
2023112600_3292_40017,40017,SINGLE_HIGH,True,-4.754271854977938,Tyrann Mathieu,1.3039224425786835,-6.058194297556621,2.069209330344142,-6.8234811853220805
2023112600_3391_40017,40017,SINGLE_HIGH,True,7.338720984613165,Tyrann Mathieu,11.3655022936706,-4.026781309057435,11.646258537884696,-4.307537553271532
2023112600_4004_46123,46123,SPLIT_DEEP,True,7.573519222210258,Jessie Bates,9.244718555572707,-1.6711993333624484,7.40917213144043,0.16434709076982834
2023112600_4027_46123,46123,SPLIT_DEEP,True,4.858121678794526,Jessie Bates,2.1682247791984395,2.6898968995960866,0.7061488116410839,4.151972867153442
2023112601_413_48026,48026,SINGLE_HIGH,False,1.4577525443247603,Nick Scott,1.2753170070013913,0.18243553732336903,2.3875242473308447,-0.9297717030060844
2023112601_577_44962,44962,SINGLE_HIGH,True,3.0708782713569898,Damontae Kazee,2.6392700258930595,0.4316082454639303,1.6553179410538927,1.415560330303097
2023112601_857_48026,48026,SINGLE_HIGH,False,16.374990101228104,Nick Scott,13.55146256789498,2.823527533333124,13.193564705293376,3.1814253959347276
2023112601_904_55960,55960,SINGLE_HIGH,False,13.118355385182754,Jordan Battle,11.68800308080021,1.430352304382545,11.394245012805658,1.7241103723770959
2023112601_1530_54962,54962,SPLIT_DEEP,False,5.25256333893952,Trenton Thompson,3.2828715332036116,1.9696918057359087,3.4471072505116584,1.8054560884278619
2023112601_1566_44962,44962,SPLIT_DEEP,True,3.960439813791857,Damontae Kazee,2.7316795947259207,1.2287602190659364,1.1453724323319943,2.815067381459863
2023112601_2118_44962,44962,SINGLE_HIGH,True,11.57990457155087,Damontae Kazee,8.906937461534993,2.672967110015877,8.199465446409965,3.3804391251409047
2023112601_2628_44962,44962,SINGLE_HIGH,True,2.3370643687465504,Damontae Kazee,2.6486790119636723,-0.31161464321712184,1.6946198569672415,0.642444511779309
2023112601_2883_55960,55960,SINGLE_HIGH,False,8.93044205425484,Jordan Battle,8.702828467841558,0.22761358641328222,9.252612793050552,-0.32217073879571245
2023112601_3029_48026,48026,SINGLE_HIGH,False,10.932678885074912,Nick Scott,14.39912796172709,-3.4664490766521787,13.311100247763756,-2.3784213626888437
2023112601_3169_54962,54962,SPLIT_DEEP,False,4.190590849737941,Trenton Thompson,1.3612761684532866,2.829314681284654,3.3734994897136623,0.8170913600242784
2023112601_3558_44962,44962,SPLIT_DEEP,True,2.3801352896178485,Damontae Kazee,1.27543013319757,1.1047051564202786,0.7239502837391232,1.6561850058787253
2023112602_55_53494,53494,SINGLE_HIGH,True,2.264480854630815,Andre Cisco,2.2050935904867806,0.05938726414403428,2.3317286704666005,-0.06724781583578565
2023112602_226_43474,43474,SINGLE_HIGH,False,-0.6287315808294318,DeAndre Houston-Carson,1.6145170256321473,-2.243248606461579,1.45458222659307,-2.0833138074225017
2023112602_295_43474,43474,SPLIT_DEEP,False,3.0238954002426315,DeAndre Houston-Carson,3.2313731537238986,-0.20747775348126707,3.9481877114703217,-0.9242923112276902
2023112602_1256_53494,53494,SINGLE_HIGH,True,5.947723663002682,Andre Cisco,2.411865973095872,3.53585768990681,2.768580661913078,3.179143001089604
2023112602_1571_43474,43474,SPLIT_DEEP,False,17.004078579537534,DeAndre Houston-Carson,13.219872246898097,3.784206332639437,12.51663759107027,4.487440988467265
2023112602_1728_53494,53494,SINGLE_HIGH,True,6.474773226440133,Andre Cisco,1.852521085805253,4.62225214063488,3.164643939602091,3.310129286838042
2023112602_2037_54502,54502,SPLIT_DEEP,True,10.704588877787224,Jalen Pitre,9.158316344257495,1.546272533529729,10.019939202958174,0.6846496748290498
2023112602_2189_54502,54502,SPLIT_DEEP,True,7.935818978073698,Jalen Pitre,1.7150974090950308,6.220721568978667,2.336769195266087,5.599049782807611
2023112602_2556_43474,43474,SINGLE_HIGH,False,-6.739025095612073,DeAndre Houston-Carson,2.166559625160834,-8.905584720772907,2.401468183463317,-9.14049327907539
2023112602_2848_53494,53494,SINGLE_HIGH,True,0.8701531343834663,Andre Cisco,0.658356980439028,0.2117961539444383,2.2656376660077004,-1.3954845316242341
2023112602_3419_53494,53494,SINGLE_HIGH,True,13.403694217329464,Andre Cisco,13.767132609770428,-0.36343839244096365,15.40768255619624,-2.003988338866776
2023112602_3442_53494,53494,SINGLE_HIGH,True,14.67012478482784,Andre Cisco,14.591996924568715,0.07812786025912466,13.659742791142328,1.0103819936855114
2023112602_3516_43474,43474,SINGLE_HIGH,False,12.208181902022435,DeAndre Houston-Carson,7.169489513063111,5.0386923889593245,7.8493038545506195,4.358878047471816
2023112602_4069_44926,44926,SPLIT_DEEP,True,3.897213075926219,Rayshawn Jenkins,1.04036112625851,2.8568519496677087,1.3803290291176413,2.5168840468085776
2023112602_4146_44926,44926,SPLIT_DEEP,True,5.664244370186578,Rayshawn Jenkins,5.5639665823781606,0.10027778780841778,3.6145054099494347,2.0497389602371436
2023112603_174_54704,54704,SINGLE_HIGH,True,15.833935824089334,Rodney Thomas,12.036043994069065,3.7978918300202693,12.443037211294381,3.3908986127949525
2023112603_299_54704,54704,SINGLE_HIGH,True,6.9623149028675355,Rodney Thomas,2.3559065757409257,4.60640832712661,3.12998701556719,3.8323278873003455
2023112603_937_52453,52453,SINGLE_HIGH,True,-0.2084635784323971,Antoine Winfield Jr.,2.645947697832284,-2.854411276264681,1.940317418667017,-2.148780997099414
2023112603_1209_52453,52453,SINGLE_HIGH,True,3.48130464593877,Antoine Winfield Jr.,1.6536847656030764,1.8276198803356938,1.526513170205872,1.9547914757328981
2023112603_1767_46711,46711,SINGLE_HIGH,False,-5.098872209976612,Ryan Neal,3.6654942566874946,-8.764366466664107,3.740556223698081,-8.839428433674694
2023112603_1832_52453,52453,SINGLE_HIGH,True,4.037930572943554,Antoine Winfield Jr.,-0.5360521624960242,4.573982735439579,0.680341917638625,3.3575886553049292
2023112603_2538_52453,52453,SINGLE_HIGH,True,6.361385935995251,Antoine Winfield Jr.,8.146185759660192,-1.7847998236649403,9.248503546654621,-2.88711761065937
2023112603_2717_54704,54704,SPLIT_DEEP,True,-0.8463721107171889,Rodney Thomas,1.9130913591063743,-2.7594634698235634,0.7184211398828317,-1.5647932506000206
2023112603_2930_52453,52453,SINGLE_HIGH,True,2.596718894031306,Antoine Winfield Jr.,1.4069446512015094,1.1897742428297966,1.6115237299586287,0.9851951640726773
2023112603_3199_52493,52493,SPLIT_DEEP,False,6.2144733426058,Julian Blackmon,0.7898227514709126,5.424650591134887,1.2256736617793944,4.988799680826405
2023112603_3222_54704,54704,SPLIT_DEEP,True,-1.328572287135735,Rodney Thomas,3.84814820204825,-5.176720489183985,5.7333441478014695,-7.061916434937205
2023112604_111_52445,52445,SINGLE_HIGH,False,10.381710244875675,Kyle Dugger,10.075882143584119,0.30582810129155646,8.620409559415737,1.761300685459938
2023112604_319_52445,52445,SPLIT_DEEP,False,9.991544358199173,Kyle Dugger,5.934820397439693,4.05672396075948,5.820558276378985,4.170986081820188
2023112604_392_52445,52445,SPLIT_DEEP,False,4.80156712164022,Kyle Dugger,2.393147275850193,2.408419845790027,3.177781477544112,1.6237856440961078
2023112604_1250_52445,52445,SINGLE_HIGH,False,9.41225863442399,Kyle Dugger,8.677408509198944,0.7348501252250461,9.479421122791015,-0.06716248836702476
2023112604_1790_44837,44837,SINGLE_HIGH,False,-1.5707543005539808,Jabrill Peppers,1.090480831174085,-2.661235131728066,1.6349935292846194,-3.2057478298386
2023112604_1866_52444,52444,SINGLE_HIGH,True,19.92696275565069,Xavier McKinney,12.741406631466965,7.185556124183723,13.932319858857479,5.994642896793209
2023112604_2581_44837,44837,SINGLE_HIGH,False,18.579534602579397,Jabrill Peppers,13.15187253389733,5.427662068682066,14.55750789880422,4.022026703775177
2023112604_3159_52444,52444,SINGLE_HIGH,True,9.211216259451596,Xavier McKinney,1.8508675684443605,7.3603486910072355,2.3128505465667732,6.898365712884823
2023112604_3315_44837,44837,SINGLE_HIGH,False,-3.0733015065251097,Jabrill Peppers,2.3600329817239354,-5.433334488249045,1.9782042821001387,-5.051505788625248
2023112605_62_43350,43350,SPLIT_DEEP,False,-1.9553047931674072,Vonn Bell,1.440355827361438,-3.3956606205288455,1.267564727702795,-3.2228695208702023
2023112605_173_47899,47899,SINGLE_HIGH,False,0.5532425528720584,Amani Hooker,0.6639259142445845,-0.1106833613725261,1.5408883497101176,-0.9876457968380592
2023112605_562_45004,45004,SINGLE_HIGH,False,4.94126306408489,Xavier Woods,2.246308182065715,2.6949548820191747,2.091819712884493,2.8494433512003967
2023112605_634_43350,43350,SPLIT_DEEP,False,0.228817106368071,Vonn Bell,10.049150892539384,-9.820333786171313,10.305266004187786,-10.076448897819715
2023112605_634_45004,45004,SPLIT_DEEP,False,15.73608048741886,Xavier Woods,9.313544166606672,6.422536320812188,11.876186771167273,3.8598937162515874
2023112605_878_47899,47899,SINGLE_HIGH,False,-7.240020219931603,Amani Hooker,4.474695111597844,-11.714715331529447,4.527391125325518,-11.76741134525712
2023112605_1040_52535,52535,SINGLE_HIGH,False,4.646440117566756,K'Von Wallace,0.8947877545592388,3.751652363007517,0.8668071753659419,3.7796329422008137
2023112605_1501_47899,47899,SPLIT_DEEP,False,-3.175920975809648,Amani Hooker,-0.49478744640101247,-2.681133529408635,0.7316323660743311,-3.907553341883979
2023112605_1501_52535,52535,SPLIT_DEEP,False,3.625522915079068,K'Von Wallace,1.971682238397165,1.6538406766819032,2.229465429657578,1.39605748542149
2023112605_1823_45004,45004,SINGLE_HIGH,False,9.35423742040387,Xavier Woods,9.003111508050264,0.3511259123536057,7.0143713753740045,2.339866045029865
2023112605_1952_52535,52535,SPLIT_DEEP,False,3.9486963195192377,K'Von Wallace,1.2445782739351592,2.7041180455840785,1.253755965023359,2.6949403544958788
2023112605_2665_45004,45004,SPLIT_DEEP,False,22.371293861697623,Xavier Woods,15.018215197559622,7.3530786641380015,15.509359028529914,6.861934833167709
2023112605_2796_52535,52535,SPLIT_DEEP,False,4.68484609135637,K'Von Wallace,0.6024780922833415,4.082367999073028,1.6470399734261694,3.0378061179302005
2023112605_2967_45004,45004,SPLIT_DEEP,False,5.396251257997387,Xavier Woods,4.408458364319468,0.987792893677919,2.6433624847480246,2.7528887732493628
2023112605_3029_45004,45004,SPLIT_DEEP,False,-4.481036958217436,Xavier Woods,3.943960481470322,-8.424997439687758,3.682125714381371,-8.163162672598807
2023112605_3296_52535,52535,SPLIT_DEEP,False,2.60340487202978,K'Von Wallace,0.953212113030672,1.6501927589991081,0.3691011815709615,2.2343036904588187
2023112605_3355_45004,45004,SPLIT_DEEP,False,-4.775080899294428,Xavier Woods,1.2571268596923235,-6.032207758986752,1.599223189506028,-6.374304088800456
2023112605_3355_56230,56230,SPLIT_DEEP,False,4.107660289860366,Alex Cook,1.146680385312189,2.960979904548177,0.902495058857836,3.20516523100253
2023112605_3432_45004,45004,SINGLE_HIGH,False,6.297727784538123,Xavier Woods,6.0684014993861535,0.22932628515196996,4.782631777918387,1.5150960066197365
2023112605_3594_47899,47899,SINGLE_HIGH,False,-7.3212908174842815,Amani Hooker,1.1132495640827018,-8.434540381566983,1.403685099654778,-8.724975917139059
2023112605_3979_52535,52535,SINGLE_HIGH,False,4.292151727397761,K'Von Wallace,1.4643416666869769,2.8278100607107843,1.933649110051463,2.358502617346298
2023112606_147_44848,44848,SINGLE_HIGH,False,12.197714215443732,Budda Baker,6.812396252943569,5.385317962500163,7.817146835198834,4.380567380244898
2023112606_435_52607,52607,SPLIT_DEEP,True,3.5777143028965,Jordan Fuller,1.0080776443039656,2.5696366585925343,1.4943864999465468,2.0833278029499533
2023112606_942_52607,52607,SPLIT_DEEP,True,-1.05927900651978,Jordan Fuller,-0.33091277050716267,-0.7283662360126173,0.47816895454137054,-1.5374479610611504
2023112606_965_52607,52607,SINGLE_HIGH,True,8.734070085192274,Jordan Fuller,9.641309095802953,-0.9072390106106791,10.279428479937028,-1.5453583947447544
2023112606_1290_44903,44903,SPLIT_DEEP,False,10.927691371670058,John Johnson,16.80301007100002,-5.875318699329963,16.802896011474168,-5.87520463980411
2023112606_1290_52607,52607,SPLIT_DEEP,True,18.94346103639991,Jordan Fuller,13.545320843617935,5.398140192781975,16.48110958077949,2.4623514556204213
2023112606_1705_52607,52607,SPLIT_DEEP,True,4.7299403494912005,Jordan Fuller,1.4013382009364617,3.328602148554739,0.917606748853661,3.8123336006375395
2023112606_1795_49410,49410,SINGLE_HIGH,False,6.892639506306132,Jalen Thompson,4.8261125274399586,2.0665269788661735,4.7940368981874855,2.0986026081186466
2023112606_1946_44903,44903,SPLIT_DEEP,False,13.176960375049568,John Johnson,10.633486398334169,2.543473976715399,11.967026059288674,1.2099343157608935
2023112606_1946_52607,52607,SPLIT_DEEP,True,13.850893475020388,Jordan Fuller,12.017723943998144,1.8331695310222447,12.713046474791893,1.1378470002284953
2023112606_2046_49410,49410,SPLIT_DEEP,False,2.833961463992173,Jalen Thompson,0.39086513135310286,2.4430963326390702,0.577294096005458,2.256667367986715
2023112606_2349_44903,44903,SPLIT_DEEP,False,18.27588544265739,John Johnson,15.724065437932728,2.5518200047246626,15.99641028474241,2.2794751579149803
2023112606_2349_52607,52607,SPLIT_DEEP,True,18.29379008121242,Jordan Fuller,16.218658326988614,2.0751317542238077,15.728708058475648,2.5650820227367728
2023112606_2475_52607,52607,SPLIT_DEEP,True,-3.0208701025949054,Jordan Fuller,1.2564168134543405,-4.2772869160492455,1.3234151647327295,-4.344285267327635
2023112606_2559_52607,52607,SPLIT_DEEP,True,1.6012197552942222,Jordan Fuller,4.088273324330916,-2.4870535690366937,4.624697570347649,-3.023477815053427
2023112606_2938_52607,52607,SPLIT_DEEP,True,2.499744697134216,Jordan Fuller,1.5151318361275343,0.9846128610066816,0.9695449903258524,1.5301997068083635
2023112606_3644_44903,44903,SPLIT_DEEP,False,2.812697901543451,John Johnson,1.1713112891034454,1.6413866124400056,0.35341878594266696,2.459279115600784
2023112606_3644_56099,56099,SPLIT_DEEP,False,-3.017175382252997,Jason Taylor,1.263980163871711,-4.281155546124708,1.4401576376700334,-4.4573330199230305
2023112606_4085_56099,56099,SPLIT_DEEP,False,1.7026711319126528,Jason Taylor,0.7182512531898909,0.9844198787227619,1.3439944572720162,0.3586766746406367
2023112606_4280_56099,56099,SPLIT_DEEP,False,8.21036540784244,Jason Taylor,2.6646269907095963,5.545738417132844,2.11887582121183,6.09148958663061
2023112606_4330_54718,54718,SPLIT_DEEP,True,4.447583860978671,Russ Yeast,4.801238764333922,-0.35365490335525074,5.326463505681976,-0.8788796447033045
2023112606_4355_54718,54718,SPLIT_DEEP,True,1.999296177064377,Russ Yeast,15.766597141569711,-13.767300964505335,14.965530319319228,-12.966234142254851
2023112607_107_48447,48447,SPLIT_DEEP,False,4.314269689940534,P.J. Locke,1.605431921202417,2.7088377687381175,1.520676218678073,2.7935934712624615
2023112607_378_56405,56405,SPLIT_DEEP,False,5.237030366370686,Ronnie Hickman Jr.,8.33400026493422,-3.0969698985635343,7.981713527053454,-2.7446831606827686
2023112607_1344_43387,43387,SINGLE_HIGH,True,-0.8144758476446459,Justin Simmons,2.8171678536012763,-3.631643701245922,2.8985142534057085,-3.7129901010503543
2023112607_1506_43387,43387,SINGLE_HIGH,True,-5.440877824795569,Justin Simmons,0.43274383225104546,-5.873621657046614,1.712438562264655,-7.153316387060224
2023112607_1618_48447,48447,SINGLE_HIGH,False,0.9052345514658208,P.J. Locke,14.336886460589804,-13.431651909123984,14.46870329770143,-13.563468746235609
2023112607_2131_43387,43387,SPLIT_DEEP,True,2.9557624578861894,Justin Simmons,1.5378530468246747,1.4179094110615147,1.758049824366216,1.1977126335199735
2023112607_2131_48447,48447,SPLIT_DEEP,False,3.526622082630614,P.J. Locke,0.4062290343439913,3.1203930482866227,1.3725211365437104,2.1541009460869036
2023112607_2596_43387,43387,SINGLE_HIGH,True,6.8585140536320495,Justin Simmons,1.4141037916594528,5.444410261972597,1.8475083873628417,5.011005666269208
2023112607_3104_43387,43387,SPLIT_DEEP,True,1.4839389283633824,Justin Simmons,1.5034803149174323,-0.01954138655404991,0.5272506382061444,0.956688290157238
2023112607_3104_48447,48447,SPLIT_DEEP,False,5.801318319428983,P.J. Locke,1.5993084531947095,4.202009866234274,1.175623996261006,4.625694323167977
2023112607_3888_48447,48447,SPLIT_DEEP,False,3.771700578402927,P.J. Locke,1.711717618821476,2.059982959581451,0.5995496472749977,3.1721509311279292
2023112608_99_46137,46137,SINGLE_HIGH,False,-0.672532045055628,Justin Reid,0.6722138165305025,-1.3447458615861305,1.4277513471129009,-2.100283392168529
2023112608_332_47974,47974,SPLIT_DEEP,True,7.69258888249057,Marcus Epps,2.6639867844926366,5.028602097997934,1.9974547197802242,5.695134162710346
2023112608_332_53472,53472,SPLIT_DEEP,True,-5.879199655022466,Tre'von Moehrig,2.4799693785254795,-8.359169033547946,3.145311264165797,-9.024510919188263
2023112608_463_54527,54527,SPLIT_DEEP,False,9.723438274438529,Bryan Cook,4.673772341257626,5.049665933180902,5.135235080338562,4.588203194099966
2023112608_731_47882,47882,SPLIT_DEEP,False,1.3230950529923282,Mike Edwards,1.4636477504194827,-0.14055269742715448,0.834439292046623,0.4886557609457052
2023112608_876_53472,53472,SINGLE_HIGH,True,19.22333201438399,Tre'von Moehrig,18.553655155243842,0.6696768591401465,15.574935346568175,3.6483966678158133
2023112608_1616_55100,55100,SPLIT_DEEP,False,11.61553340848884,Isaiah Pola-Mao,3.862275463630605,7.753257944858236,5.090532865746098,6.525000542742742
2023112608_2172_46137,46137,SPLIT_DEEP,False,15.286012209417652,Justin Reid,12.79536686675561,2.4906453426620416,11.529850988269407,3.756161221148245
2023112608_2525_47974,47974,SINGLE_HIGH,True,-0.6710665234868767,Marcus Epps,1.3653919853864,-2.0364585088732765,1.8566319329829133,-2.52769845646979
2023112608_3147_54527,54527,SINGLE_HIGH,False,0.1730784203385926,Bryan Cook,1.2892180148083898,-1.1161395944697972,1.3879453287353645,-1.2148669083967718
2023112608_3421_47882,47882,SPLIT_DEEP,False,6.374568585898939,Mike Edwards,0.7364227799604284,5.63814580593851,1.7329533994989381,4.641615186400001
2023112609_580_54808,54808,SPLIT_DEEP,True,6.938808702397298,Reed Blankenship,4.499057197693252,2.439751504704047,3.286213066601115,3.6525956357961835
2023112609_1774_54808,54808,SPLIT_DEEP,True,7.941041538739972,Reed Blankenship,5.302962971328749,2.638078567411223,5.310188455953378,2.6308530827865937
2023112609_1829_54808,54808,SINGLE_HIGH,True,4.2109290011880205,Reed Blankenship,5.149269902465429,-0.9383409012774084,6.223146156693767,-2.0122171555057466
2023112609_1852_55931,55931,SINGLE_HIGH,False,-1.55550336091604,Sydney Brown,3.723229865122629,-5.2787332260386695,3.151573500840673,-4.707076861756713
2023112609_2060_54808,54808,SINGLE_HIGH,True,8.17373949629981,Reed Blankenship,5.568781265314232,2.604958230985577,5.2830231306019355,2.890716365697874
2023112609_2127_43353,43353,SPLIT_DEEP,False,8.851197240821488,Kevin Byard,4.693082402991885,4.158114837829603,4.55502321721267,4.296174023608818
2023112609_2239_54808,54808,SINGLE_HIGH,True,1.9545123673896736,Reed Blankenship,1.4064863264179681,0.5480260409717055,2.6434575731733663,-0.6889452057836927
2023112609_2513_43353,43353,SINGLE_HIGH,False,4.219505000756576,Kevin Byard,1.403448600198639,2.8160564005579367,1.07765862513706,3.141846375619516
2023112609_2743_54808,54808,SINGLE_HIGH,True,4.553943918776984,Reed Blankenship,3.045618827366838,1.5083250914101458,3.791924815618617,0.7620191031583667
2023112609_3968_40107,40107,SPLIT_DEEP,True,15.367812234631575,Micah Hyde,16.72528534562711,-1.3574731109955351,14.048881734845644,1.3189304997859317
2023112609_3968_40166,40166,SPLIT_DEEP,False,2.2862684238893856,Jordan Poyer,16.01893678673186,-13.732668362842475,15.265828968740937,-12.979560544851552
2023112609_4142_54808,54808,SPLIT_DEEP,True,5.847079978447263,Reed Blankenship,1.5541284468813628,4.2929515315659,1.4801759676553239,4.366904010791939
2023112609_5183_40107,40107,SPLIT_DEEP,True,3.1447644265460255,Micah Hyde,-0.14578606846390643,3.290550495009932,1.8881278231053606,1.2566366034406649
2023112609_5183_40166,40166,SPLIT_DEEP,False,2.630237798745638,Jordan Poyer,4.928054394768515,-2.2978165960228774,5.077349559177739,-2.447111760432101
2023112610_99_52627,52627,SINGLE_HIGH,True,10.715879909381393,Geno Stone,10.130441235203289,0.5854386741781035,10.241404520131946,0.4744753892494469
2023112610_631_52627,52627,SINGLE_HIGH,True,3.6021736975136465,Geno Stone,1.9219806821304664,1.68019301538318,2.226399179583354,1.3757745179302923
2023112610_710_44854,44854,SPLIT_DEEP,False,14.479374402155926,Marcus Williams,9.829046090392918,4.650328311763008,7.981288318037636,6.49808608411829
2023112610_965_52594,52594,SPLIT_DEEP,True,2.077744509395255,Alohi Gilman,1.256419837483247,0.821324671912008,0.5234510527508771,1.5542934566443778
2023112610_988_46086,46086,SPLIT_DEEP,True,-4.302733243513461,Derwin James,1.4393323909718165,-5.742065634485277,0.7443163920409646,-5.047049635554425
2023112610_1204_44854,44854,SPLIT_DEEP,False,16.18486494481124,Marcus Williams,9.592526625019163,6.592338319792075,9.676686330172583,6.5081786146386555
2023112610_1415_52542,52542,SPLIT_DEEP,False,-2.40644047751329,Jaylinn Hawkins,1.7994730763146884,-4.205913553827979,1.0727194524061758,-3.479159929919466
2023112610_1805_52627,52627,SPLIT_DEEP,True,1.3703619754170684,Geno Stone,1.723737557923076,-0.35337558250600765,0.8800327895076787,0.4903291859093897
2023112610_1830_52627,52627,SPLIT_DEEP,True,-4.305142536264972,Geno Stone,1.6137996572223632,-5.918942193487335,1.9964491850651092,-6.301591721330081
2023112610_1896_52594,52594,SPLIT_DEEP,True,5.04811291223829,Alohi Gilman,2.2590352386413843,2.7890776735969056,0.8143394799932402,4.23377343224505
2023112610_1979_46086,46086,SPLIT_DEEP,True,1.95612179366492,Derwin James,11.07035315496429,-9.11423136129937,9.740655431894663,-7.7845336382297425
2023112610_2241_52594,52594,SINGLE_HIGH,True,4.965134894335193,Alohi Gilman,12.045744945774006,-7.080610051438812,14.57957695428685,-9.614442059951656
2023112610_2482_52594,52594,SINGLE_HIGH,True,0.3353674797684984,Alohi Gilman,1.935488333174494,-1.6001208534059956,2.5266326269736474,-2.191265147205149
2023112610_2616_46086,46086,SPLIT_DEEP,True,2.249555764921941,Derwin James,1.0611627183841508,1.18839304653779,1.1162762953964211,1.1332794695255197
2023112610_2865_44854,44854,SPLIT_DEEP,False,-0.1743848335082436,Marcus Williams,0.626219749480444,-0.8006045829886876,2.2959111453080467,-2.4702959788162904
2023112610_2865_52627,52627,SPLIT_DEEP,True,1.511570863830486,Geno Stone,0.58842224320149,0.9231486206289959,0.5451734961684913,0.9663973676619946
2023112610_3032_52627,52627,SPLIT_DEEP,True,-0.5629572011861548,Geno Stone,2.3556611353864105,-2.9186183365725653,1.48696547548992,-2.0499226766760748
2023112610_3349_46086,46086,SINGLE_HIGH,True,9.307976929006184,Derwin James,14.711559366977363,-5.403582437971179,14.343200545783503,-5.035223616777319
2023112610_4148_52627,52627,SPLIT_DEEP,True,9.8447037141529,Geno Stone,7.372872958487292,2.471830755665607,6.8032542197190224,3.041449494433877
2023112610_4148_54479,54479,SPLIT_DEEP,False,6.805558585960765,Kyle Hamilton,6.208749641781678,0.5968089441790871,5.493963728395217,1.3115948575655478
2023112610_4178_52627,52627,SINGLE_HIGH,True,4.206679709282281,Geno Stone,2.1445973077425857,2.0620824015396955,2.1393419514975536,2.0673377577847276
2023112610_4221_52627,52627,SPLIT_DEEP,True,0.5077256675080974,Geno Stone,5.839302847594292,-5.331577180086194,6.387845843375415,-5.880120175867318
2023112610_4244_52627,52627,SPLIT_DEEP,True,1.967047080099846,Geno Stone,6.249722846719979,-4.282675766620133,4.649114802132699,-2.682067722032853
2023112610_4244_54479,54479,SPLIT_DEEP,False,-0.8967281909499425,Kyle Hamilton,0.919733978966836,-1.8164621699167784,2.4523828949862256,-3.349111085936168
2023112700_397_44925,44925,SINGLE_HIGH,True,21.077111666865513,Eddie Jackson,15.06837730581427,6.008734361051243,14.069138395425519,7.007973271439994
2023112700_890_44925,44925,SINGLE_HIGH,True,5.194867264975489,Eddie Jackson,3.9320194640971895,1.2628478008782995,4.3230643436691745,0.8718029213063145
2023112700_1011_52613,52613,SPLIT_DEEP,False,11.599088143661154,Josh Metellus,2.707374974971183,8.891713168689972,3.2447413568924146,8.35434678676874
2023112700_1262_54513,54513,SINGLE_HIGH,True,-0.5341967520258617,Jaquan Brisker,1.670320109465482,-2.204516861491344,1.3554482750799277,-1.8896450271057894
2023112700_1365_53554,53554,SINGLE_HIGH,True,7.276646139093249,Camryn Bynum,4.579667598075125,2.696978541018124,5.082516273018277,2.194129866074972
2023112700_1705_44925,44925,SINGLE_HIGH,True,14.010394100013734,Eddie Jackson,12.081602995512958,1.9287911045007764,11.661283978386871,2.349110121626863
2023112700_1730_54513,54513,SPLIT_DEEP,True,1.0462851212132689,Jaquan Brisker,0.6516533193203123,0.39463180189295655,1.0312360976393133,0.015049023573955544
2023112700_3183_44925,44925,SINGLE_HIGH,True,-4.370991538411593,Eddie Jackson,1.521826389031862,-5.8928179274434545,1.9918936676066368,-6.3628852060182295
2023112700_3338_44925,44925,SPLIT_DEEP,True,6.2322558129410055,Eddie Jackson,0.3390897554829917,5.893166057458014,1.145169732124458,5.0870860808165475
2023112700_3338_54719,54719,SPLIT_DEEP,False,3.697187382099008,Elijah Hicks,2.3820622394086737,1.3151251426903343,2.7602524273449145,0.9369349547540935
2023112700_3809_38559,38559,SINGLE_HIGH,False,-7.493113956378206,Harrison Smith,0.3015120423930686,-7.7946259987712745,1.956379042778801,-9.449492999157007
2023113000_87_42543,42543,SINGLE_HIGH,True,2.6801688414941447,Quandre Diggs,1.1626213223830848,1.51754751911106,1.8973059237261376,0.7828629177680071
2023113000_112_42543,42543,SINGLE_HIGH,True,0.5839154663047879,Quandre Diggs,1.8952180017619003,-1.3113025354571124,2.017910685123491,-1.433995218818703
2023113000_159_42543,42543,SINGLE_HIGH,True,-1.0909511324711936,Quandre Diggs,4.085857182309367,-5.17680831478056,4.682241279007963,-5.773192411479156
2023113000_501_47996,47996,SPLIT_DEEP,False,1.644407783185902,Donovan Wilson,1.096000273268886,0.548407509917016,0.6294472921778613,1.0149604910080408
2023113000_693_42543,42543,SPLIT_DEEP,True,4.2280198556945905,Quandre Diggs,0.43435291515344576,3.7936669405411445,1.4441746242180766,2.783845231476514
2023113000_693_47891,47891,SPLIT_DEEP,True,3.677602470732108,Julian Love,3.4015156157371194,0.27608685499498886,2.8187678853930924,0.8588345853390158
2023113000_892_44827,44827,SINGLE_HIGH,True,15.511186224828394,Malik Hooker,14.11140164281971,1.3997845820086852,13.715881495871258,1.7953047289571362
2023113000_2850_44827,44827,SINGLE_HIGH,True,4.375932939591239,Malik Hooker,1.8355842288769166,2.5403487107143228,2.137061174524585,2.238871765066654
2023113000_3537_44827,44827,SINGLE_HIGH,True,6.064241700448472,Malik Hooker,4.641396451205335,1.422845249243137,4.462188312208235,1.602053388240237
2023113000_3692_44827,44827,SINGLE_HIGH,True,-3.835501144342196,Malik Hooker,9.548889546932545,-13.38439069127474,7.446249465132396,-11.281750609474592
2023113000_4021_42543,42543,SPLIT_DEEP,True,2.8997875266041855,Quandre Diggs,-0.6539795030024977,3.553767029606683,0.6433151752136919,2.2564723513904936
2023113000_4021_47891,47891,SPLIT_DEEP,True,4.887865993740527,Julian Love,1.1515096757227226,3.7363563180178043,1.682953808413295,3.204912185327232
2023113000_4233_44827,44827,SINGLE_HIGH,True,-8.104540805417814,Malik Hooker,2.2592917949015847,-10.363832600319398,2.393674028161838,-10.498214833579652
2023113000_4585_44827,44827,SPLIT_DEEP,True,-4.812882376949959,Malik Hooker,1.3090100850734214,-6.12189246202338,2.2173682568840984,-7.030250633834058
2023113000_4678_44827,44827,SINGLE_HIGH,True,4.583429115524655,Malik Hooker,10.57744539999921,-5.994016284474554,11.536642554265061,-6.953213438740406
2023120300_751_46086,46086,SPLIT_DEEP,True,0.4147655551904563,Derwin James,1.6704691504340843,-1.255703595243628,0.732641046500401,-0.31787549130994464
2023120300_1410_52542,52542,SINGLE_HIGH,False,14.506278949772014,Jaylinn Hawkins,10.383220876422634,4.12305807334938,10.839978617899387,3.666300331872627
2023120300_2535_52445,52445,SPLIT_DEEP,False,5.824821737886632,Kyle Dugger,4.657166069352521,1.1676556685341106,4.477179571624227,1.3476421662624052
2023120300_2560_52445,52445,SINGLE_HIGH,False,-3.266377048305616,Kyle Dugger,1.9734237525079352,-5.239800800813551,2.387068407522844,-5.65344545582846
2023120300_2655_52445,52445,SINGLE_HIGH,False,0.3141878504321553,Kyle Dugger,0.9608022479425232,-0.646614397510368,2.34004988256274,-2.0258620321305845
2023120300_2794_46086,46086,SINGLE_HIGH,True,7.326177826934016,Derwin James,6.780606722903746,0.5455711040302695,7.502527769780582,-0.17634994284656624
2023120300_2859_52594,52594,SINGLE_HIGH,True,20.067569204071937,Alohi Gilman,13.261097924061989,6.806471280009948,15.510024332759713,4.557544871312224
2023120300_2959_46086,46086,SPLIT_DEEP,True,0.8349554028980304,Derwin James,2.256618935479606,-1.4216635325815754,1.0798267705080526,-0.24487136761002226
2023120300_3660_46086,46086,SPLIT_DEEP,True,16.993890398679248,Derwin James,16.25121631971365,0.7426740789655994,16.14227699975053,0.8516133989287198
2023120300_3660_52594,52594,SPLIT_DEEP,True,23.388429207276285,Alohi Gilman,19.253581818840896,4.134847388435389,15.135129182860863,8.253300024415422
2023120300_3695_52594,52594,SINGLE_HIGH,True,2.112553522223262,Alohi Gilman,1.6213297717363446,0.49122375048691747,2.09673409514844,0.0158194270748222
2023120300_3801_52445,52445,SPLIT_DEEP,False,-3.5250108524329384,Kyle Dugger,4.721992299985068,-8.247003152418007,5.414095097623369,-8.939105950056307
2023120301_325_55910,55910,SINGLE_HIGH,False,1.1324618195772178,Brian Branch,1.3848248765110633,-0.25236305693384553,1.6033292334119178,-0.4708674138347
2023120301_385_56011,56011,SINGLE_HIGH,False,2.7066689581612997,Jordan Howden,1.6171725224708056,1.0894964356904941,1.4204035203624974,1.2862654377988023
2023120301_408_56011,56011,SINGLE_HIGH,False,-1.022268755377867,Jordan Howden,1.9507318386998402,-2.9730005940777073,1.815259087298589,-2.8375278426764563
2023120301_529_46151,46151,SINGLE_HIGH,False,4.145750766665325,Tracy Walker III,0.8511699968489581,3.2945807698163665,0.9047854493715608,3.240965317293764
2023120301_607_56011,56011,SINGLE_HIGH,False,1.0759995157273945,Jordan Howden,2.1778594267250164,-1.101859910997622,1.109340151785437,-0.033340636058042605
2023120301_838_40017,40017,SPLIT_DEEP,True,-0.9033801682829364,Tyrann Mathieu,1.8591317573650084,-2.762511925647945,1.5007749252398597,-2.404155093522796
2023120301_1038_46151,46151,SINGLE_HIGH,False,5.727375579891614,Tracy Walker III,5.5231872608262425,0.20418831906537172,5.074479792431899,0.6528957874597152
2023120301_1153_47837,47837,SINGLE_HIGH,False,0.611547011118283,Lonnie Johnson,0.8032897194190597,-0.19174270830077667,1.5704672819727223,-0.9589202708544393
2023120301_1527_46151,46151,SINGLE_HIGH,False,3.0696700717036123,Tracy Walker III,5.471229852563801,-2.4015597808601887,5.624831726946858,-2.5551616552432455
2023120301_2032_47837,47837,SINGLE_HIGH,False,-5.943087269766079,Lonnie Johnson,0.25207772488099,-6.195164994647069,0.8025274314767241,-6.745614701242803
2023120301_2169_56011,56011,SINGLE_HIGH,False,2.561649066557022,Jordan Howden,0.8203378468444443,1.741311219712578,0.99635661060098,1.5652924559560422
2023120301_2492_46151,46151,SINGLE_HIGH,False,14.890941457769268,Tracy Walker III,13.65950688181247,1.231434575956797,12.9964293397437,1.8945121180255668
2023120301_3601_54562,54562,SPLIT_DEEP,True,-2.5834532803553643,Kerby Joseph,2.3370832701869504,-4.920536550542314,2.1821926408028194,-4.765645921158184
2023120301_4089_47837,47837,SINGLE_HIGH,False,2.5255883211375068,Lonnie Johnson,2.075709944127875,0.44987837700963196,1.829061184448463,0.6965271366890438
2023120302_174_46186,46186,SPLIT_DEEP,False,1.9791693364282563,Jordan Whitehead,1.3231575695307485,0.6560117668975078,1.2836367135895639,0.6955326228386924
2023120302_174_54833,54833,SPLIT_DEEP,False,-6.297753346314206,Tony Adams,1.1671224955360564,-7.4648758418502625,0.8817294207364803,-7.179482767050686
2023120302_418_46186,46186,SINGLE_HIGH,False,14.059287425327666,Jordan Whitehead,10.356772539530576,3.7025148857970898,10.194167711971538,3.865119713356128
2023120302_877_56089,56089,SINGLE_HIGH,False,-1.093584329710727,DeMarcco Hellams,0.39831522498615307,-1.49189955469688,1.3722770768303052,-2.4658614065410323
2023120302_1194_54833,54833,SINGLE_HIGH,False,6.988917331956431,Tony Adams,8.028420399430532,-1.0395030674741008,7.887950892964605,-0.8990335610081743
2023120302_1246_54833,54833,SINGLE_HIGH,False,11.517402318008363,Tony Adams,7.7523946725386645,3.765007645469699,7.175503655275009,4.341898662733354
2023120302_1391_53469,53469,SINGLE_HIGH,False,13.594087498632469,Richie Grant,13.188494915312797,0.4055925833196721,15.389609831919131,-1.7955223332866623
2023120302_1575_46123,46123,SINGLE_HIGH,True,1.6457394527400062,Jessie Bates,1.3187525538841691,0.3269868988558371,1.8745093319846369,-0.22876987924463066
2023120302_1978_56089,56089,SINGLE_HIGH,False,6.542159792992791,DeMarcco Hellams,5.278048269508771,1.2641115234840203,3.7878340738118723,2.754325719180919
2023120302_2554_46123,46123,SPLIT_DEEP,True,11.785844324338472,Jessie Bates,9.405620123228715,2.3802242011097565,7.964083652687865,3.8217606716506065
2023120302_3251_54833,54833,SPLIT_DEEP,False,-1.8802971375905972,Tony Adams,1.2846971291341849,-3.164994266724782,1.6026706152879253,-3.4829677528785226
2023120302_3322_46123,46123,SINGLE_HIGH,True,16.049925952988843,Jessie Bates,12.49599777257808,3.5539281804107627,12.276640250636383,3.77328570235246
2023120302_3858_46186,46186,SINGLE_HIGH,False,10.752700447383752,Jordan Whitehead,10.521887407947665,0.23081303943608766,8.514274603906557,2.238425843477195
2023120302_4392_46123,46123,SPLIT_DEEP,True,8.117943141582945,Jessie Bates,9.62395345702515,-1.5060103154422055,8.836355178984725,-0.7184120374017802
2023120302_4415_56089,56089,SPLIT_DEEP,False,4.12530398320548,DeMarcco Hellams,8.33721716156835,-4.21191317836287,8.819347665035705,-4.694043681830225
2023120302_4472_46123,46123,SPLIT_DEEP,True,11.36082560286983,Jessie Bates,7.560526752572891,3.8002988502969393,7.117786489360469,4.2430391135093615
2023120302_4502_46123,46123,SPLIT_DEEP,True,4.1504588828035995,Jessie Bates,5.067257061849577,-0.9167981790459772,3.5887444489245945,0.561714433879005
2023120302_4502_56089,56089,SPLIT_DEEP,False,8.910226692003754,DeMarcco Hellams,5.437418670314043,3.472808021689711,4.817115405282225,4.093111286721529
2023120303_122_49410,49410,SINGLE_HIGH,False,14.678089338042556,Jalen Thompson,11.516434898752774,3.161654439289782,11.90290648867413,2.7751828493684254
2023120303_1197_44962,44962,SPLIT_DEEP,True,18.64244170784701,Damontae Kazee,13.194766456393141,5.447675251453868,14.720843944746498,3.921597763100511
2023120303_1197_46080,46080,SPLIT_DEEP,False,8.72358314759359,Minkah Fitzpatrick,11.722354940755086,-2.9987717931614952,13.738801800821589,-5.015218653227999
2023120303_1794_44962,44962,SINGLE_HIGH,True,0.9629064433353705,Damontae Kazee,0.5204677357346642,0.44243870760070625,1.742162405951042,-0.7792559626156716
2023120303_2267_46080,46080,SPLIT_DEEP,False,2.7018375652485673,Minkah Fitzpatrick,1.7259239578146117,0.9759136074339556,1.5275892967242388,1.1742482685243285
2023120303_2850_49410,49410,SINGLE_HIGH,False,-1.021856113891861,Jalen Thompson,13.337693338995333,-14.359549452887194,16.093186779232404,-17.115042893124265
2023120303_2919_49410,49410,SINGLE_HIGH,False,14.219653067416,Jalen Thompson,11.38200730030107,2.83764576711493,11.56714880107572,2.65250426634028
2023120303_2994_46807,46807,SINGLE_HIGH,False,6.4086552763164955,Andre Chachere,6.776824410046964,-0.36816913373046845,5.876600912847136,0.5320543634693591
2023120303_3627_44848,44848,SINGLE_HIGH,False,0.2425215757088707,Budda Baker,1.6924697452019077,-1.449948169493037,2.8673460312817607,-2.62482445557289
2023120303_3826_44848,44848,SPLIT_DEEP,False,3.990999560766737,Budda Baker,3.8083018390103858,0.18269772175635124,5.011413413457558,-1.020413852690821
2023120303_3826_49410,49410,SPLIT_DEEP,False,1.1298351777296114,Jalen Thompson,2.764240528497109,-1.6344053507674978,2.330813738369576,-1.2009785606399648
2023120304_565_45004,45004,SPLIT_DEEP,False,11.70858066336945,Xavier Woods,8.779446579407056,2.929134083962394,8.262109012240057,3.446471651129393
2023120304_1371_45004,45004,SPLIT_DEEP,False,16.347267812990278,Xavier Woods,12.53123884302635,3.816028969963929,15.108194700122711,1.2390731128675672
2023120304_1371_56230,56230,SPLIT_DEEP,False,9.652524712603752,Alex Cook,12.92647684037295,-3.273952127769199,15.218047915975452,-5.565523203371701
2023120304_1626_45004,45004,SINGLE_HIGH,False,2.3333937181330526,Xavier Woods,1.5506303043378056,0.782763413795247,1.800885186494833,0.5325085316382197
2023120304_2078_52453,52453,SINGLE_HIGH,True,9.577874657909843,Antoine Winfield Jr.,4.731035243864578,4.846839414045266,4.938026841376872,4.6398478165329715
2023120304_2108_52453,52453,SINGLE_HIGH,True,16.856814854890608,Antoine Winfield Jr.,16.211824151541382,0.6449907033492259,15.19834588043285,1.658468974457758
2023120304_2208_52453,52453,SINGLE_HIGH,True,11.793362812527937,Antoine Winfield Jr.,4.710814067638569,7.082548744889368,3.7890422557817605,8.004320556746176
2023120304_2429_56230,56230,SPLIT_DEEP,False,6.081293947850518,Alex Cook,3.1797534484967533,2.9015404993537643,2.8641489406721883,3.2171450071783294
2023120304_2588_56230,56230,SINGLE_HIGH,False,7.310651211646488,Alex Cook,7.437378091900038,-0.12672688025354972,7.128992665257899,0.18165854638858914
2023120304_2718_52453,52453,SINGLE_HIGH,True,1.3934991866646875,Antoine Winfield Jr.,7.386717048075393,-5.993217861410706,8.008816692125885,-6.6153175054611975
2023120304_2788_52453,52453,SINGLE_HIGH,True,7.97406340168245,Antoine Winfield Jr.,6.085942709843401,1.888120691839049,6.8239285077133776,1.1501348939690725
2023120304_2894_56230,56230,SINGLE_HIGH,False,-1.3259185085788516,Alex Cook,2.3177917198297777,-3.6437102284086293,2.6975261463752904,-4.023444654954142
2023120304_3059_52453,52453,SINGLE_HIGH,True,4.637014326581388,Antoine Winfield Jr.,1.238216579065813,3.3987977475155753,0.9081770726875718,3.7288372538938166
2023120304_3166_45004,45004,SPLIT_DEEP,False,1.8496379087178496,Xavier Woods,0.8204857690599529,1.0291521396578966,0.6829125597922374,1.1667253489256122
2023120304_3442_45004,45004,SPLIT_DEEP,False,16.81613781915789,Xavier Woods,14.702967022769846,2.1131707963880455,14.811271592625928,2.004866226531963
2023120304_3442_56230,56230,SPLIT_DEEP,False,20.56715630153013,Alex Cook,18.09025492786423,2.4769013736659,16.66246345912291,3.9046928424072185
2023120304_3827_52453,52453,SINGLE_HIGH,True,11.93471478421876,Antoine Winfield Jr.,9.079457039930466,2.855257744288295,11.003346322362006,0.9313684618567546
2023120304_3960_56230,56230,SPLIT_DEEP,False,2.489291963222305,Alex Cook,1.1327281668637443,1.3565637963585608,1.5164339450525581,0.972858018169747
2023120304_4152_52453,52453,SINGLE_HIGH,True,12.670694296286758,Antoine Winfield Jr.,5.981193806163974,6.689500490122784,5.268217209025511,7.402477087261247
2023120305_84_54704,54704,SINGLE_HIGH,True,-5.222876854995963,Rodney Thomas,6.615021751601015,-11.837898606596978,6.141684622044631,-11.364561477040594
2023120305_114_54704,54704,SINGLE_HIGH,True,15.37364511160144,Rodney Thomas,12.119257376779865,3.2543877348215755,12.013995495963632,3.3596496156378084
2023120305_232_52535,52535,SINGLE_HIGH,False,5.516839106329165,K'Von Wallace,1.9446506626149924,3.5721884437141727,1.5306585520291858,3.9861805542999793
2023120305_273_47899,47899,SPLIT_DEEP,False,13.92702816336407,Amani Hooker,13.461899418471369,0.4651287448927022,14.406923870847665,-0.47989570748359434
2023120305_273_53529,53529,SPLIT_DEEP,False,21.371081474602473,Elijah Molden,15.13533647961146,6.235744994991013,15.025193688722752,6.345887785879722
2023120305_568_54704,54704,SINGLE_HIGH,True,16.98186255413983,Rodney Thomas,14.056349309728976,2.9255132444108547,12.476813135628014,4.505049418511817
2023120305_1445_54704,54704,SINGLE_HIGH,True,-1.25598890084669,Rodney Thomas,2.7100812644579424,-3.9660701653046324,2.875830166966465,-4.131819067813155
2023120305_2107_52535,52535,SINGLE_HIGH,False,-2.640116961497725,K'Von Wallace,11.3039732842981,-13.944090245795826,10.209705282458419,-12.849822243956144
2023120305_2340_47899,47899,SPLIT_DEEP,False,4.980345581418474,Amani Hooker,1.4843101722262484,3.496035409192226,1.1253091810626739,3.8550364003558
2023120305_2601_52535,52535,SINGLE_HIGH,False,1.476986366868278,K'Von Wallace,2.0302184750734003,-0.5532321082051224,2.7891992016932967,-1.3122128348250188
2023120305_2743_47899,47899,SINGLE_HIGH,False,6.227739264389964,Amani Hooker,1.5060981876203614,4.721641076769602,1.553119860502946,4.674619403887018
2023120305_3282_52493,52493,SPLIT_DEEP,False,4.008167296765907,Julian Blackmon,6.0611069198143275,-2.0529396230484203,3.3525996841522874,0.6555676126136198
2023120305_3709_54561,54561,SPLIT_DEEP,False,3.006706516949035,Nick Cross,1.022985196799806,1.983721320149229,0.9769150955255181,2.029791421423517
2023120305_4370_52493,52493,SPLIT_DEEP,False,9.527149553619752,Julian Blackmon,5.91568688806935,3.6114626655504027,3.9671801098487105,5.559969443771042
2023120305_5135_52535,52535,SINGLE_HIGH,False,-3.790373496218375,K'Von Wallace,11.374190182233672,-15.164563678452048,13.948383565631556,-17.73875706184993
2023120306_388_52624,52624,SINGLE_HIGH,False,9.983994494280324,Kam Curl,10.70804326357727,-0.724048769296946,10.172864061977112,-0.18886956769678775
2023120306_603_52512,52512,SPLIT_DEEP,False,0.3042155535589326,Terrell Burgess,-2.2792289024525165,2.583444456011449,0.42701240112096883,-0.12279684756203624
2023120306_1196_52478,52478,SINGLE_HIGH,False,15.868875150939587,Brandon Jones,9.050434304139932,6.818440846799655,10.205563574090714,5.663311576848873
2023120306_1428_52624,52624,SPLIT_DEEP,False,22.182729821183557,Kam Curl,15.241182842756162,6.941546978427395,15.794119067470351,6.3886107537132055
2023120306_1428_54578,54578,SPLIT_DEEP,True,6.006125979717428,Percy Butler,17.062913759448953,-11.056787779731525,15.494275672295743,-9.488149692578315
2023120306_1480_54578,54578,SINGLE_HIGH,True,16.218435510239072,Percy Butler,17.387805700481643,-1.1693701902425708,15.594156703342573,0.6242788068964984
2023120306_1838_52624,52624,SPLIT_DEEP,False,5.616148601076676,Kam Curl,1.100751249250751,4.515397351825925,1.1935355785782065,4.42261302249847
2023120306_1838_54578,54578,SPLIT_DEEP,True,0.7520562584115158,Percy Butler,1.8567563696252078,-1.104700111213692,2.8702908888168084,-2.1182346304052926
2023120306_1980_52624,52624,SPLIT_DEEP,False,0.0099932035659673,Kam Curl,1.553324640330576,-1.5433314367646087,2.06956233061433,-2.0595691270483627
2023120306_2296_54578,54578,SPLIT_DEEP,True,2.4563681588552084,Percy Butler,-0.8357068752424736,3.292075034097682,0.7892609115113753,1.667107247343833
2023120306_2564_52478,52478,SINGLE_HIGH,False,15.915753878910202,Brandon Jones,12.981746088883527,2.9340077900266746,12.539888187498068,3.375865691412134
2023120306_2753_52624,52624,SPLIT_DEEP,False,3.288353639307534,Kam Curl,5.9985333154635265,-2.7101796761559926,8.933367635275893,-5.645013995968359
2023120306_2776_54578,54578,SPLIT_DEEP,True,12.716713060610637,Percy Butler,7.151974747410497,5.56473831320014,8.18736192049655,4.529351140114088
2023120307_146_54502,54502,SPLIT_DEEP,True,17.176412418223702,Jalen Pitre,11.116632135047876,6.059780283175826,11.437553871938336,5.738858546285366
2023120307_169_54502,54502,SINGLE_HIGH,True,14.62538793320463,Jalen Pitre,13.993111439014438,0.6322764941901919,15.571266892851387,-0.9458789596467572
2023120307_964_43387,43387,SPLIT_DEEP,True,8.940037587339907,Justin Simmons,10.203598425691968,-1.2635608383520616,10.944813381365268,-2.0047757940253614
2023120307_964_48447,48447,SPLIT_DEEP,False,15.840998322147186,P.J. Locke,10.887441074251587,4.953557247895599,10.527864935397357,5.313133386749829
2023120307_1208_41256,41256,SINGLE_HIGH,False,10.992633519361922,Jimmie Ward,17.121455056842063,-6.128821537480141,17.197143464963176,-6.204509945601254
2023120307_1324_43387,43387,SPLIT_DEEP,True,3.289947534959082,Justin Simmons,1.7780075340751524,1.5119400008839297,1.7016366590719683,1.5883108758871138
2023120307_1450_48447,48447,SINGLE_HIGH,False,0.0650260622124272,P.J. Locke,-1.85765916903105,1.9226852312434772,1.105492001180476,-1.0404659389680488
2023120307_1671_41256,41256,SPLIT_DEEP,False,13.927952485910412,Jimmie Ward,14.635141034556685,-0.7071885486462737,13.659279233135699,0.2686732527747129
2023120307_1671_54502,54502,SPLIT_DEEP,True,16.431370799857582,Jalen Pitre,14.593928487910325,1.8374423119472567,14.377252933959564,2.054117865898018
2023120307_1975_43387,43387,SPLIT_DEEP,True,9.244722800925606,Justin Simmons,11.682085766988276,-2.43736296606267,11.84851514937385,-2.603792348448243
2023120307_1975_48447,48447,SPLIT_DEEP,False,4.536088755835442,P.J. Locke,12.166434743403148,-7.630345987567706,11.152923609529077,-6.616834853693636
2023120307_2246_43387,43387,SPLIT_DEEP,True,0.2325473982572656,Justin Simmons,2.0696990849120565,-1.8371516866547908,2.2008007363159,-1.9682533380586342
2023120307_2246_48447,48447,SPLIT_DEEP,False,-1.5201837561613465,P.J. Locke,2.780376298343573,-4.30056005450492,3.574771493247674,-5.09495524940902
2023120307_2579_43387,43387,SPLIT_DEEP,True,9.5662471159801,Justin Simmons,10.739411680989457,-1.1731645650093565,11.062367454592344,-1.4961203386122435
2023120307_2703_41256,41256,SINGLE_HIGH,False,24.535804043205268,Jimmie Ward,15.718894278225818,8.81690976497945,16.73103350663295,7.804770536572317
2023120307_2845_43387,43387,SINGLE_HIGH,True,0.5620021121061338,Justin Simmons,1.9955076024142329,-1.433505490308099,2.439891456788456,-1.8778893446823224
2023120307_2992_48447,48447,SPLIT_DEEP,False,7.089168126983136,P.J. Locke,8.631165317053803,-1.541997190070667,6.069492544299125,1.0196755826840107
2023120307_3206_43474,43474,SINGLE_HIGH,False,-2.7175104748727783,DeAndre Houston-Carson,11.033868811202712,-13.75137928607549,8.847169137510079,-11.564679612382857
2023120307_3329_48447,48447,SPLIT_DEEP,False,1.9179722636430228,P.J. Locke,1.6591942068685845,0.2587780567744382,1.8968698962329267,0.02110236741009608
2023120307_3411_41256,41256,SPLIT_DEEP,False,9.576662560598608,Jimmie Ward,9.147364352493689,0.42929820810491925,9.698505487067203,-0.12184292646859518
2023120307_3411_54502,54502,SPLIT_DEEP,True,11.659313569183889,Jalen Pitre,10.015588775574164,1.6437247936097243,9.843368792246268,1.81594477693762
2023120307_3660_54502,54502,SINGLE_HIGH,True,-2.635664059445378,Jalen Pitre,6.3359148150421705,-8.971578874487548,6.2193323431916605,-8.854996402637038
2023120308_146_44903,44903,SPLIT_DEEP,False,12.203795670527573,John Johnson,11.413889975244583,0.7899056952829895,14.24767794313037,-2.043882272602797
2023120308_169_44903,44903,SPLIT_DEEP,False,4.0620485488228235,John Johnson,0.9183577836147889,3.1436907652080346,1.62860516351771,2.4334433853051136
2023120308_600_44903,44903,SPLIT_DEEP,False,3.736122518081938,John Johnson,1.1776327011451326,2.5584898169368055,0.5151421351380936,3.2209803829438446
2023120308_750_52607,52607,SPLIT_DEEP,True,-4.385151061188419,Jordan Fuller,1.4053193275024254,-5.790470388690845,0.5487140258989243,-4.9338650870873435
2023120308_823_44903,44903,SPLIT_DEEP,False,6.175628065589674,John Johnson,19.72990070719131,-13.554272641601635,16.222868034797514,-10.04723996920784
2023120308_823_52607,52607,SPLIT_DEEP,True,22.2889427554449,Jordan Fuller,20.567047139893184,1.7218956155517162,17.49317016524962,4.795772590195281
2023120308_929_47846,47846,SINGLE_HIGH,False,-0.8697677866430027,Juan Thornhill,10.17327992147742,-11.043047708120422,10.583054315059387,-11.45282210170239
2023120308_1032_47846,47846,SINGLE_HIGH,False,10.569499818499564,Juan Thornhill,13.2291784304997,-2.659678612000137,10.885792051531936,-0.31629223303237275
2023120308_1230_44903,44903,SPLIT_DEEP,False,2.1068853685704116,John Johnson,1.0512299380048857,1.055655430565526,0.458940406757101,1.6479449618133106
2023120308_1230_52607,52607,SPLIT_DEEP,True,-0.2415504087073863,Jordan Fuller,1.4143969772697373,-1.6559473859771237,1.912170958622081,-2.1537213673294673
2023120308_1467_52607,52607,SPLIT_DEEP,True,3.908640219845611,Jordan Fuller,1.663138987763927,2.245501232081684,1.032469436415603,2.876170783430008
2023120308_1607_47846,47846,SPLIT_DEEP,False,4.6242641999776986,Juan Thornhill,2.5715812787112404,2.052682921266458,1.1697900497868936,3.454474150190805
2023120308_1711_44903,44903,SPLIT_DEEP,False,21.162569435749376,John Johnson,16.13677345801221,5.025795977737165,14.565920557620952,6.596648878128423
2023120308_1711_52607,52607,SPLIT_DEEP,True,14.425389845937808,Jordan Fuller,15.460242029430711,-1.0348521834929034,15.200726745897017,-0.7753368999592087
2023120308_1866_52607,52607,SINGLE_HIGH,True,10.984506817231392,Jordan Fuller,15.459825996187075,-4.475319178955683,15.69809038457436,-4.713583567342969
2023120308_2069_44903,44903,SPLIT_DEEP,False,2.3543395091201127,John Johnson,5.524112720525736,-3.169773211405623,3.535807442393004,-1.1814679332728915
2023120308_2320_47846,47846,SINGLE_HIGH,False,19.18990926759795,Juan Thornhill,13.166727817616954,6.0231814499809975,13.217411486831084,5.972497780766867
2023120308_2370_52452,52452,SINGLE_HIGH,False,1.6751846088443516,Grant Delpit,1.709779097762026,-0.03459448891767436,1.699978034945234,-0.02479342610088242
2023120308_2594_52452,52452,SINGLE_HIGH,False,10.537935367161555,Grant Delpit,8.706325753861258,1.831609613300298,9.980595787070662,0.5573395800908933
2023120308_2771_52607,52607,SPLIT_DEEP,True,1.2295912074302962,Jordan Fuller,2.1272406321156927,-0.8976494246853965,1.3377253009539878,-0.10813409352369163
2023120308_2997_44903,44903,SPLIT_DEEP,False,5.392224015428032,John Johnson,2.42954726773498,2.962676747693052,2.5463647155016202,2.8458592999264116
2023120308_2997_52607,52607,SPLIT_DEEP,True,-1.9467949208512296,Jordan Fuller,0.8154790051582458,-2.7622739260094753,0.8844181905460289,-2.8312131113972585
2023120308_3333_47846,47846,SPLIT_DEEP,False,8.243351887694061,Juan Thornhill,5.53721439020741,2.706137497486651,4.739934218603325,3.5034176690907364
2023120308_3449_52607,52607,SINGLE_HIGH,True,7.395132599366466,Jordan Fuller,12.45835476152104,-5.063222162154574,12.250649779819335,-4.855517180452869
2023120308_3472_52607,52607,SPLIT_DEEP,True,-0.6062424338484913,Jordan Fuller,0.953763300306847,-1.5600057341553382,1.2488686041097896,-1.855111037958281
2023120308_3889_47846,47846,SINGLE_HIGH,False,11.838600358146545,Juan Thornhill,15.940174226590706,-4.101573868444161,13.970930157190049,-2.1323297990435037
2023120308_3974_44903,44903,SINGLE_HIGH,False,16.607301530565532,John Johnson,17.29420382269057,-0.686902292125037,16.132579788389627,0.47472174217590535
2023120308_4254_52607,52607,SPLIT_DEEP,True,2.612846205068899,Jordan Fuller,1.437998458758079,1.17484774631082,0.7155095256359267,1.8973366794329722
2023120309_147_46127,46127,SPLIT_DEEP,False,-1.578263862297237,Isaiah Oliver,0.9106789096855589,-2.4889427719827957,0.7740452502031587,-2.3523091125003956
2023120309_1549_38868,38868,SPLIT_DEEP,True,20.00604457757511,Tashaun Gipson,18.7852701736685,1.22077440390661,15.994243686788375,4.011800890786736
2023120309_1678_43353,43353,SINGLE_HIGH,False,0.7869724123867137,Kevin Byard,0.7831317974828045,0.0038406149039091897,1.6807307129079039,-0.8937583005211902
2023120309_1759_54808,54808,SINGLE_HIGH,True,0.3634776401125368,Reed Blankenship,4.306569637932435,-3.9430919978198986,3.5138281529218176,-3.150350512809281
2023120309_2068_54808,54808,SINGLE_HIGH,True,2.1059190452455008,Reed Blankenship,1.3981675276580097,0.7077515175874911,0.8996128820654139,1.2063061631800869
2023120309_2116_54808,54808,SPLIT_DEEP,True,3.3944841872356393,Reed Blankenship,1.1550665459926581,2.239417641242981,0.5882342594558487,2.8062499277797905
2023120309_2163_54808,54808,SINGLE_HIGH,True,5.93160519388266,Reed Blankenship,9.729521286436713,-3.7979160925540523,8.526068694671164,-2.5944635007885033
2023120309_2395_55952,55952,SPLIT_DEEP,False,-7.859897558100679,Ji'Ayir Brown,5.146753668648582,-13.00665122674926,4.6259606368488715,-12.48585819494955
2023120309_2518_38868,38868,SPLIT_DEEP,True,-0.902097071951652,Tashaun Gipson,0.8681649617671021,-1.7702620337187542,1.238124151085545,-2.140221223037197
2023120309_3077_54808,54808,SINGLE_HIGH,True,5.899458969998619,Reed Blankenship,1.3197113546666288,4.579747615331991,2.3119621434553217,3.5874968265432976
2023120309_3272_38868,38868,SPLIT_DEEP,True,2.4613907130919994,Tashaun Gipson,1.9333910193756343,0.5279996937163651,2.113829021577736,0.3475616915142634
2023120309_3427_55952,55952,SPLIT_DEEP,False,7.024743767240568,Ji'Ayir Brown,1.3206716938175183,5.70407207342305,1.391550440700379,5.633193326540189
2023120309_3452_38868,38868,SPLIT_DEEP,True,2.34625496616059,Tashaun Gipson,1.990852861649162,0.35540210451142773,2.127831560553778,0.21842340560681173
2023120309_3507_55952,55952,SPLIT_DEEP,False,9.01215245571917,Ji'Ayir Brown,4.6607874856502285,4.351364970068941,3.323047787224886,5.689104668494283
2023120309_3832_55952,55952,SPLIT_DEEP,False,-0.6641230056784124,Ji'Ayir Brown,1.694169023512371,-2.3582920291907836,1.5411847667191116,-2.205307772397524
2023120309_3892_55952,55952,SPLIT_DEEP,False,4.024528230461927,Ji'Ayir Brown,1.614034415742675,2.410493814719252,1.5027802309586615,2.5217479995032654
2023120309_4090_55952,55952,SPLIT_DEEP,False,15.053976637445563,Ji'Ayir Brown,12.687064456234975,2.366912181210589,13.571193650511733,1.482782986933831
2023120310_102_46137,46137,SPLIT_DEEP,False,1.0221215255473606,Justin Reid,2.2598122634852644,-1.2376907379379039,2.5865628888888414,-1.5644413633414809
2023120310_102_54527,54527,SPLIT_DEEP,False,1.0822491852636662,Bryan Cook,-0.37355087630161304,1.4558000615652793,0.9720842846633371,0.11016490060032913
2023120310_562_47804,47804,SPLIT_DEEP,False,5.055987417550645,Darnell Savage,0.8973434995351854,4.158643918015459,1.0105179591862612,4.0454694583643835
2023120310_868_54527,54527,SINGLE_HIGH,False,1.5404626017653005,Bryan Cook,6.9074394618035315,-5.366976860038231,5.40164834416686,-3.8611857424015597
2023120310_1151_46669,46669,SPLIT_DEEP,False,-2.760341787961398,Jonathan Owens,2.7290758107401363,-5.489417598701534,1.8396929200622125,-4.60003470802361
2023120310_1151_47804,47804,SPLIT_DEEP,False,-1.7058281601156189,Darnell Savage,1.0313017778810984,-2.737129937996717,1.791896727562273,-3.497724887677892
2023120310_1509_54527,54527,SPLIT_DEEP,False,-9.439054661745429,Bryan Cook,6.7585150013138495,-16.197569663059276,4.762213603549112,-14.20126826529454
2023120310_1777_46669,46669,SINGLE_HIGH,False,-2.871857416443108,Jonathan Owens,1.3322255628781776,-4.204082979321285,1.6026861807040378,-4.474543597147146
2023120310_1938_46669,46669,SPLIT_DEEP,False,4.079435725956445,Jonathan Owens,2.2322497647165416,1.8471859612399038,3.4597750463697814,0.6196606795866639
2023120310_1938_47804,47804,SPLIT_DEEP,False,4.4795510413146875,Darnell Savage,1.816217392213405,2.6633336491012827,3.3847638342699646,1.0947872070447229
2023120310_1938_56107,56107,SPLIT_DEEP,False,-1.4961802285022303,Anthony Johnson Jr.,0.15170366890546452,-1.6478838974076948,1.223746253192715,-2.7199264816949453
2023120310_3005_46669,46669,SPLIT_DEEP,False,11.195780091489732,Jonathan Owens,11.377908582240067,-0.1821284907503351,10.444301703651359,0.7514783878383735
2023120310_3005_47804,47804,SPLIT_DEEP,False,11.818337591589003,Darnell Savage,9.248312876185471,2.570024715403532,10.642984863896132,1.1753527276928715
2023120310_3028_46669,46669,SPLIT_DEEP,False,-4.573496861010132,Jonathan Owens,-1.9829552198015805,-2.5905416412085516,-0.0993411203825545,-4.474155740627578
2023120310_3133_46137,46137,SPLIT_DEEP,False,9.630118408063282,Justin Reid,9.399875506407685,0.2302429016555969,7.287992926740572,2.34212548132271
2023120310_3230_47882,47882,SINGLE_HIGH,False,-1.045791883207868,Mike Edwards,1.0899356244976446,-2.1357275077055125,0.8642925058159392,-1.9100843890238073
2023120310_3253_46137,46137,SPLIT_DEEP,False,0.8843048237161577,Justin Reid,1.5012597383131867,-0.616954914597029,1.2478112456139296,-0.36350642189777194
2023120310_3451_47804,47804,SINGLE_HIGH,False,6.8717326840862025,Darnell Savage,8.301225009768231,-1.4294923256820287,7.563635182632633,-0.6919024985464306
2023120310_3542_47882,47882,SINGLE_HIGH,False,3.7037351088923978,Mike Edwards,9.816952998344924,-6.113217889452526,8.979884339721133,-5.276149230828736
2023120310_3976_46669,46669,SPLIT_DEEP,False,11.187516619882604,Jonathan Owens,14.373626465275121,-3.186109845392517,15.437057654291475,-4.249541034408871
2023120310_3976_47804,47804,SPLIT_DEEP,False,6.898257052819082,Darnell Savage,15.329340354846352,-8.43108330202727,14.937939868662019,-8.039682815842937
2023120310_4024_46669,46669,SPLIT_DEEP,False,1.955179714239513,Jonathan Owens,0.7594043530673399,1.1957753611721733,2.3341691139422354,-0.3789893997027223
2023120310_4054_46669,46669,SPLIT_DEEP,False,7.829357641461588,Jonathan Owens,10.513126116919624,-2.683768475458036,9.398611731088893,-1.5692540896273055
2023120310_4054_47804,47804,SPLIT_DEEP,False,10.84905188491846,Darnell Savage,7.277773255969534,3.5712786289489253,7.280931456135325,3.5681204287831347
2023120400_260_55960,55960,SINGLE_HIGH,False,11.07226218597354,Jordan Battle,9.561294916538401,1.51096726943514,8.690567448339685,2.3816947376338558
2023120400_679_55960,55960,SINGLE_HIGH,False,22.054817108548026,Jordan Battle,19.487933320289475,2.5668837882585507,17.82151254617891,4.233304562369117
2023120400_864_53494,53494,SINGLE_HIGH,True,8.699021457800526,Andre Cisco,4.860017923054123,3.8390035347464035,4.0466615134938655,4.652359944306661
2023120400_942_44926,44926,SINGLE_HIGH,True,2.971830924995311,Rayshawn Jenkins,1.02346709466702,1.9483638303282913,1.0525229583635163,1.919307966631795
2023120400_970_48508,48508,SINGLE_HIGH,False,2.7497877017836885,Andrew Wingard,2.771655959732586,-0.02186825794889735,2.1895442108718566,0.5602434909118319
2023120400_1284_55960,55960,SINGLE_HIGH,False,10.280479222054652,Jordan Battle,5.325986584339084,4.954492637715568,4.835787176860083,5.444692045194569
2023120400_1547_53494,53494,SINGLE_HIGH,True,5.612481238017368,Andre Cisco,5.793723704746234,-0.18124246672886546,4.924103699436412,0.6883775385809567
2023120400_1945_55960,55960,SINGLE_HIGH,False,4.263108948990434,Jordan Battle,2.560395702913518,1.7027132460769159,2.206633036709544,2.0564759122808898
2023120400_2160_55960,55960,SINGLE_HIGH,False,-1.141276144700341,Jordan Battle,-0.1381043741966672,-1.0031717705036738,2.218940793550189,-3.36021693825053
2023120400_2210_48026,48026,SINGLE_HIGH,False,18.63882052810199,Nick Scott,17.302553010718448,1.3362675173835434,15.726373656282084,2.912446871819908
2023120400_2457_48026,48026,SINGLE_HIGH,False,-6.4281097329816514,Nick Scott,5.761239256247656,-12.189348989229307,4.183737064832001,-10.611846797813651
2023120400_2958_48026,48026,SINGLE_HIGH,False,14.858400964866227,Nick Scott,13.895487687724737,0.9629132771414906,14.897840535591502,-0.03943957072527482
2023120400_3821_55960,55960,SINGLE_HIGH,False,18.018150728613115,Jordan Battle,17.487303784159923,0.5308469444531916,15.433348443075431,2.584802285537684
2023120400_4462_53494,53494,SINGLE_HIGH,True,-1.5213437064470714,Andre Cisco,1.6378328795871735,-3.1591765860342447,2.9136394092428386,-4.43498311568991
2023120700_107_46080,46080,SINGLE_HIGH,False,17.907039186093304,Minkah Fitzpatrick,13.310767718666563,4.596271467426741,13.10169255494744,4.805346631145863
2023120700_542_44962,44962,SINGLE_HIGH,True,20.335295284514423,Damontae Kazee,14.376625697600696,5.958669586913727,14.811532336654988,5.523762947859435
2023120700_794_46080,46080,SINGLE_HIGH,False,-2.3906982887867425,Minkah Fitzpatrick,1.0350331713904724,-3.425731460177215,1.4902005295852643,-3.880898818372007
2023120700_865_44962,44962,SPLIT_DEEP,True,0.525624769747532,Damontae Kazee,4.67006806213305,-4.144443292385518,4.026004627561858,-3.500379857814326
2023120700_865_46080,46080,SPLIT_DEEP,False,5.07318582978932,Minkah Fitzpatrick,4.064681453042895,1.0085043767464255,5.960273593018696,-0.8870877632293759
2023120700_1205_44837,44837,SINGLE_HIGH,False,5.229159334593405,Jabrill Peppers,2.0837851129119804,3.145374221681424,3.0122284720306514,2.2169308625627533
2023120700_1412_44837,44837,SINGLE_HIGH,False,16.039134858002566,Jabrill Peppers,13.084609087033385,2.9545257709691803,12.848592766162785,3.190542091839781
2023120700_3011_46080,46080,SINGLE_HIGH,False,5.623433655054959,Minkah Fitzpatrick,1.5702958753808176,4.053137779674142,2.0111856216949464,3.6122480333600127
2023120700_3479_52445,52445,SPLIT_DEEP,False,3.4823009651081493,Kyle Dugger,1.2623630639547567,2.2199379011533926,1.8116497335214135,1.670651231586736
2023120700_3817_44837,44837,SINGLE_HIGH,False,21.642809008877116,Jabrill Peppers,18.44261116562643,3.2001978432506846,15.825134376317504,5.817674632559612
2023120700_4016_42116,42116,SPLIT_DEEP,False,2.955498318438041,Adrian Phillips,2.0424315084283724,0.9130668100096684,2.5784907088877134,0.3770076095503274
2023120700_4016_52445,52445,SPLIT_DEEP,False,-0.5392563002977351,Kyle Dugger,1.1958763517884263,-1.7351326520861614,2.830349915622012,-3.369606215919747
2023120700_4046_42116,42116,SPLIT_DEEP,False,2.803357123022204,Adrian Phillips,0.9244416233157483,1.8789154997064559,2.7470774193408065,0.056279703681397564
2023121000_395_52453,52453,SINGLE_HIGH,True,1.9044856204490832,Antoine Winfield Jr.,5.025195858082913,-3.12071023763383,5.067129255061398,-3.162643634612315
2023121000_752_46123,46123,SPLIT_DEEP,True,0.233609337422294,Jessie Bates,1.4008277666613713,-1.1672184292390773,1.747861992816766,-1.514252655394472
2023121000_752_56089,56089,SPLIT_DEEP,False,0.697773710193724,DeMarcco Hellams,1.9963243447498364,-1.2985506345561124,2.571010876326019,-1.873237166132295
2023121000_1028_46711,46711,SPLIT_DEEP,False,1.312715517575075,Ryan Neal,3.45255375020243,-2.139838232627355,3.0203568381583716,-1.7076413205832965
2023121000_1083_56543,56543,SINGLE_HIGH,False,2.36518852698868,Kaevon Merriweather,9.887476136409507,-7.522287609420827,8.979105596546589,-6.613917069557909
2023121000_1523_46123,46123,SPLIT_DEEP,True,17.837643501215787,Jessie Bates,13.617294596733547,4.22034890448224,15.381790846944543,2.4558526542712436
2023121000_1523_56089,56089,SPLIT_DEEP,False,14.770403449457405,DeMarcco Hellams,17.34533222493216,-2.5749287754747563,15.118950153006445,-0.34854670354904016
2023121000_1813_52453,52453,SINGLE_HIGH,True,2.396119616205439,Antoine Winfield Jr.,1.6894485111528144,0.7066711050526244,0.8453232064564382,1.5507964097490006
2023121000_2294_56543,56543,SINGLE_HIGH,False,15.281853535382474,Kaevon Merriweather,9.948061323958342,5.333792211424132,10.226332992004556,5.055520543377918
2023121000_2347_52453,52453,SINGLE_HIGH,True,6.879996055711278,Antoine Winfield Jr.,9.369209420001953,-2.4892133642906753,10.590154998666456,-3.7101589429551787
2023121000_3022_52453,52453,SPLIT_DEEP,True,1.6747021807268505,Antoine Winfield Jr.,16.96245609927559,-15.287753918548741,15.732014906628773,-14.057312725901923
2023121000_3022_56543,56543,SPLIT_DEEP,False,16.517146850113082,Kaevon Merriweather,17.754075685602984,-1.236928835489902,15.730259682181673,0.7868871679314093
2023121000_3158_46123,46123,SPLIT_DEEP,True,0.5859808185607456,Jessie Bates,1.0156853319720487,-0.4297045134113031,0.863797759254826,-0.27781694069408047
2023121000_3158_56089,56089,SPLIT_DEEP,False,1.3006294794592357,DeMarcco Hellams,0.6828281121457225,0.6178013673135132,2.0872161890935725,-0.7865867096343369
2023121000_3769_52453,52453,SINGLE_HIGH,True,16.056675933364215,Antoine Winfield Jr.,11.514705001229398,4.5419709321348165,13.90369163530746,2.1529842980567544
2023121000_4119_56089,56089,SPLIT_DEEP,False,9.21269813583721,DeMarcco Hellams,6.6999261950799225,2.512771940757287,5.892418430389442,3.320279705447768
2023121000_4165_56089,56089,SPLIT_DEEP,False,5.7096171756261205,DeMarcco Hellams,4.9613765777747565,0.748240597851364,3.3907163247755747,2.3189008508505458
2023121000_4316_52453,52453,SPLIT_DEEP,True,0.5658494905090699,Antoine Winfield Jr.,1.5767494297805844,-1.0108999392715146,2.3773935970814364,-1.8115441065723665
2023121000_4426_52453,52453,SPLIT_DEEP,True,3.4234776084955616,Antoine Winfield Jr.,1.604213512293282,1.8192640962022797,2.0764182480334172,1.3470593604621444
2023121000_4426_56540,56540,SPLIT_DEEP,False,4.124098127941125,Christian Izien,1.2263014182103937,2.8977967097307316,1.5215551369622702,2.602542990978855
2023121000_4426_56543,56543,SPLIT_DEEP,False,0.9680092016536416,Kaevon Merriweather,4.45768645977715,-3.4896772581235087,4.8302641422185495,-3.862254940564908
2023121001_547_52607,52607,SINGLE_HIGH,True,15.854323957098064,Jordan Fuller,9.734558079954454,6.11976587714361,8.408221681742212,7.446102275355852
2023121001_570_44903,44903,SPLIT_DEEP,False,8.295564446021766,John Johnson,8.456927078357669,-0.1613626323359032,8.54415880680039,-0.24859436077862362
2023121001_595_52607,52607,SINGLE_HIGH,True,-6.845185265493548,Jordan Fuller,17.987321126378987,-24.832506391872535,16.551482839544203,-23.39666810503775
2023121001_872_52607,52607,SINGLE_HIGH,True,0.5882220226444161,Jordan Fuller,11.848776140880663,-11.260554118236247,11.355619121191882,-10.767397098547466
2023121001_996_44854,44854,SINGLE_HIGH,False,9.781713549951728,Marcus Williams,5.852449537034578,3.9292640129171508,5.7597645982872,4.021948951664529
2023121001_1251_44903,44903,SPLIT_DEEP,False,0.9596629248926688,John Johnson,0.7859100074490002,0.1737529174436686,1.4177320406777447,-0.4580691157850759
2023121001_1304_52607,52607,SPLIT_DEEP,True,20.63343015009214,Jordan Fuller,17.238596256136425,3.3948338939557132,16.197802036448927,4.435628113643212
2023121001_1304_54718,54718,SPLIT_DEEP,True,23.88735600716811,Russ Yeast,16.02735236550742,7.86000364166069,15.299321804287729,8.58803420288038
2023121001_1533_44854,44854,SINGLE_HIGH,False,-3.971242293958048,Marcus Williams,1.4777662890534506,-5.449008583011499,1.1750791124504119,-5.146321406408459
2023121001_1563_44854,44854,SPLIT_DEEP,False,12.456912817456985,Marcus Williams,7.537070842642668,4.919841974814317,6.634025477626606,5.822887339830379
2023121001_1563_52627,52627,SPLIT_DEEP,True,16.376814897491727,Geno Stone,9.424066465896729,6.952748431594998,8.905454929022644,7.471359968469082
2023121001_1758_52607,52607,SINGLE_HIGH,True,17.71772632518123,Jordan Fuller,14.253609009550452,3.4641173156307765,14.023011744304448,3.6947145808767807
2023121001_2020_52607,52607,SPLIT_DEEP,True,-3.5716047495152603,Jordan Fuller,1.4044620340946372,-4.976066783609897,0.773941699518204,-4.345546449033464
2023121001_2073_52607,52607,SPLIT_DEEP,True,4.730847471899619,Jordan Fuller,1.7319260635614244,2.9989214083381945,1.2829868313049246,3.447860640594694
2023121001_2185_44903,44903,SPLIT_DEEP,False,2.8780119353003677,John Johnson,1.7019020053767173,1.1761099299236504,2.8573428206325797,0.02066911466778798
2023121001_2185_52607,52607,SPLIT_DEEP,True,-3.245229130842734,Jordan Fuller,1.8402198976629665,-5.085449028505701,3.1065201117749144,-6.3517492426176485
2023121001_2213_44903,44903,SPLIT_DEEP,False,0.182594026559304,John Johnson,1.4385707669329972,-1.2559767403736932,1.5856761289183723,-1.4030821023590683
2023121001_2447_52627,52627,SPLIT_DEEP,True,-1.230340556501364,Geno Stone,4.710923504613796,-5.94126406111516,6.0886744124711765,-7.319014968972541
2023121001_3359_44903,44903,SPLIT_DEEP,False,-3.4366228600164206,John Johnson,1.4744686767129878,-4.911091536729408,1.3962754563762099,-4.8328983163926305
2023121001_3568_52627,52627,SINGLE_HIGH,True,-7.047849262103951,Geno Stone,-0.5718125970732225,-6.476036665030729,1.622116895684341,-8.669966157788291
2023121001_3613_52627,52627,SINGLE_HIGH,True,1.062988648037129,Geno Stone,1.4706239873865719,-0.40763533934944296,1.2630680221045782,-0.20007937406744936
2023121001_3713_52607,52607,SPLIT_DEEP,True,-3.2365933119052297,Jordan Fuller,1.578069249917549,-4.814662561822779,0.89970974029705,-4.13630305220228
2023121001_3820_52627,52627,SINGLE_HIGH,True,-1.7416358753242207,Geno Stone,1.0581817731125012,-2.799817648436722,1.1935634839822606,-2.9351993593064813
2023121001_3845_52627,52627,SPLIT_DEEP,True,6.967362786390135,Geno Stone,8.234034810214405,-1.2666720238242704,7.405845122700585,-0.4384823363104502
2023121001_4218_52607,52607,SINGLE_HIGH,True,-0.017633792474978,Jordan Fuller,1.5625035307258588,-1.5801373232008369,1.7041972974948294,-1.7218310899698075
2023121001_4388_44903,44903,SPLIT_DEEP,False,-2.1289325911088826,John Johnson,0.2532529611403678,-2.3821855522492505,1.70406582184531,-3.8329984129541925
2023121001_4388_52607,52607,SPLIT_DEEP,True,12.648112119826449,Jordan Fuller,4.639642763901411,8.008469355925037,4.829619201722328,7.818492918104121
2023121001_4466_44854,44854,SPLIT_DEEP,False,-1.2869685120453962,Marcus Williams,5.27307697096933,-6.560045483014727,3.7218390253278235,-5.00880753737322
2023121001_4496_44854,44854,SPLIT_DEEP,False,2.5089807975368217,Marcus Williams,12.225685122695495,-9.716704325158673,12.627031905359853,-10.118051107823032
2023121001_4496_52627,52627,SPLIT_DEEP,True,13.099316676404683,Geno Stone,11.29262364050835,1.806693035896334,12.763091307032022,0.3362253693726611
2023121001_4590_43366,43366,SPLIT_DEEP,False,7.771280136837253,Daryl Worley,9.310270089758552,-1.5389899529212991,10.957173263329148,-3.1858931264918953
2023121001_4750_44903,44903,SPLIT_DEEP,False,22.773106869852093,John Johnson,16.546333115964902,6.226773753887191,16.15009469807418,6.623012171777912
2023121001_4750_52607,52607,SPLIT_DEEP,True,18.81714979739254,Jordan Fuller,19.817015886097373,-0.9998660887048345,16.163732727747103,2.6534170696454353
2023121002_344_44925,44925,SINGLE_HIGH,True,0.6966601864868691,Eddie Jackson,1.9194559712932,-1.2227957848063309,1.9462119997930332,-1.249551813306164
2023121002_1063_54562,54562,SINGLE_HIGH,True,-3.05891117141322,Kerby Joseph,1.6981525930252077,-4.757063764438428,2.9233134442328614,-5.982224615646082
2023121002_1328_44925,44925,SINGLE_HIGH,True,3.1760136125871132,Eddie Jackson,2.403926843284661,0.7720867693024522,1.6881968223891448,1.4878167901979684
2023121002_1896_54562,54562,SPLIT_DEEP,True,5.389506394529288,Kerby Joseph,6.790402828329809,-1.4008964338005203,7.449396010075201,-2.059889615545913
2023121002_2032_54513,54513,SINGLE_HIGH,True,15.93750380440535,Jaquan Brisker,13.220855183207052,2.716648621198299,14.153177913572007,1.784325890833344
2023121002_2165_53530,53530,SINGLE_HIGH,False,2.718117330518446,Ifeatu Melifonwu,1.690466453096281,1.0276508774221649,2.043025773412368,0.6750915571060778
2023121002_3021_53530,53530,SPLIT_DEEP,False,9.148554191851234,Ifeatu Melifonwu,8.091956512478145,1.0565976793730893,9.066751018058369,0.08180317379286528
2023121002_3403_54513,54513,SPLIT_DEEP,True,3.837253026786616,Jaquan Brisker,2.008391088751587,1.828861938035029,1.3932467592973463,2.4440062674892697
2023121002_3474_53530,53530,SPLIT_DEEP,False,7.728268268166476,Ifeatu Melifonwu,1.6982295592578311,6.030038708908645,1.9318427447945172,5.796425523371958
2023121002_3800_54513,54513,SPLIT_DEEP,True,3.2368375003401892,Jaquan Brisker,1.6120298590518847,1.6248076412883046,1.1796622036353543,2.057175296704835
2023121002_3853_54513,54513,SPLIT_DEEP,True,1.1573793625773876,Jaquan Brisker,0.024973698481605733,1.1324056640957818,0.356350473979532,0.8010288885978556
2023121002_3896_54513,54513,SPLIT_DEEP,True,5.575362596329897,Jaquan Brisker,0.0393951757981269,5.53596742053177,1.1363378518203415,4.439024744509555
2023121002_3948_54562,54562,SINGLE_HIGH,True,2.3235372248560675,Kerby Joseph,-0.03790079426569117,2.3614380191217585,2.178454256452003,0.14508296840406443
2023121002_4052_54513,54513,SPLIT_DEEP,True,0.8236222636414932,Jaquan Brisker,-1.9710245142967655,2.794646777938259,0.3123064990300133,0.5113157646114799
2023121003_271_55960,55960,SINGLE_HIGH,False,0.4306997140987265,Jordan Battle,-0.48422071341034906,0.9149204275090755,0.8165498359847092,-0.3858501218859827
2023121003_1383_55960,55960,SINGLE_HIGH,False,16.1310344710799,Jordan Battle,14.497947674335439,1.6330867967444611,14.256763842093783,1.8742706289861175
2023121003_1823_52493,52493,SPLIT_DEEP,False,-2.5630221695469206,Julian Blackmon,1.5994853930319208,-4.162507562578842,1.417404718469002,-3.9804268880159226
2023121003_2134_54561,54561,SPLIT_DEEP,False,-2.412507585304305,Nick Cross,-0.017690734205235568,-2.3948168510990695,0.39795869408480833,-2.8104662793891135
2023121003_2233_54561,54561,SINGLE_HIGH,False,-2.1457567586391946,Nick Cross,0.5514999684961103,-2.6972567271353047,1.6463628861491033,-3.792119644788298
2023121003_2493_54561,54561,SPLIT_DEEP,False,16.590371863299314,Nick Cross,13.524552247859486,3.0658196154398283,15.472221179161394,1.1181506841379196
2023121003_2645_54561,54561,SINGLE_HIGH,False,6.099283068354206,Nick Cross,2.1508085674001816,3.948474500954024,2.451313020908996,3.6479700474452095
2023121004_103_53494,53494,SINGLE_HIGH,True,3.64490308164957,Andre Cisco,1.260882137505571,2.384020944143999,2.273727089640496,1.371175992009074
2023121004_1083_56405,56405,SINGLE_HIGH,False,0.6968528273900745,Ronnie Hickman Jr.,11.213824298455442,-10.516971471065368,10.647725589141412,-9.950872761751338
2023121004_1153_52452,52452,SPLIT_DEEP,False,8.283635827790564,Grant Delpit,2.7335172686664286,5.550118559124135,1.907961186448052,6.375674641342512
2023121004_1153_56405,56405,SPLIT_DEEP,False,5.548851180171249,Ronnie Hickman Jr.,1.5407216110178905,4.008129569153358,0.9895524864876997,4.559298693683549
2023121004_1196_53494,53494,SINGLE_HIGH,True,7.5580112044331536,Andre Cisco,5.224399106904884,2.3336120975282695,5.7211560381989655,1.836855166234188
2023121004_1246_44926,44926,SINGLE_HIGH,True,6.735617955079308,Rayshawn Jenkins,5.216886830765857,1.518731124313451,3.812442486277752,2.9231754688015554
2023121004_1364_56405,56405,SINGLE_HIGH,False,-0.4566369849107197,Ronnie Hickman Jr.,16.412320964711277,-16.868957949621997,13.9893959683067,-14.44603295321742
2023121004_1391_44926,44926,SPLIT_DEEP,True,3.767982183080367,Rayshawn Jenkins,1.9418196678423771,1.8261625152379897,1.4990080559014363,2.2689741271789305
2023121004_1570_56405,56405,SINGLE_HIGH,False,1.6999268806871752,Ronnie Hickman Jr.,0.9204356049411114,0.7794912757460638,1.8141682021906043,-0.11424132150342903
2023121004_1917_44926,44926,SPLIT_DEEP,True,5.548293079691961,Rayshawn Jenkins,1.4633242758337817,4.084968803858179,1.5040577823841685,4.044235297307792
2023121004_2194_56405,56405,SINGLE_HIGH,False,3.339742665186497,Ronnie Hickman Jr.,0.8797070218453243,2.4600356433411728,1.958424219875866,1.3813184453106313
2023121004_2588_53494,53494,SINGLE_HIGH,True,11.048461307753852,Andre Cisco,8.193224328881858,2.8552369788719947,8.635429708960132,2.4130315987937205
2023121004_2859_56405,56405,SINGLE_HIGH,False,10.59720101437092,Ronnie Hickman Jr.,3.2347527079351406,7.36244830643578,3.0544582844538564,7.542742729917064
2023121004_3384_56405,56405,SPLIT_DEEP,False,8.87728567881637,Ronnie Hickman Jr.,5.831313375434629,3.045972303381742,6.916963547263962,1.9603221315524086
2023121004_3572_44926,44926,SPLIT_DEEP,True,5.492348021465992,Rayshawn Jenkins,1.474823443477313,4.017524577988679,0.8817656383900081,4.610582383075984
2023121004_3895_53494,53494,SINGLE_HIGH,True,12.017045929609663,Andre Cisco,9.130410850051412,2.8866350795582516,7.337503142595216,4.679542787014447
2023121004_4115_56405,56405,SINGLE_HIGH,False,2.1963939706635536,Ronnie Hickman Jr.,1.7407884807357392,0.45560548992781436,2.650808220426198,-0.4544142497626442
2023121004_4298_48508,48508,SPLIT_DEEP,False,6.200240545533423,Andrew Wingard,4.960305436601349,1.239935108932074,2.762182378353627,3.438058167179796
2023121004_4298_52565,52565,SPLIT_DEEP,False,4.103079890327391,Daniel Thomas,3.6205990160550394,0.4824808742723512,2.1815730733008287,1.921506817026562
2023121004_4556_56025,56025,SINGLE_HIGH,False,12.582859663300752,Antonio Johnson,5.2729224773642525,7.3099371859365,5.97262100582773,6.6102386574730225
2023121004_4601_44926,44926,SPLIT_DEEP,True,8.345798585875901,Rayshawn Jenkins,0.8143809174770885,7.531417668398812,1.1686309558911798,7.177167629984721
2023121004_4758_56405,56405,SINGLE_HIGH,False,5.4344634140471815,Ronnie Hickman Jr.,1.3414087756159214,4.09305463843126,1.5208774291697074,3.913585984877474
2023121004_5019_54915,54915,SPLIT_DEEP,False,6.663395441918033,D'Anthony Bell,2.1363777815128473,4.5270176604051855,3.5484475098491117,3.1149479320689215
2023121004_5019_56405,56405,SPLIT_DEEP,False,9.485104216054598,Ronnie Hickman Jr.,5.743524469976774,3.741579746077824,6.310086447126034,3.175017768928564
2023121005_119_47837,47837,SPLIT_DEEP,False,18.500777167052348,Lonnie Johnson,9.846729869123887,8.65404729792846,13.345590689854944,5.155186477197404
2023121005_190_45004,45004,SPLIT_DEEP,False,2.2884936790704957,Xavier Woods,0.9876076735332189,1.3008860055372768,0.895693328951376,1.3928003501191197
2023121005_262_45004,45004,SPLIT_DEEP,False,4.81415101459922,Xavier Woods,2.2178577016148333,2.596293312984387,2.1576489933256884,2.656502021273532
2023121005_500_56011,56011,SINGLE_HIGH,False,3.5906810570157006,Jordan Howden,2.1444665649445853,1.4462144920711153,2.3029722130909986,1.287708843924702
2023121005_1208_47837,47837,SINGLE_HIGH,False,-2.4195762520161885,Lonnie Johnson,1.0099425592336562,-3.429518811249845,1.7630308690042424,-4.182607121020431
2023121005_1862_40017,40017,SINGLE_HIGH,True,15.66670693846896,Tyrann Mathieu,13.899784641043818,1.7669222974251433,13.436403854872657,2.2303030835963042
2023121005_1892_43350,43350,SPLIT_DEEP,False,2.483967072193062,Vonn Bell,2.2536445261698383,0.23032254602322366,1.9511999574203305,0.5327671147727315
2023121005_1999_47837,47837,SPLIT_DEEP,False,22.60842839184168,Lonnie Johnson,11.747665769006211,10.86076262283547,14.087389181514215,8.521039210327466
2023121005_2022_47837,47837,SPLIT_DEEP,False,5.770309703050067,Lonnie Johnson,14.862639959529327,-9.09233025647926,14.942466995384237,-9.17215729233417
2023121005_2022_56011,56011,SPLIT_DEEP,False,-7.563812352619866,Jordan Howden,13.031613671339652,-20.59542602395952,14.495724738509836,-22.0595370911297
2023121005_2288_43350,43350,SPLIT_DEEP,False,24.461787310623397,Vonn Bell,20.6526860708004,3.809101239822997,15.654605317296461,8.807181993326935
2023121005_2450_56011,56011,SINGLE_HIGH,False,4.571714246825549,Jordan Howden,1.8520447854718323,2.719669461353717,2.1107036697125388,2.4610105771130106
2023121005_2473_56011,56011,SPLIT_DEEP,False,8.198279315516752,Jordan Howden,8.26372651179693,-0.06544719628017859,6.646252362801576,1.5520269527151758
2023121005_2836_56011,56011,SINGLE_HIGH,False,8.742060313404679,Jordan Howden,10.65536454788064,-1.9133042344759605,8.736698392339584,0.005361921065095032
2023121005_3029_45004,45004,SPLIT_DEEP,False,2.620083599865237,Xavier Woods,0.45854800805304546,2.161535591812192,0.40486337725392474,2.2152202226113125
2023121005_3300_43350,43350,SINGLE_HIGH,False,19.645263235428494,Vonn Bell,17.685328197102656,1.9599350383258383,15.995435881478045,3.6498273539504495
2023121005_3377_45004,45004,SPLIT_DEEP,False,2.111665155228605,Xavier Woods,2.0469649166044857,0.06470023862411933,0.80904773930693,1.302617415921675
2023121005_3468_40017,40017,SPLIT_DEEP,True,9.581612191792258,Tyrann Mathieu,7.263007486710684,2.318604705081574,8.974353167613879,0.6072590241783793
2023121005_3537_40017,40017,SPLIT_DEEP,True,13.593447874575062,Tyrann Mathieu,10.537550557134333,3.0558973174407296,13.277891086509502,0.3155567880655603
2023121005_3537_47837,47837,SPLIT_DEEP,False,18.6511924405172,Lonnie Johnson,12.89239655471002,5.75879588580718,13.491611322290842,5.159581118226358
2023121005_3931_40017,40017,SINGLE_HIGH,True,1.5078043272224644,Tyrann Mathieu,7.922594680820001,-6.414790353597537,7.58640213826893,-6.078597811046466
2023121006_308_54502,54502,SINGLE_HIGH,True,5.43627618647238,Jalen Pitre,4.1619515034368115,1.2743246830355686,3.610209933280288,1.8260662531920921
2023121006_1062_46186,46186,SPLIT_DEEP,False,26.949721912211164,Jordan Whitehead,16.502707464566406,10.447014447644758,16.2796559534698,10.670065958741365
2023121006_1062_54833,54833,SPLIT_DEEP,False,13.270142770780186,Tony Adams,14.78068936976411,-1.5105465989839235,15.887238633838987,-2.6170958630588004
2023121006_1495_54502,54502,SINGLE_HIGH,True,17.271705447494906,Jalen Pitre,9.949743811421152,7.321961636073754,9.962298557066642,7.309406890428264
2023121006_1756_41256,41256,SINGLE_HIGH,False,2.9299139488197863,Jimmie Ward,2.2813299593369414,0.6485839894828449,2.1398454875218524,0.7900684612979338
2023121006_1912_46186,46186,SPLIT_DEEP,False,0.0018480637745259,Jordan Whitehead,1.378467757015853,-1.376619693241327,1.3077616067259132,-1.3059135429513873
2023121006_2207_41256,41256,SINGLE_HIGH,False,6.180791880646399,Jimmie Ward,4.536793892145186,1.643997988501213,4.126753203216229,2.05403867743017
2023121006_2296_46186,46186,SPLIT_DEEP,False,2.1782759774264315,Jordan Whitehead,1.4062131426551003,0.7720628347713312,0.9786214505753463,1.1996545268510852
2023121006_2716_54833,54833,SINGLE_HIGH,False,0.5486758267706469,Tony Adams,0.34547065627246126,0.2032051704981856,1.6533212354724913,-1.1046454087018445
2023121006_2811_54502,54502,SINGLE_HIGH,True,4.910997239165761,Jalen Pitre,2.3158772651441186,2.5951199740216424,2.454111404882606,2.456885834283155
2023121006_3233_54502,54502,SPLIT_DEEP,True,4.051063054591678,Jalen Pitre,4.684021787804907,-0.6329587332132292,2.8359649298771767,1.2150981247145012
2023121006_3258_54502,54502,SINGLE_HIGH,True,1.9301450899042187,Jalen Pitre,1.6459014216932386,0.2842436682109801,1.5754193917201063,0.3547256981841125
2023121006_3442_46186,46186,SINGLE_HIGH,False,3.7178443566004633,Jordan Whitehead,4.815158620937074,-1.0973142643366103,4.590825246623769,-0.8729808900233058
2023121006_3485_41256,41256,SPLIT_DEEP,False,6.956272790251994,Jimmie Ward,3.5838164806341304,3.3724563096178635,3.700573517113221,3.255699273138773
2023121006_3616_46186,46186,SPLIT_DEEP,False,1.2055139174670906,Jordan Whitehead,1.8642431218702227,-0.6587292044031321,1.0504970142428611,0.15501690322422945
2023121006_3644_46186,46186,SINGLE_HIGH,False,5.302095906432152,Jordan Whitehead,5.941712377810015,-0.6396164713778631,8.136536257772834,-2.8344403513406817
2023121006_3671_46186,46186,SINGLE_HIGH,False,-2.9736252871611786,Jordan Whitehead,1.4574551756618563,-4.431080462823035,2.0030186483489,-4.976643935510078
2023121007_253_38559,38559,SINGLE_HIGH,False,17.49464841983187,Harrison Smith,11.693685099004528,5.800963320827341,12.251197931571618,5.243450488260251
2023121007_401_53472,53472,SPLIT_DEEP,True,3.0216218502322603,Tre'von Moehrig,1.6612806382070848,1.3603412120251754,2.0380541819958182,0.983567668236442
2023121007_837_47974,47974,SPLIT_DEEP,True,2.4443974449673025,Marcus Epps,2.0937541400482114,0.3506433049190911,1.1878072934777872,1.2565901514895153
2023121007_1027_47974,47974,SINGLE_HIGH,True,-0.3770827925424242,Marcus Epps,5.525478464430681,-5.902561256973105,4.1113475759666125,-4.488430368509037
2023121007_1103_47974,47974,SINGLE_HIGH,True,2.5399969293343565,Marcus Epps,1.4885060125628244,1.051490916771532,1.6257736643121383,0.9142232650222182
2023121007_1247_47974,47974,SINGLE_HIGH,True,0.7448067457175398,Marcus Epps,5.342118341617886,-4.597311595900346,6.803395358063136,-6.058588612345596
2023121007_1277_53472,53472,SPLIT_DEEP,True,3.4144269000291567,Tre'von Moehrig,1.0176779318964244,2.3967489681327323,1.3346927372095436,2.079734162819613
2023121007_1496_47974,47974,SPLIT_DEEP,True,-2.5205930313841662,Marcus Epps,4.781821648789658,-7.302414680173825,6.094104862543365,-8.61469789392753
2023121007_1496_53472,53472,SPLIT_DEEP,True,5.160336701808949,Tre'von Moehrig,5.932464708566276,-0.7721280067573275,4.618307835006273,0.542028866802676
2023121007_2029_47974,47974,SINGLE_HIGH,True,9.717323032746076,Marcus Epps,7.290430719742509,2.4268923130035676,6.237024897705054,3.4802981350410223
2023121007_2173_53554,53554,SINGLE_HIGH,True,-2.0723417444222108,Camryn Bynum,1.5644053439194403,-3.636747088341651,1.8467622192890678,-3.9191039637112786
2023121007_2885_53472,53472,SPLIT_DEEP,True,2.255272695490776,Tre'von Moehrig,1.3398925688554515,0.9153801266353243,2.028645869664846,0.22662682582592986
2023121007_3008_53554,53554,SINGLE_HIGH,True,2.345893853007223,Camryn Bynum,2.0028229802305195,0.34307087277670334,1.6416687079895818,0.7042251450176411
2023121007_3318_47974,47974,SPLIT_DEEP,True,-1.0518750502699294,Marcus Epps,0.9603636038685615,-2.012238654138491,2.0168026383992483,-3.068677688669178
2023121007_3529_47974,47974,SINGLE_HIGH,True,7.773217187323226,Marcus Epps,11.632424885016995,-3.859207697693769,11.289906137907133,-3.516688950583907
2023121007_3732_47974,47974,SPLIT_DEEP,True,2.7501859333616903,Marcus Epps,2.854951890257294,-0.10476595689560364,2.312494566248944,0.4376913671127465
2023121008_174_55952,55952,SINGLE_HIGH,False,20.61346593623399,Ji'Ayir Brown,19.7233014364883,0.8901644997456906,16.654267958838904,3.9591979773950854
2023121008_356_38868,38868,SPLIT_DEEP,True,8.060762061480387,Tashaun Gipson,8.515805267774367,-0.4550432062939791,8.881568227253226,-0.8208061657728383
2023121008_356_55952,55952,SPLIT_DEEP,False,15.568138465673222,Ji'Ayir Brown,10.111070391243242,5.45706807442998,9.081955909895575,6.486182555777647
2023121008_459_42543,42543,SPLIT_DEEP,True,3.5539561256284897,Quandre Diggs,1.5978852799852947,1.956070845643195,0.898429312311249,2.6555268133172407
2023121008_652_42543,42543,SINGLE_HIGH,True,-1.7512980979385675,Quandre Diggs,1.6628905028337995,-3.414188600772367,2.066680547652634,-3.817978645591202
2023121008_978_42543,42543,SPLIT_DEEP,True,1.1451533276294654,Quandre Diggs,2.759333828669292,-1.6141805010398267,2.928822386924475,-1.7836690592950095
2023121008_978_47891,47891,SPLIT_DEEP,True,2.0973448272886372,Julian Love,2.2364559758992417,-0.13911114861060447,2.184012350271061,-0.08666752298242386
2023121008_1279_47891,47891,SPLIT_DEEP,True,1.363464830817434,Julian Love,1.7782220392029573,-0.4147572083855233,0.7949072546044427,0.5685575762129913
2023121008_1383_42543,42543,SINGLE_HIGH,True,16.37073858221559,Quandre Diggs,15.708945881292578,0.6617927009230122,14.054025446912883,2.3167131353027077
2023121008_1770_47891,47891,SPLIT_DEEP,True,1.462515617065236,Julian Love,1.5679707294457563,-0.1054551123805203,0.5822733813430485,0.8802422357221875
2023121008_1954_55952,55952,SPLIT_DEEP,False,2.2442719242084292,Ji'Ayir Brown,0.7758204227206967,1.4684515014877326,1.0998846374487972,1.144387286759632
2023121008_2404_42543,42543,SPLIT_DEEP,True,-1.0449982293942064,Quandre Diggs,11.54327011448715,-12.588268343881357,11.152733014847218,-12.197731244241425
2023121008_2404_47891,47891,SPLIT_DEEP,True,15.539633294507489,Julian Love,10.774024091442215,4.765609203065274,9.703346583697645,5.836286710809844
2023121008_2655_38868,38868,SINGLE_HIGH,True,-1.1356862079131993,Tashaun Gipson,3.547270808924516,-4.682957016837715,4.451997594058858,-5.587683801972057
2023121008_2829_42543,42543,SINGLE_HIGH,True,3.9415648644852457,Quandre Diggs,5.53898423973458,-1.5974193752493342,5.205118533581012,-1.2635536690957663
2023121008_2904_55952,55952,SINGLE_HIGH,False,15.818628635248848,Ji'Ayir Brown,11.961279919480884,3.857348715767964,13.565973387136768,2.252655248112079
2023121008_2953_42543,42543,SINGLE_HIGH,True,-4.720454423887771,Quandre Diggs,3.592198308590254,-8.312652732478025,3.5774942194001786,-8.297948643287949
2023121008_3027_38868,38868,SPLIT_DEEP,True,6.056285184058069,Tashaun Gipson,0.9635482029556595,5.0927369811024095,0.9919835503208372,5.064301633737232
2023121008_3027_55952,55952,SPLIT_DEEP,False,-0.3915120722355905,Ji'Ayir Brown,0.4895009204810596,-0.8810129927166501,1.3861597537720254,-1.7776718260076159
2023121008_3659_42543,42543,SPLIT_DEEP,True,6.084150387567609,Quandre Diggs,4.923818181833185,1.1603322057344245,4.057863556467778,2.0262868310998314
2023121008_3659_47891,47891,SPLIT_DEEP,True,5.309064243404261,Julian Love,4.727312955442932,0.5817512879613291,5.625274414267141,-0.3162101708628793
2023121009_153_40107,40107,SPLIT_DEEP,True,5.1181579629856255,Micah Hyde,5.350860627481667,-0.23270266449604105,4.571360186962293,0.5467977760233325
2023121009_153_40166,40166,SPLIT_DEEP,False,3.6585548056017103,Jordan Poyer,8.190566413156864,-4.5320116075551535,8.08148752233929,-4.422932716737579
2023121009_644_47882,47882,SINGLE_HIGH,False,0.3111791460683637,Mike Edwards,1.0020742480550275,-0.6908951019866638,1.1959063291331855,-0.8847271830648218
2023121009_816_46137,46137,SPLIT_DEEP,False,3.278833669192809,Justin Reid,0.4767729630538855,2.8020607061389233,0.30468484160444653,2.9741488275883623
2023121009_1272_40107,40107,SINGLE_HIGH,True,-2.20831584213801,Micah Hyde,1.2975794876335993,-3.505895329771609,2.1271279326879657,-4.3354437748259755
2023121009_1295_40107,40107,SPLIT_DEEP,True,-0.5297416494948521,Micah Hyde,6.394659863617231,-6.924401513112083,6.329254656002297,-6.858996305497149
2023121009_1295_47844,47844,SPLIT_DEEP,False,6.12202663333661,Taylor Rapp,5.408025054042468,0.7140015792941421,5.677017372486294,0.4450092608503162
2023121009_1320_40107,40107,SPLIT_DEEP,True,7.369768273297494,Micah Hyde,4.358138487022846,3.0116297862746473,2.9373059821722904,4.432462291125203
2023121009_1395_47844,47844,SINGLE_HIGH,False,-0.9111358202497372,Taylor Rapp,-0.6217477656443955,-0.28938805460534167,1.9216406709999365,-2.832776491249674
2023121009_1644_55984,55984,SPLIT_DEEP,False,5.783411925965714,Chamarri Conner,1.926060707629571,3.857351218336143,1.298327496273739,4.485084429691975
2023121009_2056_46137,46137,SPLIT_DEEP,False,-0.134509797639156,Justin Reid,5.6049150739917,-5.739424871630856,5.387338174266608,-5.521847971905764
2023121009_2134_55984,55984,SPLIT_DEEP,False,14.801530104213736,Chamarri Conner,12.177740352610089,2.6237897516036472,12.560818379859239,2.2407117243544974
2023121009_3152_47844,47844,SINGLE_HIGH,False,1.3368954975072227,Taylor Rapp,1.3223879778239807,0.014507519683242043,0.9239355653017256,0.4129599322054971
2023121009_3234_46137,46137,SPLIT_DEEP,False,1.184207485865795,Justin Reid,1.0962902554858005,0.08791723037999444,0.5528822297184668,0.6313252561473282
2023121009_3594_47882,47882,SPLIT_DEEP,False,6.383303293326397,Mike Edwards,2.5124007841570513,3.8709025091693454,1.7290154955677597,4.654287797758637
2023121009_4037_55984,55984,SINGLE_HIGH,False,6.080778122431989,Chamarri Conner,4.891437277057883,1.1893408453741054,4.332407940690903,1.7483701817410857
2023121009_4231_47882,47882,SINGLE_HIGH,False,10.015157447503208,Mike Edwards,5.167782211324338,4.84737523617887,4.851606789792152,5.163550657711056
2023121010_599_43387,43387,SPLIT_DEEP,True,-4.113896765289571,Justin Simmons,-0.8719342183257901,-3.241962546963781,0.5628231503264107,-4.6767199156159815
2023121010_599_48447,48447,SPLIT_DEEP,False,4.844997275075528,P.J. Locke,2.5233167643513923,2.3216805107241356,1.7009074961240351,3.1440897789514928
2023121010_1241_46086,46086,SINGLE_HIGH,True,16.338356367812914,Derwin James,15.967641141349992,0.3707152264629219,17.436982936042504,-1.0986265682295908
2023121010_1595_46086,46086,SPLIT_DEEP,True,18.416720966322053,Derwin James,16.2843530271321,2.1323679391899546,15.866622133645524,2.550098832676529
2023121010_2036_52594,52594,SINGLE_HIGH,True,11.535778760016845,Alohi Gilman,8.739734445919359,2.796044314097486,7.923837177654418,3.6119415823624266
2023121010_3281_43387,43387,SPLIT_DEEP,True,2.773718322763486,Justin Simmons,2.0256196132045923,0.7480987095588936,1.5864756969709006,1.1872426257925852
2023121010_3311_43387,43387,SINGLE_HIGH,True,6.123622315648699,Justin Simmons,2.3153841305876752,3.808238185061024,1.410318618458744,4.713303697189955
2023121010_3334_48447,48447,SINGLE_HIGH,False,5.6165275295926165,P.J. Locke,2.0602696717903908,3.5562578578022257,1.7756887469601699,3.8408387826324466
2023121010_3486_43387,43387,SPLIT_DEEP,True,20.28584375641964,Justin Simmons,19.7712285793237,0.5146151770959406,16.67559028509016,3.6102534713294823
2023121010_3486_48447,48447,SPLIT_DEEP,False,23.40764829854224,P.J. Locke,16.664633824572615,6.743014473969627,16.755484125287087,6.652164173255155
2023121010_3511_48447,48447,SPLIT_DEEP,False,-3.630515469091269,P.J. Locke,1.220210574992219,-4.850726044083488,0.6148388124074042,-4.245354281498673
2023121010_4141_43387,43387,SPLIT_DEEP,True,0.1389916261100126,Justin Simmons,13.697156218157472,-13.55816459204746,12.88039845600266,-12.741406829892647
2023121010_4141_48447,48447,SPLIT_DEEP,False,17.555308341035108,P.J. Locke,10.338159599619807,7.217148741415301,13.175323719204481,4.379984621830626
2023121011_468_47996,47996,SPLIT_DEEP,False,3.600089723008229,Donovan Wilson,1.8226673137598213,1.7774224092484077,0.9762397354290329,2.623849987579196
2023121011_753_54808,54808,SPLIT_DEEP,True,6.379829560480481,Reed Blankenship,5.658759791255446,0.7210697692250347,4.616687506665838,1.7631420538146427
2023121011_776_54808,54808,SPLIT_DEEP,True,8.43673674618976,Reed Blankenship,4.202742184722577,4.233994561467183,5.15191135277642,3.2848253934133407
2023121011_776_55931,55931,SPLIT_DEEP,False,1.6393745706133434,Sydney Brown,4.687347451921988,-3.0479728813086444,5.339974551650314,-3.7005999810369703
2023121011_845_54808,54808,SPLIT_DEEP,True,2.147997579484612,Reed Blankenship,2.2031149923881403,-0.05511741290352834,1.1549507473143237,0.9930468321702883
2023121011_1081_54808,54808,SPLIT_DEEP,True,3.391925915127997,Reed Blankenship,0.590576249573848,2.8013496655541488,1.2420532880588802,2.149872627069117
2023121011_1214_44827,44827,SINGLE_HIGH,True,10.481835551697362,Malik Hooker,2.8078520802188334,7.673983471478529,2.9092333970529918,7.57260215464437
2023121011_1315_44827,44827,SINGLE_HIGH,True,13.14575496784647,Malik Hooker,11.188375076172763,1.9573798916737069,10.255944997622986,2.8898099702234834
2023121011_1403_54808,54808,SPLIT_DEEP,True,-0.8894696388482357,Reed Blankenship,0.9144273633885142,-1.80389700223675,0.47136228884577847,-1.3608319276940142
2023121011_2074_43353,43353,SPLIT_DEEP,False,2.2765121758125932,Kevin Byard,3.720629949741846,-1.4441177739292526,4.355872319231762,-2.0793601434191684
2023121011_2228_43353,43353,SINGLE_HIGH,False,2.218214349851566,Kevin Byard,3.177802483244133,-0.9595881333925669,3.7299113560081363,-1.5116970061565702
2023121011_2395_47996,47996,SPLIT_DEEP,False,5.648924237450162,Donovan Wilson,3.691876781754653,1.9570474556955086,4.6251862785341435,1.0237379589160183
2023121011_2721_55931,55931,SPLIT_DEEP,False,19.36039154158041,Sydney Brown,12.130489094335598,7.229902447244811,13.612705917686263,5.747685623894146
2023121011_3091_43353,43353,SPLIT_DEEP,False,1.0350486366864375,Kevin Byard,1.762686094212916,-0.7276374575264786,1.2252738585298157,-0.1902252218433782
2023121011_3480_44827,44827,SPLIT_DEEP,True,10.347418484643034,Malik Hooker,9.035071910603161,1.3123465740398732,9.510212106763325,0.8372063778797099
2023121011_4203_55931,55931,SINGLE_HIGH,False,20.513762117160944,Sydney Brown,12.428636075417815,8.085126041743129,15.715764766935173,4.797997350225771
2023121100_103_52478,52478,SPLIT_DEEP,False,1.953681592188138,Brandon Jones,0.740528880464107,1.213152711724031,0.767310883916883,1.1863707082712551
2023121100_190_47899,47899,SPLIT_DEEP,False,0.6022215851608395,Amani Hooker,0.5360412250233931,0.06618036013744633,0.5440960733579061,0.05812551180293335
2023121100_190_52535,52535,SPLIT_DEEP,False,-5.927331780898701,K'Von Wallace,0.9291006479342598,-6.856432428832961,1.4641240442002905,-7.3914558250989915
2023121100_272_52535,52535,SPLIT_DEEP,False,4.892637521071968,K'Von Wallace,3.138478950846983,1.7541585702249853,4.325933856432564,0.5667036646394044
2023121100_297_52535,52535,SPLIT_DEEP,False,4.244775680750999,K'Von Wallace,1.882261199825019,2.3625144809259804,1.2300122453704576,3.0147634353805417
2023121100_474_52478,52478,SPLIT_DEEP,False,1.923230896665004,Brandon Jones,1.646542111429436,0.27668878523556795,1.1214956366205664,0.8017352600444376
2023121100_578_52478,52478,SPLIT_DEEP,False,0.5891890824618984,Brandon Jones,0.6372432781139742,-0.048054195652075804,0.17627228218102786,0.4129168002808705
2023121100_791_52535,52535,SINGLE_HIGH,False,1.402631805418194,K'Von Wallace,1.6233819266237979,-0.22075012120560378,2.702562018093025,-1.299930212674831
2023121100_945_47899,47899,SPLIT_DEEP,False,3.898074192857605,Amani Hooker,1.5105245633275266,2.387549629530078,0.8679882063818294,3.0300859864757754
2023121100_1177_52478,52478,SINGLE_HIGH,False,-2.287617797739067,Brandon Jones,1.493342582422961,-3.7809603801620275,2.579744801117874,-4.867362598856941
2023121100_1862_47899,47899,SPLIT_DEEP,False,6.187246854153249,Amani Hooker,0.9432557754195938,5.2439910787336546,2.1396296035194498,4.047617250633799
2023121100_1862_52535,52535,SPLIT_DEEP,False,1.2248615835824117,K'Von Wallace,1.5713835266370442,-0.34652194305463246,2.3841674809047504,-1.1593058973223387
2023121100_1936_46259,46259,SPLIT_DEEP,True,5.402707657142731,DeShon Elliott,2.4817685040561615,2.9209391530865694,3.57482822018234,1.8278794369603908
2023121100_2045_46501,46501,SPLIT_DEEP,False,17.0963912468992,Elijah Campbell,19.54094857679457,-2.444557329895371,16.15846442267235,0.9379268242268495
2023121100_2045_52478,52478,SPLIT_DEEP,False,21.92716586947314,Brandon Jones,20.6085579729029,1.3186078965702386,16.59566866985972,5.33149719961342
2023121100_2100_52478,52478,SPLIT_DEEP,False,-4.281911768340816,Brandon Jones,2.082452982684799,-6.364364751025615,2.345151630247585,-6.627063398588401
2023121100_2263_52535,52535,SPLIT_DEEP,False,2.280934462423506,K'Von Wallace,1.9831631534076888,0.29777130901581716,1.904578184757324,0.37635627766618196
2023121100_2654_52478,52478,SINGLE_HIGH,False,24.365546894896855,Brandon Jones,22.04542924568315,2.3201176492137066,17.025900347171426,7.33964654772543
2023121100_2734_52535,52535,SINGLE_HIGH,False,0.8236608892729627,K'Von Wallace,-1.11939333809246,1.9430542273654228,0.9565629333440508,-0.1329020440710882
2023121100_2915_52478,52478,SPLIT_DEEP,False,6.692791601488056,Brandon Jones,4.532001126516159,2.160790474971898,3.661533742963541,3.0312578585245156
2023121100_3033_52478,52478,SINGLE_HIGH,False,10.441984675669708,Brandon Jones,9.082210869520834,1.3597738061488744,9.394395057355467,1.047589618314241
2023121100_3267_47899,47899,SINGLE_HIGH,False,4.832106007185839,Amani Hooker,7.115629439542688,-2.2835234323568487,7.516237736353344,-2.684131729167505
2023121100_3366_47899,47899,SINGLE_HIGH,False,1.6832169800996797,Amani Hooker,12.529860825008932,-10.846643844909252,11.263624208780472,-9.580407228680793
2023121100_4299_46501,46501,SPLIT_DEEP,False,9.446743313689543,Elijah Campbell,5.63403624184067,3.812707071848873,5.637035713417904,3.809707600271639
2023121100_4506_46501,46501,SPLIT_DEEP,False,-9.357628352020951,Elijah Campbell,4.863134756246192,-14.220763108267143,6.158363602643435,-15.515991954664386
2023121100_4506_52478,52478,SPLIT_DEEP,False,-6.952972657317037,Brandon Jones,5.059239063999629,-12.012211721316667,6.119838862774646,-13.072811520091683
2023121100_4775_52535,52535,SPLIT_DEEP,False,2.1953595008425215,K'Von Wallace,0.7444616492468235,1.450897851595698,0.44599411329786776,1.7493653875446538
2023121101_1100_47804,47804,SINGLE_HIGH,False,3.9804506902764287,Darnell Savage,1.7742768613831645,2.206173828893264,1.296331462687375,2.6841192275890537
2023121101_1306_52444,52444,SINGLE_HIGH,True,5.610608776917786,Xavier McKinney,6.862588322773792,-1.2519795458560061,5.922406056767581,-0.3117972798497952
2023121101_1697_53604,53604,SINGLE_HIGH,True,10.909401154992818,Jason Pinnock,8.485620444631566,2.4237807103612514,8.582774111513356,2.326627043479462
2023121101_2028_53604,53604,SPLIT_DEEP,True,7.579217010509048,Jason Pinnock,3.707658814245393,3.871558196263655,6.020579882410869,1.5586371280981783
2023121101_2553_52444,52444,SPLIT_DEEP,True,2.365927430271178,Xavier McKinney,0.8492711184891096,1.5166563117820684,0.9681911115287658,1.397736318742412
2023121101_2907_47804,47804,SINGLE_HIGH,False,3.036270190679435,Darnell Savage,12.576339581311212,-9.540069390631777,10.50621565813675,-7.469945467457315
2023121101_3201_53604,53604,SINGLE_HIGH,True,-0.8153422542956026,Jason Pinnock,2.2951806052238757,-3.1105228595194783,2.801906418884985,-3.6172486731805877
2023121101_3499_53604,53604,SINGLE_HIGH,True,-8.185257572532413,Jason Pinnock,6.18569810806634,-14.370955680598753,4.324897407042717,-12.51015497957513
2023121101_3636_52444,52444,SPLIT_DEEP,True,12.420872576721887,Xavier McKinney,11.136207325970824,1.284665250751063,11.26692875291326,1.1539438238086266
2023121101_3868_53604,53604,SINGLE_HIGH,True,12.054698663515408,Jason Pinnock,11.216279424054688,0.8384192394607197,10.414902655765093,1.6397960077503146
2023121101_4083_47804,47804,SPLIT_DEEP,False,3.210949729093528,Darnell Savage,1.4227755468331642,1.7881741822603638,0.8537301762931708,2.357219552800357
2023121400_192_52542,52542,SPLIT_DEEP,False,18.048245652678695,Jaylinn Hawkins,12.964525934892219,5.083719717786476,14.16474725048591,3.883498402192785
2023121400_192_52594,52594,SPLIT_DEEP,True,18.062329826985582,Alohi Gilman,16.227343660547593,1.8349861664379894,15.645979398477381,2.416350428508201
2023121400_365_52594,52594,SPLIT_DEEP,True,1.688493994906306,Alohi Gilman,1.7585551539501727,-0.07006115904386667,1.2373088520114752,0.4511851428948308
2023121400_708_52542,52542,SPLIT_DEEP,False,17.060759616967545,Jaylinn Hawkins,12.718165253158114,4.342594363809431,12.822440871515779,4.238318745451766
2023121400_708_52594,52594,SPLIT_DEEP,True,-1.804838976700136,Alohi Gilman,13.06253006106646,-14.867369037766595,12.720690419157318,-14.525529395857454
2023121400_1751_53472,53472,SPLIT_DEEP,True,1.787064293788811,Tre'von Moehrig,1.3770440898077572,0.4100202039810539,2.409572909083235,-0.6225086152944241
2023121400_1904_52594,52594,SPLIT_DEEP,True,4.786591656663229,Alohi Gilman,0.8849545854052826,3.9016370712579467,1.0302179317291174,3.756373724934112
2023121400_2274_52594,52594,SINGLE_HIGH,True,-2.264489930647851,Alohi Gilman,7.965280147597403,-10.229770078245254,6.21634412211299,-8.48083405276084
2023121400_3187_47974,47974,SPLIT_DEEP,True,12.43194898386059,Marcus Epps,13.467771995966196,-1.035823012105606,14.024932927361778,-1.5929839435011885
2023121400_3187_53472,53472,SPLIT_DEEP,True,16.48636563853497,Tre'von Moehrig,14.819208744848938,1.6671568936860321,14.861445781714046,1.6249198568209238
2023121400_3655_56035,56035,SINGLE_HIGH,False,-4.460544902912771,Chris Smith II,6.240404674680851,-10.700949577593622,6.703182299390701,-11.163727202303471
2023121400_3680_55100,55100,SINGLE_HIGH,False,4.325206914207545,Isaiah Pola-Mao,0.7795617462988818,3.5456451679086634,1.457228434671908,2.867978479535637
2023121600_202_53554,53554,SINGLE_HIGH,True,9.45135761388959,Camryn Bynum,11.169722167584709,-1.7183645536951193,10.171825364439794,-0.7204677505502044
2023121600_1049_53554,53554,SINGLE_HIGH,True,14.232177861669276,Camryn Bynum,18.693173783994105,-4.4609959223248286,16.60296318624499,-2.370785324575712
2023121600_1280_55960,55960,SINGLE_HIGH,False,1.2007986183440025,Jordan Battle,1.1840471000487156,0.01675151829528687,2.2880018230198704,-1.087203204675868
2023121600_1910_38559,38559,SPLIT_DEEP,False,19.307278001164224,Harrison Smith,19.010026082233658,0.29725191893056646,15.672105750073742,3.6351722510904825
2023121600_1910_52613,52613,SPLIT_DEEP,False,23.02228636612775,Josh Metellus,15.696346625789248,7.325939740338503,16.179449006145116,6.842837359982635
2023121600_1910_53554,53554,SPLIT_DEEP,True,17.766584873902385,Camryn Bynum,19.47054750912781,-1.7039626352254267,17.51807404787389,0.24851082602849672
2023121600_2477_55960,55960,SINGLE_HIGH,False,5.369377858583594,Jordan Battle,3.4723312186963713,1.8970466398872223,4.470875378229575,0.8985024803540185
2023121600_2848_38559,38559,SPLIT_DEEP,False,2.7963482788060956,Harrison Smith,2.0680687262362043,0.7282795525698913,1.8254803183031338,0.9708679605029618
2023121600_2848_53554,53554,SPLIT_DEEP,True,-2.9456544856361813,Camryn Bynum,1.4544183670263355,-4.400072852662516,1.9055342306292484,-4.85118871626543
2023121600_2972_55960,55960,SINGLE_HIGH,False,1.2380759597412094,Jordan Battle,13.422712090744106,-12.184636131002897,11.763555277028882,-10.525479317287672
2023121600_3138_53554,53554,SPLIT_DEEP,True,2.886487936344744,Camryn Bynum,0.47409930412103074,2.4123886322237134,1.4445400004318785,1.4419479359128657
2023121600_4168_53554,53554,SPLIT_DEEP,True,14.252808080483716,Camryn Bynum,11.357648046633697,2.8951600338500185,10.616441846253021,3.636366234230694
2023121600_4385_53554,53554,SINGLE_HIGH,True,2.8582667699350166,Camryn Bynum,4.161027680024368,-1.3027609100893516,3.21104932974883,-0.35278255981381346
2023121601_354_44962,44962,SPLIT_DEEP,True,3.803748471534107,Damontae Kazee,2.669320616410929,1.1344278551231781,1.5822356179796238,2.2215128535544832
2023121601_524_54704,54704,SINGLE_HIGH,True,-6.914526029633199,Rodney Thomas,1.1540873300128458,-8.068613359646045,2.089611692141439,-9.004137721774638
2023121601_1056_44962,44962,SPLIT_DEEP,True,5.155417655379209,Damontae Kazee,1.6920019977193195,3.463415657659889,1.4727725739922004,3.682645081387008
2023121601_1056_46080,46080,SPLIT_DEEP,False,-0.9669321743772824,Minkah Fitzpatrick,1.6563050610804717,-2.6232372354577542,0.9848466442921104,-1.9517788186693927
2023121601_1378_54561,54561,SINGLE_HIGH,False,12.961978410831447,Nick Cross,9.761538007893781,3.200440402937666,11.99290178320632,0.9690766276251281
2023121601_1489_46080,46080,SINGLE_HIGH,False,7.918939014172467,Minkah Fitzpatrick,5.450947658187633,2.467991355984834,3.5512488275335015,4.367690186638965
2023121601_1884_52493,52493,SPLIT_DEEP,False,7.862448120359906,Julian Blackmon,5.03729145456717,2.8251566657927354,6.786252188369719,1.0761959319901866
2023121601_2204_52493,52493,SPLIT_DEEP,False,7.4758466048426655,Julian Blackmon,7.626425668967309,-0.15057906412464384,7.692794590927238,-0.21694798608457244
2023121601_2204_54704,54704,SPLIT_DEEP,True,8.79422455566978,Rodney Thomas,7.759233425839841,1.0349911298299395,6.23693416987859,2.55729038579119
2023121601_2940_54704,54704,SPLIT_DEEP,True,10.736402655619196,Rodney Thomas,3.829548451244426,6.9068542043747705,4.237552646957347,6.498850008661849
2023121601_2987_52493,52493,SPLIT_DEEP,False,1.827327561800482,Julian Blackmon,0.5346670928962006,1.2926604689042813,0.9436154095135283,0.8837121522869538
2023121601_3562_54561,54561,SPLIT_DEEP,False,2.6025092335080906,Nick Cross,1.7155835825782386,0.886925650929852,2.6024312152952973,7.801821279329602e-05
2023121601_3710_52493,52493,SPLIT_DEEP,False,4.24605235756528,Julian Blackmon,0.3682249930570714,3.877827364508209,1.2109529359107203,3.03509942165456
2023121601_3710_54561,54561,SPLIT_DEEP,False,-2.785258923492572,Nick Cross,2.9735885322005964,-5.758847455693168,2.873205188180054,-5.658464111672626
2023121602_115_43387,43387,SINGLE_HIGH,True,15.89486328814642,Justin Simmons,10.140795003298162,5.754068284848257,9.071518180201164,6.823345107945256
2023121602_612_48447,48447,SPLIT_DEEP,False,3.797711136205251,P.J. Locke,5.410262016565838,-1.6125508803605868,3.738467018274103,0.05924411793114803
2023121602_694_48447,48447,SPLIT_DEEP,False,18.049266402277368,P.J. Locke,15.953477880782376,2.095788521494992,14.441846204154977,3.607420198122391
2023121602_995_43387,43387,SINGLE_HIGH,True,-1.819709525078277,Justin Simmons,1.930807045146317,-3.750516570224594,1.9442613637501074,-3.7639708888283847
2023121602_1114_43387,43387,SINGLE_HIGH,True,-5.839275966212611,Justin Simmons,1.7654729520799142,-7.604748918292525,2.225388107336335,-8.064664073548947
2023121602_1294_43387,43387,SINGLE_HIGH,True,5.658725500084314,Justin Simmons,9.421209804548136,-3.762484304463822,7.57236641986023,-1.9136409197759159
2023121602_1718_43387,43387,SPLIT_DEEP,True,2.3884533313013394,Justin Simmons,1.5817819956882269,0.8066713356131126,1.3192892830317948,1.0691640482695446
2023121602_1918_48447,48447,SPLIT_DEEP,False,5.421907173391853,P.J. Locke,1.3714582157248714,4.0504489576669815,2.587299155224059,2.8346080181677937
2023121602_1948_43387,43387,SINGLE_HIGH,True,-1.8514063270254777,Justin Simmons,1.7771051360548609,-3.6285114630803386,1.8296175643671182,-3.681023891392596
2023121602_2442_43387,43387,SPLIT_DEEP,True,-2.834300198845394,Justin Simmons,1.4967763562528653,-4.331076555098259,2.1049323359280727,-4.939232534773467
2023121602_2442_48447,48447,SPLIT_DEEP,False,3.953039135565363,P.J. Locke,0.8102864441686156,3.142752691396747,1.1270964691294,2.825942666435963
2023121602_2467_48447,48447,SPLIT_DEEP,False,-9.30880007204218,P.J. Locke,3.5890110534839232,-12.897811125526104,3.1376474489881065,-12.446447521030287
2023121602_2826_54562,54562,SINGLE_HIGH,True,1.9747310852308733,Kerby Joseph,2.785518051798476,-0.8107869665676026,3.1708878906809943,-1.196156805450121
2023121602_3301_53530,53530,SPLIT_DEEP,False,0.2765409975794028,Ifeatu Melifonwu,1.3765353557827107,-1.0999943582033078,0.8266431232310616,-0.5501021256516587
2023121602_3301_54562,54562,SPLIT_DEEP,True,4.08016335988732,Kerby Joseph,1.2232562193194545,2.8569071405678654,1.1242950800064708,2.955868279880849
2023121602_3372_54562,54562,SINGLE_HIGH,True,-4.988933323161174,Kerby Joseph,14.001829467395885,-18.990762790557056,16.147719605379848,-21.13665292854102
2023121602_3602_53530,53530,SPLIT_DEEP,False,2.861746636786994,Ifeatu Melifonwu,0.6936178288299564,2.1681288079570376,1.0319634943372487,1.8297831424497453
2023121700_413_52453,52453,SINGLE_HIGH,True,1.766631443161689,Antoine Winfield Jr.,4.7171419513215564,-2.9505105081598675,3.7272193501665427,-1.9605879070048537
2023121700_781_45021,45021,SPLIT_DEEP,False,2.601637309773654,Rudy Ford,1.6535429158292754,0.9480943939443787,0.8427572201474884,1.7588800896261656
2023121700_878_45021,45021,SINGLE_HIGH,False,6.586881609854771,Rudy Ford,4.362350043746971,2.2245315661078005,3.205286185825287,3.3815954240294843
2023121700_962_52453,52453,SINGLE_HIGH,True,3.766719568061216,Antoine Winfield Jr.,1.3703233579833967,2.3963962100778193,0.8935101360801259,2.87320943198109
2023121700_1466_56543,56543,SINGLE_HIGH,False,2.9395427717670586,Kaevon Merriweather,1.695226663578945,1.2443161081881136,1.8859639485441102,1.0535788232229484
2023121700_1623_46669,46669,SPLIT_DEEP,False,4.448700943298892,Jonathan Owens,1.509244900112283,2.939456043186609,1.564938397946321,2.883762545352571
2023121700_1648_45021,45021,SPLIT_DEEP,False,0.6985425848282443,Rudy Ford,2.085805758034693,-1.3872631732064487,0.7848356638135066,-0.08629307898526228
2023121700_1741_46669,46669,SPLIT_DEEP,False,-1.919661716453371,Jonathan Owens,5.282158438756849,-7.20182015521022,4.557368427956218,-6.477030144409589
2023121700_1954_56543,56543,SPLIT_DEEP,False,9.120071326428407,Kaevon Merriweather,7.944151664719971,1.175919661708436,6.789355817690979,2.330715508737428
2023121700_2062_46669,46669,SPLIT_DEEP,False,3.2462253803022563,Jonathan Owens,1.437038509282324,1.8091868710199324,1.7937982126248304,1.4524271676774259
2023121700_2062_56107,56107,SPLIT_DEEP,False,1.357183685615711,Anthony Johnson Jr.,1.5267856164861933,-0.16960193087048236,0.8198478355323093,0.5373358500834016
2023121700_2318_52453,52453,SPLIT_DEEP,True,6.241208919773783,Antoine Winfield Jr.,2.3834274957585846,3.857781424015198,1.3686209820776192,4.872587937696164
2023121700_2359_52453,52453,SINGLE_HIGH,True,8.067195606596634,Antoine Winfield Jr.,7.58589787929386,0.4812977273027741,7.622623239491341,0.4445723671052928
2023121700_2382_52453,52453,SPLIT_DEEP,True,5.78533697172113,Antoine Winfield Jr.,3.2373747946186504,2.54796217710248,2.9097963708122387,2.8755406009088915
2023121700_2382_56543,56543,SPLIT_DEEP,False,-4.168812252528598,Kaevon Merriweather,3.900464217583997,-8.069276470112595,2.678491798059448,-6.847304050588046
2023121700_2553_52453,52453,SINGLE_HIGH,True,6.011050399173334,Antoine Winfield Jr.,5.27547710246321,0.7355732967101245,3.7719845069890345,2.2390658921843
2023121700_2663_46669,46669,SPLIT_DEEP,False,-0.9043992644708538,Jonathan Owens,2.019415975779996,-2.9238152402508497,1.3916964822555737,-2.2960957467264276
2023121700_2789_45021,45021,SPLIT_DEEP,False,0.6339381459121949,Rudy Ford,0.9546102423834545,-0.3206720964712596,1.2505506865602847,-0.6166125406480898
2023121700_2789_46669,46669,SPLIT_DEEP,False,3.792795825318173,Jonathan Owens,0.9968723126645994,2.7959235126535735,1.053726557045298,2.739069268272875
2023121700_3455_52453,52453,SINGLE_HIGH,True,1.905763235665205,Antoine Winfield Jr.,1.5817795082717498,0.32398372739345516,1.302055737347711,0.6037074983174939
2023121701_299_46501,46501,SPLIT_DEEP,False,2.963846569268423,Elijah Campbell,2.6535855339304604,0.31026103533796245,3.617666391765443,-0.6538198224970202
2023121701_1300_46186,46186,SPLIT_DEEP,False,2.908377255523856,Jordan Whitehead,10.503783259627134,-7.595406004103278,13.666628432340598,-10.758251176816742
2023121701_1300_54833,54833,SPLIT_DEEP,False,13.25955945230374,Tony Adams,12.865602281865288,0.393957170438453,14.400663109183348,-1.1411036568796078
2023121701_1453_46501,46501,SPLIT_DEEP,False,12.080989154197423,Elijah Campbell,8.287159409716379,3.7938297444810445,6.943160475937361,5.137828678260062
2023121701_1687_46186,46186,SINGLE_HIGH,False,1.0221062319664431,Jordan Whitehead,1.0719579829005312,-0.04985175093408811,1.881630835129796,-0.8595246031633528
2023121701_1991_46501,46501,SPLIT_DEEP,False,12.602500114829908,Elijah Campbell,9.511783261469528,3.09071685336038,8.232055455574429,4.3704446592554795
2023121701_2195_52478,52478,SPLIT_DEEP,False,-0.3335854743805573,Brandon Jones,4.284434776693938,-4.618020251074495,4.1406271637572045,-4.474212638137762
2023121701_2686_52478,52478,SPLIT_DEEP,False,3.40176471018622,Brandon Jones,0.9572158242142377,2.444548885971982,1.686805144334656,1.7149595658515642
2023121701_2745_52478,52478,SINGLE_HIGH,False,12.848669607219067,Brandon Jones,11.05136249226625,1.797307114952817,10.972806767499705,1.8758628397193622
2023121701_3198_52478,52478,SPLIT_DEEP,False,1.6935289732484402,Brandon Jones,1.7078810467739118,-0.014352073525471631,0.6088612890753069,1.0846676841731333
2023121701_3221_52478,52478,SPLIT_DEEP,False,1.8005319183179245,Brandon Jones,1.4757199804624335,0.324811937855491,1.0100015858087756,0.7905303325091488
2023121701_3588_52478,52478,SPLIT_DEEP,False,-0.1045516718466039,Brandon Jones,1.4016424342917038,-1.5061941061383077,1.534118521818817,-1.6386701936654209
2023121701_3638_52478,52478,SPLIT_DEEP,False,-2.6205025377533104,Brandon Jones,1.5732562710673068,-4.1937588088206175,2.055078683751457,-4.675581221504768
2023121701_3732_46501,46501,SPLIT_DEEP,False,15.260183349274332,Elijah Campbell,15.947038172202062,-0.6868548229277298,15.988395345149875,-0.7282119958755437
2023121701_3732_52478,52478,SPLIT_DEEP,False,15.252204687749703,Brandon Jones,15.598513749913526,-0.3463090621638223,15.212665858405174,0.03953882934452935
2023121701_3755_46501,46501,SPLIT_DEEP,False,7.22196721700622,Elijah Campbell,18.749687785392297,-11.527720568386076,16.493286499775216,-9.271319282768996
2023121701_3755_52478,52478,SPLIT_DEEP,False,19.18085272234368,Brandon Jones,18.43205189099017,0.7488008313535097,16.438804931345707,2.7420477909979724
2023121702_55_56011,56011,SINGLE_HIGH,False,17.547781950806,Jordan Howden,13.56492928935341,3.9828526614525916,12.72745634964292,4.820325601163082
2023121702_651_52444,52444,SINGLE_HIGH,True,1.615377915961222,Xavier McKinney,7.982642765962417,-6.367264850001195,7.664770482983744,-6.049392567022522
2023121702_704_53604,53604,SINGLE_HIGH,True,2.2138191405839187,Jason Pinnock,1.7456823107026216,0.4681368298812971,2.2008583183004315,0.012960822283487161
2023121702_2010_53604,53604,SPLIT_DEEP,True,-2.8573810454786095,Jason Pinnock,0.7920372617098317,-3.649418307188441,1.5999946735614596,-4.457375719040069
2023121702_2010_54579,54579,SPLIT_DEEP,False,4.005529870077071,Dane Belton,0.613903359685856,3.391626510391215,1.3994171352373943,2.6061127348396766
2023121702_2066_52444,52444,SPLIT_DEEP,True,1.6881458748743423,Xavier McKinney,0.836914430468687,0.8512314444056553,1.7065952117257162,-0.018449336851373843
2023121703_263_41256,41256,SPLIT_DEEP,False,7.843173950034396,Jimmie Ward,5.301230722028871,2.5419432280055254,3.1723473450754422,4.670826604958954
2023121703_263_54502,54502,SPLIT_DEEP,True,-1.2540588624750235,Jalen Pitre,4.880401580836587,-6.13446044331161,3.4016134854993885,-4.655672347974412
2023121703_338_54502,54502,SINGLE_HIGH,True,6.226503321446747,Jalen Pitre,9.89018763237451,-3.6636843109277626,9.415635813547121,-3.1891324921003745
2023121703_756_42485,42485,SPLIT_DEEP,False,2.372150208906086,Adrian Amos,0.9097044878450309,1.4624457210610553,1.3196848052127326,1.0524654036933536
2023121703_803_42485,42485,SPLIT_DEEP,False,-5.57372541091523,Adrian Amos,-0.3285859137618529,-5.245139497153377,0.5432936442357725,-6.117019055151003
2023121703_937_47899,47899,SPLIT_DEEP,False,-6.299455236988772,Amani Hooker,1.1346565024134458,-7.434111739402217,0.8105089219025476,-7.109964158891319
2023121703_937_52535,52535,SPLIT_DEEP,False,4.454457352747654,K'Von Wallace,0.47274567969748665,3.9817116730501674,1.0904919319715756,3.3639654207760783
2023121703_2030_42485,42485,SPLIT_DEEP,False,-2.68881604549747,Adrian Amos,5.580045114178372,-8.268861159675842,3.9062015580790224,-6.595017603576492
2023121703_2182_52535,52535,SINGLE_HIGH,False,6.68021935571321,K'Von Wallace,4.515723020976638,2.1644963347365724,3.7413463891612704,2.9388729665519397
2023121703_2410_54502,54502,SPLIT_DEEP,True,20.86667104288201,Jalen Pitre,12.556288839076542,8.310382203805469,13.005491987157075,7.861179055724936
2023121703_2752_43474,43474,SINGLE_HIGH,False,-7.872326551568447,DeAndre Houston-Carson,5.188586403107064,-13.060912954675512,5.5784783740690855,-13.450804925637533
2023121703_3034_43474,43474,SPLIT_DEEP,False,-3.623010285425732,DeAndre Houston-Carson,1.962487537380245,-5.585497822805976,2.1572895758587354,-5.780299861284467
2023121703_3034_54502,54502,SPLIT_DEEP,True,-0.5650444289506673,Jalen Pitre,0.8947197834096462,-1.4597642123603136,1.3792869929801723,-1.9443314219308396
2023121703_3228_52535,52535,SINGLE_HIGH,False,-3.6039869946727032,K'Von Wallace,-2.1790577303031515,-1.4249292643695517,1.4242066501786041,-5.028193644851307
2023121703_3251_52535,52535,SINGLE_HIGH,False,2.213623895785365,K'Von Wallace,0.8383313848369874,1.3752925109483778,1.3473716777215383,0.8662522180638268
2023121703_3571_43474,43474,SPLIT_DEEP,False,-5.175681031305615,DeAndre Houston-Carson,10.561281452253896,-15.73696248355951,11.93612554587446,-17.111806577180076
2023121703_3571_54502,54502,SPLIT_DEEP,True,16.693838691723883,Jalen Pitre,11.13265315519592,5.561185536527963,12.933378000820962,3.760460690902921
2023121703_3594_54502,54502,SPLIT_DEEP,True,7.649727027297841,Jalen Pitre,0.3203606641184975,7.329366363179343,1.4192415540965975,6.230485473201243
2023121703_3680_43474,43474,SPLIT_DEEP,False,-2.6616443152422535,DeAndre Houston-Carson,0.6295447605690611,-3.2911890758113147,0.6890110898001076,-3.350655405042361
2023121703_3680_54502,54502,SPLIT_DEEP,True,6.899427111491963,Jalen Pitre,0.8723330363716323,6.027094075120331,1.0326175150834835,5.86680959640848
2023121703_3801_47899,47899,SPLIT_DEEP,False,6.8052816974222505,Amani Hooker,6.0478202591751815,0.757461438247069,4.461671803556475,2.343609893865776
2023121703_3824_47899,47899,SINGLE_HIGH,False,16.264774710252667,Amani Hooker,17.09011789503475,-0.8253431847820849,16.678577243944282,-0.4138025336916158
2023121703_3878_54502,54502,SPLIT_DEEP,True,23.936258452372563,Jalen Pitre,17.223417350183052,6.712841102189511,15.581999831523916,8.354258620848647
2023121703_3983_47899,47899,SPLIT_DEEP,False,2.3158307775112075,Amani Hooker,0.7833395455756418,1.5324912319355657,0.8877745453020864,1.428056232209121
2023121703_3983_53529,53529,SPLIT_DEEP,False,2.848246288640368,Elijah Molden,1.3008463542490114,1.5473999343913567,1.9708615255383686,0.8773847631019995
2023121703_4160_54502,54502,SPLIT_DEEP,True,1.634506015957796,Jalen Pitre,4.4299426593655395,-2.7954366434077436,3.3074050683414997,-1.6728990523837037
2023121703_4227_42485,42485,SPLIT_DEEP,False,12.367970030593955,Adrian Amos,17.428931404808406,-5.06096137421445,15.022983166329233,-2.6550131357352775
2023121703_4227_43474,43474,SPLIT_DEEP,False,12.712245084283392,DeAndre Houston-Carson,17.21357807028757,-4.501332986004179,15.72260342217511,-3.0103583378917183
2023121703_4421_54502,54502,SPLIT_DEEP,True,14.495057025350295,Jalen Pitre,10.32667176600339,4.1683852593469055,10.593704379175602,3.9013526461746935
2023121704_488_44848,44848,SINGLE_HIGH,False,2.9222258432206,Budda Baker,4.384277620643688,-1.4620517774230883,5.561063849205473,-2.638838005984873
2023121704_582_55952,55952,SINGLE_HIGH,False,4.056430463014525,Ji'Ayir Brown,5.7496277340119155,-1.6931972709973904,4.824683735773357,-0.768253272758832
2023121704_2024_46807,46807,SPLIT_DEEP,False,6.266281279595176,Andre Chachere,0.6532756890102545,5.613005590584921,2.0298253091367853,4.23645597045839
2023121704_2193_49410,49410,SINGLE_HIGH,False,0.6704386178202322,Jalen Thompson,1.545726267710285,-0.8752876498900528,1.664698795034539,-0.9942601772143069
2023121704_2562_55952,55952,SPLIT_DEEP,False,-3.8897244226041394,Ji'Ayir Brown,5.320523853845517,-9.210248276449656,6.240016130074359,-10.129740552678498
2023121704_2835_44848,44848,SINGLE_HIGH,False,4.677735738811366,Budda Baker,3.37339827284791,1.3043374659634561,3.7158528760669425,0.9618828627444236
2023121704_3543_38868,38868,SPLIT_DEEP,True,-5.513924437618957,Tashaun Gipson,7.675206660734684,-13.189131098353641,9.656804112412715,-15.170728550031672
2023121704_3566_38868,38868,SPLIT_DEEP,True,3.7326301616596975,Tashaun Gipson,1.242500494621996,2.4901296670377016,0.7274111003500163,3.005219061309681
2023121704_3602_38868,38868,SINGLE_HIGH,True,-4.495373446229959,Tashaun Gipson,0.7722089003170992,-5.267582346547058,3.027289430978273,-7.522662877208232
2023121704_3800_55952,55952,SPLIT_DEEP,False,13.5923906561247,Ji'Ayir Brown,9.86409049660629,3.72830015951841,9.824472364982626,3.767918291142074
2023121704_3907_40031,40031,SPLIT_DEEP,False,10.1013514632211,Logan Ryan,8.564895795879366,1.536455667341734,8.909021036602521,1.1923304266185788
2023121704_4012_55952,55952,SPLIT_DEEP,False,3.791567221746342,Ji'Ayir Brown,1.50510721363996,2.286460008106382,1.838406799829368,1.9531604219169738
2023121705_1547_52607,52607,SPLIT_DEEP,True,-5.879772744630902,Jordan Fuller,1.490873108706961,-7.370645853337863,0.5327732840260389,-6.412546028656941
2023121705_1675_52607,52607,SPLIT_DEEP,True,1.5038214980289784,Jordan Fuller,1.927723473129043,-0.42390197510006455,1.5259153003112464,-0.022093802282268094
2023121705_1867_44903,44903,SPLIT_DEEP,False,4.260941096624427,John Johnson,1.569484904275228,2.6914561923491993,1.1449706941657336,3.115970402458694
2023121705_2253_54578,54578,SINGLE_HIGH,True,13.140408277369476,Percy Butler,12.12407101678754,1.0163372605819365,13.539903204912797,-0.39949492754332105
2023121705_2378_52607,52607,SPLIT_DEEP,True,1.853041130259979,Jordan Fuller,1.8604541805077206,-0.007413050247741637,0.9345509984373912,0.9184901318225878
2023121705_2470_44903,44903,SINGLE_HIGH,False,8.632571849531292,John Johnson,5.670002083742317,2.9625697657889747,4.416196833094027,4.216375016437265
2023121705_2734_44903,44903,SINGLE_HIGH,False,15.19335428364738,John Johnson,10.303809266323059,4.889545017324322,10.922539096847927,4.270815186799453
2023121705_2779_44903,44903,SINGLE_HIGH,False,10.869358340049512,John Johnson,9.13143570673542,1.737922633314092,9.051108614207998,1.8182497258415147
2023121705_3117_44903,44903,SPLIT_DEEP,False,20.41369217546034,John Johnson,16.701434237548494,3.712257937911847,14.722001603614975,5.691690571845365
2023121705_3269_52624,52624,SINGLE_HIGH,False,9.152930062921016,Kam Curl,10.366432555611341,-1.213502492690326,10.028794960794304,-0.8758648978732886
2023121705_3372_44903,44903,SPLIT_DEEP,False,4.425699173630862,John Johnson,7.028830240846127,-2.6031310672152648,10.257350986603141,-5.831651812972279
2023121705_3372_52607,52607,SPLIT_DEEP,True,1.413902633684124,Jordan Fuller,14.801017550760744,-13.38711491707662,14.36976755605296,-12.955864922368836
2023121705_3702_52607,52607,SPLIT_DEEP,True,18.30846528021079,Jordan Fuller,15.039912654919842,3.2685526252909476,15.593979551611959,2.714485728598831
2023121705_3843_52607,52607,SPLIT_DEEP,True,7.03858526858641,Jordan Fuller,3.842144565316907,3.1964407032695035,3.616414439765455,3.4221708288209554
2023121705_3873_44903,44903,SPLIT_DEEP,False,-8.06656771428629,John Johnson,16.169502453853585,-24.236070168139875,15.197542391294315,-23.264110105580606
2023121705_3873_52607,52607,SPLIT_DEEP,True,10.11168606552668,Jordan Fuller,12.09183584074334,-1.9801497752166597,14.479617139549347,-4.367931074022668
2023121706_667_47996,47996,SINGLE_HIGH,False,14.061223401685908,Donovan Wilson,14.839076762855228,-0.7778533611693206,16.66014162756006,-2.598918225874151
2023121706_1179_43533,43533,SINGLE_HIGH,False,10.73306088005707,Jayron Kearse,7.55063875125161,3.1824221288054604,7.925496311284768,2.807564568772303
2023121706_1352_40166,40166,SPLIT_DEEP,False,5.109644630649246,Jordan Poyer,4.302892516328292,0.806752114320954,6.535026994011004,-1.4253823633617584
2023121706_1352_47844,47844,SPLIT_DEEP,False,6.46974480702673,Taylor Rapp,3.2560362226766313,3.213708584350099,3.030622809608757,3.439121997417973
2023121706_1979_48487,48487,SPLIT_DEEP,False,4.654217792962349,Cam Lewis,1.8536032673507974,2.800614525611552,0.7179597979157979,3.9362579950465513
2023121706_2004_47844,47844,SPLIT_DEEP,False,-4.047436320012032,Taylor Rapp,4.222484552126294,-8.269920872138325,5.403655373180682,-9.451091693192714
2023121706_2187_47844,47844,SPLIT_DEEP,False,3.2150845393111434,Taylor Rapp,0.646023794231364,2.5690607450797796,1.5325648864798538,1.6825196528312896
2023121706_2881_55166,55166,SINGLE_HIGH,False,1.9354391377347309,Juanyeh Thomas,3.9365353865455845,-2.0010962488108537,4.62899982529962,-2.693560687564889
2023121706_3057_40166,40166,SINGLE_HIGH,False,8.495068348230479,Jordan Poyer,3.9107099212720606,4.584358426958419,3.9615249303965117,4.533543417833967
2023121706_3377_47844,47844,SPLIT_DEEP,False,-1.1135502479289627,Taylor Rapp,1.5683714929449037,-2.6819217408738663,1.2889511242041376,-2.4025013721331003
2023121706_3524_47844,47844,SPLIT_DEEP,False,4.147258632282618,Taylor Rapp,1.0768916969592188,3.070366935323399,0.7034640425739589,3.4437945897086593
2023121706_3629_47844,47844,SPLIT_DEEP,False,2.817248820677599,Taylor Rapp,1.8120072541602377,1.0052415665173613,0.9959150264840044,1.8213337941935945
2023121708_313_44926,44926,SINGLE_HIGH,True,4.43512000609762,Rayshawn Jenkins,1.359484133962571,3.0756358721350487,2.7443382247195247,1.690781781378095
2023121708_590_54479,54479,SINGLE_HIGH,False,4.350127382461795,Kyle Hamilton,4.269420534137426,0.08070684832436914,3.0811055458557775,1.2690218366060178
2023121708_1005_44854,44854,SINGLE_HIGH,False,12.665184561777512,Marcus Williams,5.959039002540296,6.706145559237216,6.204438708030113,6.460745853747398
2023121708_1205_44854,44854,SPLIT_DEEP,False,3.6799609213094833,Marcus Williams,6.935067865088175,-3.255106943778692,4.824150846721704,-1.1441899254122205
2023121708_1353_44854,44854,SPLIT_DEEP,False,3.9316651404072633,Marcus Williams,2.9740463134521407,0.9576188269551227,4.092696487990076,-0.16103134758281268
2023121708_1479_48508,48508,SPLIT_DEEP,False,2.9023500317828743,Andrew Wingard,1.695583414982599,1.2067666168002753,1.4111009754214168,1.4912490563614575
2023121708_1584_48508,48508,SINGLE_HIGH,False,-0.3299743168796869,Andrew Wingard,1.1367295676633333,-1.4667038845430203,1.9649497536100862,-2.294924070489773
2023121708_1692_48508,48508,SINGLE_HIGH,False,1.6907314986038529,Andrew Wingard,1.3753450323174645,0.31538646628638833,2.219177448901874,-0.5284459502980212
2023121708_1771_48508,48508,SINGLE_HIGH,False,6.7485381861258835,Andrew Wingard,1.4380282281638725,5.310509957962011,1.9318472215521174,4.816690964573766
2023121708_1842_44854,44854,SPLIT_DEEP,False,15.401940384814212,Marcus Williams,14.686303159039726,0.7156372257744863,15.226865549374342,0.17507483543987057
2023121708_1842_52627,52627,SPLIT_DEEP,True,19.62458378650515,Geno Stone,12.508390234732271,7.116193551772877,14.296512516113989,5.32807127039116
2023121708_1865_44854,44854,SPLIT_DEEP,False,-0.6815798312294952,Marcus Williams,2.3269774314592624,-3.0085572626887576,2.369918596195081,-3.051498427424576
2023121708_2419_52627,52627,SINGLE_HIGH,True,10.091843259879855,Geno Stone,12.345055168028699,-2.2532119081488435,13.035625128548558,-2.9437818686687027
2023121708_2892_48508,48508,SINGLE_HIGH,False,17.287948632276137,Andrew Wingard,11.784399154715963,5.503549477560174,12.544341081729712,4.743607550546425
2023121708_3062_54479,54479,SPLIT_DEEP,False,-0.2137913969989986,Kyle Hamilton,0.7071796716505124,-0.9209710686495111,0.42544827755510184,-0.6392396745541005
2023121708_3459_54479,54479,SINGLE_HIGH,False,-0.1152347518257688,Kyle Hamilton,2.2992462381066976,-2.4144809899324664,2.3466371651022486,-2.4618719169280174
2023121708_3707_52627,52627,SPLIT_DEEP,True,6.80207677244628,Geno Stone,1.6261248839337468,5.175951888512533,2.625344355660407,4.176732416785873
2023121708_3730_54479,54479,SPLIT_DEEP,False,0.8883239153629425,Kyle Hamilton,2.4351724174098415,-1.546848502046899,2.109063285329677,-1.2207393699667346
2023121708_3805_54479,54479,SPLIT_DEEP,False,8.519313931951666,Kyle Hamilton,4.874965508975985,3.644348422975681,2.7305946083036012,5.788719323648065
2023121708_3878_52627,52627,SINGLE_HIGH,True,7.745499101561046,Geno Stone,4.103604527733401,3.6418945738276456,4.833090399474791,2.912408702086255
2023121708_3972_52627,52627,SPLIT_DEEP,True,2.767907482731588,Geno Stone,1.3328591238495606,1.4350483588820275,0.538170217603728,2.22973726512786
2023121709_348_46123,46123,SINGLE_HIGH,True,2.670359904992445,Jessie Bates,2.0114080263769796,0.6589518786154653,1.8441159502438236,0.8262439547486213
2023121709_594_46123,46123,SINGLE_HIGH,True,13.309903344194836,Jessie Bates,10.575786081674247,2.7341172625205896,10.495270602975326,2.8146327412195102
2023121709_1440_56089,56089,SPLIT_DEEP,False,5.230503681782334,DeMarcco Hellams,1.8742194957983636,3.356284185983971,1.0435340132323851,4.186969668549949
2023121709_1489_43350,43350,SPLIT_DEEP,False,-1.9422594379395155,Vonn Bell,8.094648217087071,-10.036907655026587,6.915119781377918,-8.857379219317433
2023121709_1669_56089,56089,SINGLE_HIGH,False,4.45203586274776,DeMarcco Hellams,4.611684652248519,-0.15964878950075878,5.998987912468069,-1.5469520497203089
2023121709_1807_46123,46123,SINGLE_HIGH,True,6.997320564069517,Jessie Bates,8.225310528634639,-1.227989964565122,7.996452796215127,-0.9991322321456106
2023121709_2202_45004,45004,SINGLE_HIGH,False,2.84126710895125,Xavier Woods,2.187658481086906,0.6536086278643438,1.9175607671451784,0.9237063418060716
2023121709_2225_43350,43350,SINGLE_HIGH,False,-8.301774185357264,Vonn Bell,0.28927721686560154,-8.591051402222865,2.0474674207413095,-10.349241606098573
2023121709_2616_46123,46123,SPLIT_DEEP,True,10.115492639269217,Jessie Bates,4.636850837049096,5.478641802220121,4.910222233180762,5.205270406088455
2023121709_3281_46123,46123,SINGLE_HIGH,True,12.71068002739259,Jessie Bates,7.78303365591034,4.92764637148225,6.198673893311828,6.512006134080761
2023121709_3395_46123,46123,SPLIT_DEEP,True,10.081041071235862,Jessie Bates,9.673852077070311,0.4071889941655513,8.69704749545966,1.383993575776202
2023121709_3395_56089,56089,SPLIT_DEEP,False,7.867650065931471,DeMarcco Hellams,7.822389234132181,0.045260831799290635,9.103947641734248,-1.2362975758027765
2023121710_248_56405,56405,SINGLE_HIGH,False,16.966511392759287,Ronnie Hickman Jr.,11.191585060805314,5.7749263319539725,14.98354727044414,1.9829641223151473
2023121710_374_44925,44925,SINGLE_HIGH,True,24.857108490585468,Eddie Jackson,16.864749179293206,7.992359311292262,16.857096510301478,8.00001198028399
2023121710_774_56405,56405,SINGLE_HIGH,False,13.714396530448663,Ronnie Hickman Jr.,10.010672470102323,3.7037240603463406,9.35386293810919,4.360533592339474
2023121710_1084_56405,56405,SINGLE_HIGH,False,8.593899661756216,Ronnie Hickman Jr.,4.70925658536205,3.884643076394166,4.515426468519202,4.078473193237015
2023121710_1244_44925,44925,SINGLE_HIGH,True,0.2518300601337891,Eddie Jackson,-1.3191436477374463,1.5709737078712354,0.9748134561614048,-0.7229833960276157
2023121710_1917_54915,54915,SPLIT_DEEP,False,3.5205107275462764,D'Anthony Bell,1.84134632139828,1.6791644061479964,1.9151668862996694,1.605343841246607
2023121710_2225_40039,40039,SPLIT_DEEP,False,-4.427474050635428,Duron Harmon,-1.5700085952525134,-2.857465455382915,0.7755299420727191,-5.2030039927081475
2023121710_2420_56405,56405,SINGLE_HIGH,False,4.511521730813591,Ronnie Hickman Jr.,0.7193582770905983,3.792163453722993,0.9246918903152164,3.5868298404983747
2023121710_2970_56405,56405,SINGLE_HIGH,False,0.1039957891402192,Ronnie Hickman Jr.,-0.2683097303389796,0.37230551947919877,0.8766155462175886,-0.7726197570773694
2023121710_3084_44925,44925,SINGLE_HIGH,True,3.5642013919724675,Eddie Jackson,0.749160901688462,2.8150404902840056,1.6690825603900858,1.8951188315823817
2023121710_3373_44925,44925,SINGLE_HIGH,True,7.173496916597537,Eddie Jackson,3.949325682371157,3.2241712342263797,3.626933887810913,3.5465630287866237
2023121710_3622_44925,44925,SINGLE_HIGH,True,24.21790647362075,Eddie Jackson,18.911800962972485,5.3061055106482655,15.834810593215481,8.38309588040527
2023121710_3710_54513,54513,SPLIT_DEEP,True,-0.3328213186671993,Jaquan Brisker,2.271799347757035,-2.604620666424234,1.1214256733414416,-1.454246992008641
2023121710_4297_54513,54513,SPLIT_DEEP,True,-0.5030088035139881,Jaquan Brisker,0.7993379247919778,-1.302346728305966,1.8558517009391284,-2.3588605044531166
2023121710_4450_54513,54513,SPLIT_DEEP,True,-5.115820604629308,Jaquan Brisker,3.9315270102849507,-9.047347614914258,3.028339632641357,-8.144160237270665
2023121711_125_47882,47882,SINGLE_HIGH,False,2.366380411804471,Mike Edwards,1.0221776287515598,1.344202783052911,2.2981092744479694,0.06827113735650148
2023121711_168_44837,44837,SINGLE_HIGH,False,6.932949579171217,Jabrill Peppers,5.625186027911578,1.3077635512596384,6.30954286787588,0.6234067112953365
2023121711_400_47882,47882,SINGLE_HIGH,False,3.14249143854943,Mike Edwards,1.1934039665414324,1.9490874720079974,1.3136128534921117,1.8288785850573182
2023121711_425_47882,47882,SINGLE_HIGH,False,1.4327128609227309,Mike Edwards,1.8089859165733857,-0.37627305565065483,3.192091144616424,-1.7593782836936933
2023121711_1114_55984,55984,SINGLE_HIGH,False,-1.5909661420442216,Chamarri Conner,1.5235820157609516,-3.1145481578051735,2.8972130854186133,-4.488179227462835
2023121711_1215_47882,47882,SINGLE_HIGH,False,8.608684158811503,Mike Edwards,6.043575408933221,2.5651087498782816,6.472240813544602,2.136443345266901
2023121711_2101_52445,52445,SINGLE_HIGH,False,15.1666649811573,Kyle Dugger,13.728742228151718,1.4379227530055818,11.646846956125927,3.5198180250313733
2023121711_3087_47882,47882,SINGLE_HIGH,False,14.274072167563084,Mike Edwards,9.556964478724053,4.717107688839031,10.093322670152332,4.180749497410751
2023121801_604_42543,42543,SINGLE_HIGH,True,13.521524942048968,Quandre Diggs,14.670816740039399,-1.149291797990431,12.434609600414555,1.0869153416344126
2023121801_1208_42543,42543,SPLIT_DEEP,True,2.9696484127388088,Quandre Diggs,1.7786744375882584,1.1909739751505504,1.392453430330221,1.5771949824085878
2023121801_1566_54808,54808,SPLIT_DEEP,True,1.812171991391028,Reed Blankenship,1.513534973832358,0.2986370175586699,0.62220300133405,1.1899689900569779
2023121801_1650_54808,54808,SINGLE_HIGH,True,2.64924790176575,Reed Blankenship,1.9475446595324373,0.7017032422333127,1.8379256534445059,0.8113222483212441
2023121801_1863_55931,55931,SPLIT_DEEP,False,2.8862738286305687,Sydney Brown,2.7514703533153413,0.1348034753152274,1.1791842875605294,1.7070895410700393
2023121801_2546_42543,42543,SINGLE_HIGH,True,7.776412580074661,Quandre Diggs,4.352131549743096,3.4242810303315645,4.092822924251583,3.683589655823078
2023121801_2596_47891,47891,SPLIT_DEEP,True,3.372011165924378,Julian Love,2.2777992172632424,1.0942119486611355,0.7351547335928217,2.636856432331556
2023121801_2621_42543,42543,SINGLE_HIGH,True,5.003516662320879,Quandre Diggs,1.349218205822058,3.6542984564988212,1.4479366667732236,3.5555799955476557
2023121801_2733_43353,43353,SPLIT_DEEP,False,3.427876364465913,Kevin Byard,16.640240054486732,-13.212363690020819,15.784459557624537,-12.356583193158624
2023121801_2733_54808,54808,SPLIT_DEEP,True,21.1330273000665,Reed Blankenship,14.292574635679678,6.840452664386824,15.522036310598931,5.61099098946757
2023121801_3350_42543,42543,SINGLE_HIGH,True,0.9542921321249568,Quandre Diggs,1.6658115385870262,-0.7115194064620695,1.9165095684248588,-0.962217436299902
2023121801_3397_47891,47891,SPLIT_DEEP,True,0.9621602996322416,Julian Love,1.9809333095942705,-1.018773009962029,1.041662893262849,-0.07950259363060752
2023121801_3422_42543,42543,SINGLE_HIGH,True,15.505561213002132,Quandre Diggs,18.253058095755257,-2.7474968827531256,16.19115620911294,-0.6855949961108081
2023121801_3501_55931,55931,SPLIT_DEEP,False,-1.54835286142068,Sydney Brown,0.42136069266161486,-1.969713554082295,0.36857898583197723,-1.9169318472526573
2023121801_3760_54808,54808,SPLIT_DEEP,True,0.0615393776997228,Reed Blankenship,0.9284748333767949,-0.8669354556770721,0.6282576690620303,-0.5667182913623074
2023121801_3916_55931,55931,SPLIT_DEEP,False,18.50827992230824,Sydney Brown,12.818783757611133,5.689496164697108,14.417902143314768,4.0903777789934725
2023121801_3997_54808,54808,SPLIT_DEEP,True,18.739579054904652,Reed Blankenship,10.335913335768613,8.40366571913604,11.031411637644961,7.708167417259691
2023121801_4106_42543,42543,SPLIT_DEEP,True,5.537865584625127,Quandre Diggs,9.320561222127754,-3.782695637502627,14.206254842177625,-8.668389257552498
2023121801_4106_47891,47891,SPLIT_DEEP,True,21.36926644144273,Julian Love,17.56327640019966,3.8059900412430707,15.646284902396248,5.722981539046481
2023122100_161_52607,52607,SPLIT_DEEP,True,0.0307540131072201,Jordan Fuller,1.5404338587727162,-1.509679845665496,1.2896419973537885,-1.2588879842465683
2023122100_357_40017,40017,SINGLE_HIGH,True,-4.267646511183203,Tyrann Mathieu,1.794986597322403,-6.062633108505606,1.4876867854291707,-5.755333296612374
2023122100_467_56011,56011,SINGLE_HIGH,False,4.689885246537198,Jordan Howden,5.31629222181815,-0.6264069752809522,4.598296092704194,0.09158915383300403
2023122100_773_44903,44903,SPLIT_DEEP,False,0.4362838889349518,John Johnson,3.3192631749739596,-2.8829792860390078,2.7719710684345493,-2.3356871794995975
2023122100_773_52607,52607,SPLIT_DEEP,True,-0.6289335682960395,Jordan Fuller,0.8949028465837591,-1.5238364148797987,0.6488706557276629,-1.2778042240237024
2023122100_978_40017,40017,SPLIT_DEEP,True,-3.254792764973061,Tyrann Mathieu,2.3084158499763827,-5.563208614949444,2.5675105098025615,-5.8223032747756225
2023122100_978_56011,56011,SPLIT_DEEP,False,-2.914847669898551,Jordan Howden,1.069602175121107,-3.9844498450196575,0.890614185876661,-3.805461855775212
2023122100_1402_56011,56011,SINGLE_HIGH,False,-3.5601592578758163,Jordan Howden,1.8215418633212104,-5.381701121197027,2.021453640916194,-5.58161289879201
2023122100_1450_56011,56011,SINGLE_HIGH,False,19.66829891347607,Jordan Howden,21.81414113228194,-2.1458422188058677,14.376134131995661,5.292164781480411
2023122100_1571_52607,52607,SPLIT_DEEP,True,8.205954043278393,Jordan Fuller,8.393202779400385,-0.1872487361219921,6.667695753052648,1.5382582902257447
2023122100_1630_52607,52607,SINGLE_HIGH,True,7.277160581024219,Jordan Fuller,15.90098517274027,-8.623824591716051,15.945032180360574,-8.667871599336355
2023122100_1713_56011,56011,SINGLE_HIGH,False,9.58975544675758,Jordan Howden,4.272793543832824,5.316961902924756,3.671855400217898,5.917900046539683
2023122100_1789_52607,52607,SPLIT_DEEP,True,-1.9520045011116949,Jordan Fuller,1.5853609844908696,-3.5373654856025647,1.4868177155336344,-3.4388222166453293
2023122100_1814_44903,44903,SPLIT_DEEP,False,3.0302144987981654,John Johnson,1.4956717076255175,1.534542791172648,1.1429943908127473,1.887220107985418
2023122100_1839_52607,52607,SPLIT_DEEP,True,3.077171876242384,Jordan Fuller,2.0187590222387737,1.0584128540036102,0.5355001096300835,2.5416717666123003
2023122100_1897_44903,44903,SPLIT_DEEP,False,0.9480290046793272,John Johnson,5.826553458799133,-4.878524454119805,5.439902691748186,-4.491873687068859
2023122100_1982_40017,40017,SPLIT_DEEP,True,-2.087076072874559,Tyrann Mathieu,1.6979651065983496,-3.7850411794729086,0.7901232780487355,-2.8771993509232945
2023122100_2100_44903,44903,SPLIT_DEEP,False,6.785482161502969,John Johnson,10.429769005621248,-3.6442868441182785,15.001204130192818,-8.215721968689849
2023122100_2182_56011,56011,SINGLE_HIGH,False,13.814660298117245,Jordan Howden,13.062241279890337,0.7524190182269077,15.926954678610326,-2.112294380493081
2023122100_2292_56011,56011,SPLIT_DEEP,False,9.088124036881702,Jordan Howden,8.391817011527664,0.696307025354038,9.762747095401911,-0.6746230585202095
2023122100_2496_44903,44903,SPLIT_DEEP,False,2.45673755481283,John Johnson,-0.5465767857859947,3.0033143405988243,0.3362374819346492,2.1205000728781807
2023122100_2578_44903,44903,SPLIT_DEEP,False,-1.6544920355994428,John Johnson,2.5931770149332833,-4.247669050532727,3.017851547809885,-4.672343583409328
2023122100_2578_52607,52607,SPLIT_DEEP,True,3.908066914756305,Jordan Fuller,-0.4184143102673942,4.3264812250236995,0.7163530083992988,3.1917139063570064
2023122100_3107_40017,40017,SINGLE_HIGH,True,-7.875921957373643,Tyrann Mathieu,6.518337675896213,-14.394259633269856,4.733969704541465,-12.609891661915109
2023122100_3321_52607,52607,SPLIT_DEEP,True,-2.015327495591242,Jordan Fuller,1.9276147324229504,-3.9429422280141924,1.6189776769030262,-3.634305172494268
2023122100_3470_52607,52607,SPLIT_DEEP,True,0.1617148039385547,Jordan Fuller,1.697315396255296,-1.5356005923167413,0.8632307842126536,-0.7015159802740989
2023122100_3852_44903,44903,SPLIT_DEEP,False,12.398279577926193,John Johnson,14.286805038893739,-1.8885254609675464,14.252088682802302,-1.8538091048761096
2023122300_1090_55960,55960,SINGLE_HIGH,False,12.688541678997677,Jordan Battle,13.497683272146647,-0.8091415931489703,13.152078045782599,-0.46353636678492194
2023122300_1158_42390,42390,SINGLE_HIGH,False,2.2493240042998885,Eric Rowe,1.9550206104891583,0.29430339381073023,0.9745261553205218,1.2747978489793668
2023122300_1407_42390,42390,SINGLE_HIGH,False,6.741379565850821,Eric Rowe,0.6913426599486298,6.050036905902191,1.5889597158882118,5.152419849962609
2023122300_1726_55960,55960,SINGLE_HIGH,False,3.046465932941736,Jordan Battle,4.117611419427352,-1.0711454864856158,4.11336301744003,-1.0668970844982946
2023122300_2352_55960,55960,SINGLE_HIGH,False,11.613783583654795,Jordan Battle,10.354161932572223,1.259621651082572,10.975036516983728,0.6387470666710673
2023122300_2439_42390,42390,SINGLE_HIGH,False,3.6928151725586074,Eric Rowe,2.3493347556107063,1.343480416947901,1.3824877325275846,2.3103274400310227
2023122300_2580_43400,43400,SINGLE_HIGH,False,3.050477984761816,Miles Killebrew,2.6355314954732574,0.4149464892885586,1.6829838759400193,1.3674941088217967
2023122300_2990_42390,42390,SINGLE_HIGH,False,4.641278029291034,Eric Rowe,0.7434479788623634,3.897830050428671,1.3994597762101169,3.2418182530809174
2023122300_3097_42390,42390,SINGLE_HIGH,False,2.481776500771124,Eric Rowe,1.1515103131788897,1.3302661875922344,2.099645916301567,0.3821305844695573
2023122300_3752_42390,42390,SINGLE_HIGH,False,-0.3278581131213514,Eric Rowe,1.3294638656473354,-1.6573219787686868,1.9708187018465972,-2.2986768149679486
2023122301_159_52542,52542,SINGLE_HIGH,False,7.675622337237999,Jaylinn Hawkins,5.507580109265572,2.1680422279724274,5.294094525997016,2.381527811240983
2023122301_182_52542,52542,SPLIT_DEEP,False,5.533174839948991,Jaylinn Hawkins,2.4142288521998174,3.1189459877491736,1.702396392344875,3.830778447604116
2023122301_182_52594,52594,SPLIT_DEEP,True,2.6678442772740203,Alohi Gilman,1.964558773261282,0.7032855040127384,1.7170743594822246,0.9507699177917956
2023122301_371_47844,47844,SINGLE_HIGH,False,7.009037845623613,Taylor Rapp,5.116509751695344,1.8925280939282692,4.987428285392466,2.0216095602311475
2023122301_700_52542,52542,SINGLE_HIGH,False,-4.837614304908726,Jaylinn Hawkins,4.2973743570092715,-9.134988661917998,6.225001520218183,-11.062615825126908
2023122301_1409_52542,52542,SPLIT_DEEP,False,0.2963217822757364,Jaylinn Hawkins,8.581153346547524,-8.284831564271787,8.987643912508423,-8.691322130232686
2023122301_1409_52594,52594,SPLIT_DEEP,True,3.866550037464432,Alohi Gilman,9.87063454915414,-6.004084511689708,8.194100018961262,-4.32754998149683
2023122301_1579_40166,40166,SINGLE_HIGH,False,13.560365066598887,Jordan Poyer,9.596238949338753,3.9641261172601343,8.960547467934616,4.599817598664272
2023122301_2640_42901,42901,SINGLE_HIGH,False,14.11327315678774,Dean Marlowe,12.747253300159045,1.3660198566286947,12.223286508028501,1.8899866487592387
2023122301_2899_40166,40166,SINGLE_HIGH,False,5.386547851558554,Jordan Poyer,5.625686453012134,-0.2391386014535808,3.569659261635633,1.8168885899229208
2023122301_2947_47844,47844,SINGLE_HIGH,False,6.668429213111944,Taylor Rapp,2.1543761644502637,4.51405304866168,1.8099597330925343,4.8584694800194095
2023122301_3312_47844,47844,SINGLE_HIGH,False,-0.4913458616275008,Taylor Rapp,-0.17640483958110328,-0.3149410220463975,1.7896017880004145,-2.2809476496279153
2023122301_3762_52594,52594,SPLIT_DEEP,True,6.258873511662988,Alohi Gilman,5.802102072465835,0.45677143919715313,4.525324639401468,1.7335488722615198
2023122301_3864_52542,52542,SINGLE_HIGH,False,3.9508998909614537,Jaylinn Hawkins,5.763164985314408,-1.812265094352954,5.061643679800909,-1.1107437888394553
2023122301_4088_48487,48487,SPLIT_DEEP,False,4.086103543305878,Cam Lewis,4.382357353675682,-0.29625381036980425,4.067403772100187,0.018699771205691107
2023122402_175_46123,46123,SPLIT_DEEP,True,2.50053104289129,Jessie Bates,1.0634289318836998,1.4371021110075903,0.5462317286863261,1.954299314204964
2023122402_175_56089,56089,SPLIT_DEEP,False,-1.9847657561569445,DeMarcco Hellams,1.3172555464004971,-3.3020213025574416,0.8824704833831696,-2.867236239540114
2023122402_453_52493,52493,SPLIT_DEEP,False,3.7362469969612633,Julian Blackmon,1.4192658545149759,2.3169811424462874,1.3551526723796385,2.3810943245816247
2023122402_729_56089,56089,SINGLE_HIGH,False,5.970502244821495,DeMarcco Hellams,1.9806710154910634,3.9898312293304317,2.8227832220371205,3.1477190227843748
2023122402_847_54704,54704,SINGLE_HIGH,True,8.254261866932367,Rodney Thomas,0.800273662056084,7.453988204876284,2.6130589470936627,5.641202919838705
2023122402_1054_56089,56089,SINGLE_HIGH,False,11.255565062190108,DeMarcco Hellams,19.26548625467251,-8.009921192482402,17.046775062227557,-5.791210000037449
2023122402_1770_54704,54704,SINGLE_HIGH,True,3.507734132174888,Rodney Thomas,0.7066737924222226,2.8010603397526657,0.8909329000670674,2.6168012321078207
2023122402_2568_56089,56089,SPLIT_DEEP,False,3.9686062555159887,DeMarcco Hellams,2.0033164108282926,1.965289844687696,1.2715531293186313,2.6970531261973574
2023122402_2735_56089,56089,SINGLE_HIGH,False,1.2608198804708,DeMarcco Hellams,0.3320368280978052,0.9287830523729947,1.4140665011215665,-0.15324662065076655
2023122402_2896_46123,46123,SPLIT_DEEP,True,-0.427672849437295,Jessie Bates,-0.03871486022943383,-0.3889579892078612,1.7059566749442006,-2.1336295243814956
2023122402_3106_54561,54561,SPLIT_DEEP,False,-0.0577166257706647,Nick Cross,0.8352677625501407,-0.8929843883208054,1.3744425055841125,-1.4321591313547772
2023122402_3106_54704,54704,SPLIT_DEEP,True,0.2829264830282589,Rodney Thomas,0.7197257087671981,-0.4367992257389392,0.9427331033710153,-0.6598066203427564
2023122402_3222_54704,54704,SINGLE_HIGH,True,9.73341963781226,Rodney Thomas,13.15011945957262,-3.4166998217603606,14.07286236925119,-4.339442731438931
2023122402_3318_56089,56089,SPLIT_DEEP,False,-3.105848378031606,DeMarcco Hellams,1.4629166056239251,-4.568764983655531,1.8308092419703978,-4.936657620002004
2023122402_3487_56089,56089,SINGLE_HIGH,False,8.917297184909842,DeMarcco Hellams,2.187672183567257,6.729625001342585,2.796581802391355,6.120715382518487
2023122402_3635_46123,46123,SINGLE_HIGH,True,13.5558248626051,Jessie Bates,10.99006231202091,2.5657625505841892,11.408389820909495,2.147435041695605
2023122402_3658_46123,46123,SPLIT_DEEP,True,7.822108403681844,Jessie Bates,6.147028099982758,1.6750803036990858,4.821099536052522,3.001008867629322
2023122402_3658_56089,56089,SPLIT_DEEP,False,4.166438003035555,DeMarcco Hellams,7.051624281636563,-2.885186278601008,8.025869307907776,-3.8594313048722206
2023122402_3934_53469,53469,SPLIT_DEEP,False,15.488571433996912,Richie Grant,12.066268886430986,3.4223025475659252,14.29309594699244,1.1954754870044724
2023122402_3934_56089,56089,SPLIT_DEEP,False,13.70292193728624,DeMarcco Hellams,16.45629748317717,-2.753375545890931,13.67798714412844,0.024934793157799007
2023122403_118_56107,56107,SINGLE_HIGH,False,11.31598300671618,Anthony Johnson Jr.,14.00639929916007,-2.6904162924438886,11.9949966564973,-0.679013649781119
2023122403_232_46669,46669,SINGLE_HIGH,False,17.348001862803237,Jonathan Owens,11.415688127124419,5.932313735678818,9.771863180681258,7.576138682121979
2023122403_601_56107,56107,SINGLE_HIGH,False,2.428174741747929,Anthony Johnson Jr.,3.11062667617791,-0.6824519344299809,2.9416150997462154,-0.5134403579982862
2023122403_815_43350,43350,SINGLE_HIGH,False,-4.2955964000245945,Vonn Bell,0.9748674817483737,-5.270463881772968,1.2158021656946438,-5.511398565719238
2023122403_1146_46669,46669,SINGLE_HIGH,False,6.35281887664319,Jonathan Owens,1.6867065779088881,4.666112298734302,1.9396728573166646,4.4131460193265255
2023122403_1323_45004,45004,SINGLE_HIGH,False,3.367894191944214,Xavier Woods,-0.4626293430053838,3.830523534949598,0.5344707382454246,2.8334234536987895
2023122403_1890_43350,43350,SPLIT_DEEP,False,8.655080750057778,Vonn Bell,1.9010351939058086,6.7540455561519686,1.8999435451209346,6.755137204936843
2023122403_1890_45004,45004,SPLIT_DEEP,False,8.858822014793958,Xavier Woods,2.873718853383515,5.985103161410443,3.200426393199641,5.658395621594317
2023122403_1977_45004,45004,SPLIT_DEEP,False,2.610938353661929,Xavier Woods,0.8964728286385316,1.7144655250233973,0.720360676735055,1.890577676926874
2023122403_2041_56107,56107,SINGLE_HIGH,False,10.21091638568094,Anthony Johnson Jr.,9.478675100864155,0.7322412848167854,9.349907112441631,0.8610092732393095
2023122403_2064_56107,56107,SINGLE_HIGH,False,1.056991836883597,Anthony Johnson Jr.,1.9795030522929156,-0.9225112154093185,2.6142978729123456,-1.5573060360287485
2023122403_2087_56107,56107,SPLIT_DEEP,False,9.436931104840516,Anthony Johnson Jr.,5.433598256421546,4.00333284841897,5.412314438231887,4.02461666660863
2023122403_2535_56107,56107,SINGLE_HIGH,False,12.646782120915852,Anthony Johnson Jr.,10.432943669902393,2.2138384510134586,13.161136144665782,-0.5143540237499309
2023122403_2830_45004,45004,SPLIT_DEEP,False,-0.4788080910226604,Xavier Woods,1.21062734229324,-1.6894354333159005,0.6770393272575941,-1.1558474182802545
2023122403_3331_43350,43350,SPLIT_DEEP,False,-0.9003792922158862,Vonn Bell,1.745692758182229,-2.646072050398115,2.020063189724585,-2.920442481940471
2023122403_3559_46669,46669,SPLIT_DEEP,False,-0.802022218460877,Jonathan Owens,0.4984131576947895,-1.3004353761556664,1.5500103846498847,-2.3520326031107617
2023122403_3559_56107,56107,SPLIT_DEEP,False,-3.9959411675296383,Anthony Johnson Jr.,1.6304768745032043,-5.626418042032842,2.0936713875519795,-6.089612555081618
2023122403_3898_56107,56107,SINGLE_HIGH,False,7.735205590668281,Anthony Johnson Jr.,3.7481031421898736,3.9871024484784074,3.5559686442024567,4.179236946465824
2023122403_3941_46669,46669,SPLIT_DEEP,False,-2.039279106182436,Jonathan Owens,1.297589549034102,-3.336868655216538,1.640600298408395,-3.6798794045908307
2023122403_3941_56107,56107,SPLIT_DEEP,False,0.3654442358585985,Anthony Johnson Jr.,2.5724799288165214,-2.207035692957923,2.110855123291543,-1.7454108874329446
2023122403_4065_45004,45004,SINGLE_HIGH,False,18.335471626209223,Xavier Woods,16.386670450896506,1.9488011753127168,15.481476525530567,2.853995100678656
2023122403_4341_45021,45021,SPLIT_DEEP,False,2.850139454974668,Rudy Ford,5.827640107543663,-2.9775006525689944,5.897870237235049,-3.0477307822603805
2023122403_4341_46669,46669,SPLIT_DEEP,False,3.4395110809060956,Jonathan Owens,8.57994762671446,-5.140436545808365,7.450036417418165,-4.010525336512069
2023122403_4371_46669,46669,SPLIT_DEEP,False,-5.093976106551221,Jonathan Owens,3.547677227085755,-8.641653333636976,2.6233132853728938,-7.717289391924115
2023122403_4371_56107,56107,SPLIT_DEEP,False,3.0474502648966197,Anthony Johnson Jr.,4.067974311569366,-1.0205240466727465,2.388723244198939,0.6587270206976807
2023122404_68_41256,41256,SPLIT_DEEP,False,24.80299038554601,Jimmie Ward,14.999244093861522,9.803746291684488,15.653061575456267,9.149928810089744
2023122404_68_54502,54502,SPLIT_DEEP,True,15.880586414237712,Jalen Pitre,15.220347221326017,0.6602391929116944,14.819935325585291,1.0606510886524205
2023122404_778_54502,54502,SINGLE_HIGH,True,-2.9451156646638275,Jalen Pitre,5.609172456209417,-8.554288120873245,7.5274968974223,-10.472612562086127
2023122404_1230_54502,54502,SINGLE_HIGH,True,17.73042091940957,Jalen Pitre,21.840006398290633,-4.109585478881062,17.162737709340785,0.5676832100687861
2023122404_1347_42485,42485,SINGLE_HIGH,False,1.0092687998099628,Adrian Amos,1.3376529337896939,-0.3283841339797311,3.1835294441014375,-2.1742606442914747
2023122404_1503_56405,56405,SPLIT_DEEP,False,-2.055472251317907,Ronnie Hickman Jr.,1.161412126375704,-3.216884377693611,1.535288668693573,-3.59076092001148
2023122404_1642_56405,56405,SINGLE_HIGH,False,1.4151607687502867,Ronnie Hickman Jr.,1.752332775058513,-0.3371720063082262,2.1201369470315816,-0.7049761782812949
2023122404_1808_43474,43474,SPLIT_DEEP,False,-4.5785033118266,DeAndre Houston-Carson,5.639046567947239,-10.217549879773838,4.771018098876161,-9.34952141070276
2023122404_1855_42485,42485,SPLIT_DEEP,False,6.1486282981850255,Adrian Amos,3.4270625418854768,2.7215657562995488,2.8418097639772,3.3068185342078253
2023122404_1855_43474,43474,SPLIT_DEEP,False,4.705122266634454,DeAndre Houston-Carson,4.153244728588874,0.5518775380455807,4.093477962419671,0.6116443042147832
2023122404_2042_42485,42485,SPLIT_DEEP,False,16.693431433213988,Adrian Amos,17.641032609880387,-0.9476011766663994,14.915598051081478,1.7778333821325099
2023122404_2042_43474,43474,SPLIT_DEEP,False,22.41278833872741,DeAndre Houston-Carson,15.095575984542686,7.317212354184724,16.3072278908898,6.105560447837611
2023122404_2235_42485,42485,SPLIT_DEEP,False,-0.6377042452024533,Adrian Amos,4.423596554510081,-5.0613007997125345,4.864257739689412,-5.5019619848918655
2023122404_2313_42485,42485,SPLIT_DEEP,False,4.419499355967498,Adrian Amos,7.194750421317775,-2.775251065350277,6.9075158286623,-2.4880164726948015
2023122404_3050_56405,56405,SINGLE_HIGH,False,-0.9639721265551352,Ronnie Hickman Jr.,1.8635796641303706,-2.8275517906855057,1.7291743559413595,-2.693146482496495
2023122404_3137_43474,43474,SPLIT_DEEP,False,-1.1987081920750544,DeAndre Houston-Carson,0.7970141887789935,-1.995722380854048,0.9698030090426464,-2.168511201117701
2023122404_3319_42485,42485,SPLIT_DEEP,False,2.082166538321683,Adrian Amos,2.3905526631770306,-0.30838612485534744,3.443231134513841,-1.3610645961921577
2023122404_3732_54915,54915,SPLIT_DEEP,False,0.6058707596699469,D'Anthony Bell,1.9015765333665446,-1.2957057736965978,0.8642768738249806,-0.2584061141550338
2023122404_3755_54915,54915,SPLIT_DEEP,False,1.7577137473416151,D'Anthony Bell,1.6427766467305418,0.11493710061107332,1.424972286838523,0.33274146050309206
2023122404_3780_54915,54915,SPLIT_DEEP,False,4.338511906975755,D'Anthony Bell,1.815130876248656,2.5233810307270996,1.5981370706992948,2.7403748362764606
2023122404_3805_40039,40039,SPLIT_DEEP,False,5.3354349303683835,Duron Harmon,3.7596325422044203,1.5758023881639631,3.220022431950107,2.1154124984182765
2023122404_3830_54915,54915,SINGLE_HIGH,False,-5.539309427127563,D'Anthony Bell,12.819761627504658,-18.35907105463222,12.086155370430136,-17.625464797557697
2023122404_4342_42485,42485,SINGLE_HIGH,False,9.645902113863308,Adrian Amos,15.982417592632968,-6.336515478769661,14.87185368739351,-5.225951573530203
2023122404_4687_56405,56405,SPLIT_DEEP,False,15.699100696574586,Ronnie Hickman Jr.,10.370172671036368,5.328928025538218,11.463882911448106,4.23521778512648
2023122404_4720_54915,54915,SPLIT_DEEP,False,-0.8113997835817135,D'Anthony Bell,0.7194360194844891,-1.5308358030662026,0.49001999893545545,-1.301419782517169
2023122405_55_53554,53554,SINGLE_HIGH,True,2.4106207870291185,Camryn Bynum,1.323373331466347,1.0872474555627716,0.7531403400835437,1.6574804469455748
2023122405_475_53530,53530,SINGLE_HIGH,False,-5.356494951416678,Ifeatu Melifonwu,2.2637378465475346,-7.6202327979642135,2.655144316290735,-8.011639267707412
2023122405_582_54562,54562,SINGLE_HIGH,True,0.6316852629225691,Kerby Joseph,2.4102532073612823,-1.7785679444387132,1.3195612462954394,-0.6878759833728703
2023122405_770_38559,38559,SINGLE_HIGH,False,4.839044234055681,Harrison Smith,4.760730894921665,0.07831333913401561,6.907893139181953,-2.0688489051262717
2023122405_1216_38559,38559,SINGLE_HIGH,False,-0.8916649257063245,Harrison Smith,0.9479849190847168,-1.8396498447910412,1.6586649459142553,-2.55032987162058
2023122405_2138_53530,53530,SPLIT_DEEP,False,1.8082407025759792,Ifeatu Melifonwu,6.101191953851678,-4.292951251275698,4.690356297004926,-2.8821155944289467
2023122405_2138_54562,54562,SPLIT_DEEP,True,0.8208258891913918,Kerby Joseph,-0.9029479699838378,1.7237738591752296,1.6236693621055522,-0.8028434729141605
2023122405_2211_53530,53530,SINGLE_HIGH,False,9.616456240784764,Ifeatu Melifonwu,11.119390832123933,-1.5029345913391694,12.57887732666795,-2.962421085883186
2023122405_2413_53530,53530,SINGLE_HIGH,False,-3.594775623514838,Ifeatu Melifonwu,2.5534999439278656,-6.148275567442703,2.941358525666387,-6.536134149181224
2023122405_2460_53530,53530,SINGLE_HIGH,False,17.62128461163163,Ifeatu Melifonwu,14.415666078747929,3.205618532883701,14.978072104863479,2.643212506768151
2023122405_2757_53554,53554,SPLIT_DEEP,True,1.5096118084890615,Camryn Bynum,1.8119427009531637,-0.30233089246410216,0.7346816758365442,0.7749301326525173
2023122405_2966_54562,54562,SINGLE_HIGH,True,3.932134097101466,Kerby Joseph,9.204458666790012,-5.272324569688546,6.744458229917899,-2.812324132816433
2023122405_3093_53554,53554,SINGLE_HIGH,True,2.739165317663284,Camryn Bynum,3.258372225116306,-0.5192069074530221,3.029139666304248,-0.28997434864096405
2023122405_3529_53530,53530,SPLIT_DEEP,False,14.004359022522925,Ifeatu Melifonwu,10.290133672458836,3.7142253500640887,15.30952774762289,-1.305168725099966
2023122405_3529_54562,54562,SPLIT_DEEP,True,19.34616131569557,Kerby Joseph,16.63196343582719,2.714197879868383,16.144298902452096,3.201862413243475
2023122405_3696_53530,53530,SINGLE_HIGH,False,9.26379152755246,Ifeatu Melifonwu,5.738617245568185,3.525174281984275,5.062007082124751,4.201784445427709
2023122405_3743_53530,53530,SINGLE_HIGH,False,-1.5395944120637113,Ifeatu Melifonwu,0.6534576108534245,-2.1930520229171355,2.9657870839288645,-4.505381495992576
2023122405_3779_46151,46151,SPLIT_DEEP,False,-0.5646221722268052,Tracy Walker III,8.864174697907805,-9.42879687013461,8.582701563962337,-9.147323736189142
2023122405_4249_53530,53530,SPLIT_DEEP,False,-10.25917932144881,Ifeatu Melifonwu,7.26801300518762,-17.52719232663643,5.3465255167020995,-15.60570483815091
2023122405_4249_54562,54562,SPLIT_DEEP,True,-5.62177395242729,Kerby Joseph,4.049514743268778,-9.671288695696068,3.5395146932087354,-9.161288645636025
2023122405_4272_54562,54562,SPLIT_DEEP,True,2.0623193329055134,Kerby Joseph,1.6864491703132263,0.3758701625922871,2.300582791517475,-0.23826345861196163
2023122405_4272_55910,55910,SPLIT_DEEP,False,3.977775971168768,Brian Branch,1.1243184497260081,2.8534575214427598,1.3324210286594482,2.6453549425093197
2023122405_4357_53530,53530,SPLIT_DEEP,False,6.314260851527596,Ifeatu Melifonwu,8.534121816093293,-2.2198609645656973,8.396419295672873,-2.0821584441452767
2023122405_4357_54562,54562,SPLIT_DEEP,True,6.951220832250431,Kerby Joseph,5.9516730874342345,0.9995477448161969,5.159864968065234,1.7913558641851974
2023122405_4435_53530,53530,SPLIT_DEEP,False,6.133429091173093,Ifeatu Melifonwu,1.7814632116421019,4.351965879530991,3.573869613173388,2.559559477999705
2023122405_4435_54562,54562,SPLIT_DEEP,True,8.018478425553248,Kerby Joseph,7.640471863628162,0.3780065619250861,4.83092829530603,3.1875501302472173
2023122406_252_54833,54833,SINGLE_HIGH,False,-0.3237113464707182,Tony Adams,1.445995868636095,-1.7697072151068132,1.3774082857020353,-1.7011196321727535
2023122406_608_52624,52624,SPLIT_DEEP,False,0.1734010307997522,Kam Curl,1.885314939644506,-1.7119139088447537,1.1940179997298817,-1.0206169689301294
2023122406_813_46186,46186,SINGLE_HIGH,False,11.818966083977203,Jordan Whitehead,10.379936687794913,1.4390293961822902,9.610164547902484,2.20880153607472
2023122406_948_54578,54578,SINGLE_HIGH,True,1.3453832701232518,Percy Butler,0.7481834847819097,0.5971997853413421,1.919582060014644,-0.5741987898913923
2023122406_1349_54578,54578,SINGLE_HIGH,True,9.030004317597747,Percy Butler,3.0784404336394333,5.951563883958314,3.530474964618108,5.499529352979639
2023122406_3422_54833,54833,SPLIT_DEEP,False,3.0350425723493673,Tony Adams,0.7254859201459413,2.309556652203426,0.7823374743116869,2.2527050980376804
2023122406_4115_54578,54578,SINGLE_HIGH,True,14.136090502725976,Percy Butler,11.474035738268446,2.6620547644575296,10.58459157020257,3.5514989325234065
2023122406_4609_54578,54578,SPLIT_DEEP,True,-0.2226529699866866,Percy Butler,11.919525946114543,-12.14217891610123,12.521271225776221,-12.743924195762908
2023122407_406_55081,55081,SPLIT_DEEP,False,3.169853274129798,Mike Brown,1.6154649798826608,1.554388294247137,1.0762384231129012,2.0936148510168966
2023122407_614_42543,42543,SPLIT_DEEP,True,1.97615097820682,Quandre Diggs,1.7358943223664827,0.2402566558403374,1.4326698528204282,0.5434811253863918
2023122407_661_47891,47891,SPLIT_DEEP,True,2.6743292398667498,Julian Love,1.8154711911556272,0.8588580487111226,0.9272432924858851,1.7470859473808646
2023122407_1026_42543,42543,SINGLE_HIGH,True,-1.3079149140493342,Quandre Diggs,1.0751587288076416,-2.383073642856976,2.299884005807738,-3.607798919857072
2023122407_1051_42543,42543,SINGLE_HIGH,True,8.89070141349657,Quandre Diggs,7.194499740484359,1.6962016730122116,5.703233993922102,3.1874674195744683
2023122407_1325_42543,42543,SINGLE_HIGH,True,2.660421583104579,Quandre Diggs,2.5124520084765805,0.14796957462799876,1.42741931625938,1.2330022668451992
2023122407_1813_55081,55081,SPLIT_DEEP,False,4.371944623837335,Mike Brown,3.815147581333031,0.5567970425043036,2.6489882891806324,1.7229563346567023
2023122407_2570_47891,47891,SPLIT_DEEP,True,-3.967536380247488,Julian Love,2.309955324343632,-6.27749170459112,3.249841131340462,-7.21737751158795
2023122407_2867_55081,55081,SINGLE_HIGH,False,-1.5567356645579888,Mike Brown,1.409552733730476,-2.966288398288465,2.4220845690059027,-3.9788202335638916
2023122407_3779_55081,55081,SPLIT_DEEP,False,3.4300294607877246,Mike Brown,1.9435246260014845,1.4865048347862402,1.691411289465151,1.7386181713225737
2023122407_3952_55081,55081,SPLIT_DEEP,False,7.193784495274969,Mike Brown,1.5371290827664263,5.6566554125085435,1.3478386717371933,5.845945823537776
2023122408_100_53494,53494,SINGLE_HIGH,True,1.2246516455045366,Andre Cisco,2.0602040224909106,-0.835552376986374,1.3154129969882433,-0.09076135148370668
2023122408_669_53494,53494,SINGLE_HIGH,True,-6.327504889023217,Andre Cisco,1.171918885064455,-7.499423774087672,2.1478378149360378,-8.475342703959255
2023122408_1019_52453,52453,SPLIT_DEEP,True,3.4579494408829854,Antoine Winfield Jr.,3.0574869410341683,0.4004624998488171,2.5872083906006766,0.8707410502823087
2023122408_1019_56543,56543,SPLIT_DEEP,False,5.631628268890344,Kaevon Merriweather,3.556629406067715,2.074998862822629,3.3135435641411197,2.318084704749224
2023122408_1583_52453,52453,SINGLE_HIGH,True,6.992770139941057,Antoine Winfield Jr.,1.9000152155217163,5.09275492441934,2.149721508811407,4.84304863112965
2023122408_1670_53494,53494,SINGLE_HIGH,True,3.652888752346083,Andre Cisco,2.18180804075179,1.471080711594293,3.387957372365692,0.26493137998039096
2023122408_1802_53494,53494,SINGLE_HIGH,True,8.148913693385948,Andre Cisco,4.4131608753155405,3.7357528180704076,3.426508959754136,4.722404733631812
2023122408_2289_52453,52453,SINGLE_HIGH,True,1.969790829933559,Antoine Winfield Jr.,1.4607437053528745,0.5090471245806845,0.6615411360730388,1.3082496938605201
2023122408_2982_52453,52453,SINGLE_HIGH,True,3.6537390237770064,Antoine Winfield Jr.,-0.03597317080687827,3.6897121945838847,1.4267693338782124,2.226969689898794
2023122408_3139_44926,44926,SINGLE_HIGH,True,1.0971047757716867,Rayshawn Jenkins,1.5715253380869099,-0.4744205623152231,1.8672963834333665,-0.7701916076616797
2023122408_3352_56025,56025,SPLIT_DEEP,False,1.071800146152576,Antonio Johnson,1.3554872258324338,-0.28368707967985785,1.1667865981678318,-0.0949864520152559
2023122408_3491_56543,56543,SINGLE_HIGH,False,2.461838124571739,Kaevon Merriweather,2.3820272166803513,0.07981090789138756,2.0993040573134003,0.3625340672583386
2023122408_3669_56540,56540,SINGLE_HIGH,False,9.49114060097214,Christian Izien,8.820403901855247,0.6707366991168922,7.6961272601813295,1.7950133407908098
2023122409_589_44925,44925,SINGLE_HIGH,True,-1.5502479030566398,Eddie Jackson,5.90627594012667,-7.45652384318331,5.896807628054621,-7.4470555311112605
2023122409_716_44925,44925,SINGLE_HIGH,True,11.672942081428962,Eddie Jackson,10.091092039602321,1.581850041826641,9.367156601971086,2.3057854794578763
2023122409_810_44848,44848,SINGLE_HIGH,False,-0.9785720890859048,Budda Baker,0.4043759053338566,-1.3829479944197614,1.2093579952305724,-2.187930084316477
2023122409_1319_44848,44848,SINGLE_HIGH,False,10.585518569016465,Budda Baker,11.552068059987336,-0.9665494909708716,9.573461081609608,1.0120574874068566
2023122409_2168_54513,54513,SPLIT_DEEP,True,1.1498961325707393,Jaquan Brisker,0.1918675052369916,0.9580286273337477,1.2638809058469693,-0.11398477327623002
2023122409_2650_44848,44848,SINGLE_HIGH,False,4.293154837611246,Budda Baker,3.668045115136935,0.6251097224743107,5.520926874414453,-1.2277720368032075
2023122409_3081_54513,54513,SPLIT_DEEP,True,7.3555409029694765,Jaquan Brisker,2.571164043659264,4.784376859310212,2.4885917001833926,4.866949202786084
2023122409_3104_44925,44925,SPLIT_DEEP,True,3.5338081848388567,Eddie Jackson,1.9918110765823032,1.5419971082565536,1.5883861051289259,1.9454220797099309
2023122409_3900_54513,54513,SPLIT_DEEP,True,-0.1630049963706739,Jaquan Brisker,5.337940709692758,-5.5009457060634315,5.995620734375316,-6.15862573074599
2023122409_3923_44925,44925,SPLIT_DEEP,True,13.896069054174522,Eddie Jackson,12.83632814915942,1.0597409050151008,11.657989405004685,2.238079649169837
2023122409_3923_54513,54513,SPLIT_DEEP,True,5.218483591342444,Jaquan Brisker,13.259392634160552,-8.040909042818107,11.87504898866387,-6.656565397321426
2023122410_55_52478,52478,SPLIT_DEEP,False,7.475370920468387,Brandon Jones,1.8722743777180397,5.603096542750347,1.5802063612672583,5.895164559201128
2023122410_504_44827,44827,SPLIT_DEEP,True,14.37910933744068,Malik Hooker,10.951105946576497,3.4280033908641823,11.185089829647485,3.194019507793195
2023122410_504_47996,47996,SPLIT_DEEP,False,4.106633329046328,Donovan Wilson,11.526595754075853,-7.419962425029524,11.604621138334938,-7.49798780928861
2023122410_551_47996,47996,SPLIT_DEEP,False,12.800209375957396,Donovan Wilson,16.598066992695838,-3.797857616738442,14.88092367579088,-2.0807142998334847
2023122410_655_44827,44827,SINGLE_HIGH,True,1.4195457898829744,Malik Hooker,-0.7934873189739999,2.2130331088569744,2.1452902044102693,-0.7257444145272949
2023122410_773_46259,46259,SINGLE_HIGH,True,1.6881893046096508,DeShon Elliott,1.3968230756692595,0.2913662289403913,1.9927968577800392,-0.30460755317038846
2023122410_820_46259,46259,SPLIT_DEEP,True,1.188157459630661,DeShon Elliott,1.5469201537812742,-0.35876269415061324,1.4452196700607551,-0.25706221043009414
2023122410_932_43533,43533,SINGLE_HIGH,False,-8.866630827048668,Jayron Kearse,2.6741314771837974,-11.540762304232466,2.097258450435488,-10.963889277484157
2023122410_1452_43533,43533,SPLIT_DEEP,False,0.8938525113365223,Jayron Kearse,1.6227136261447237,-0.7288611148082014,0.9926340774311946,-0.09878156609467226
2023122410_1734_47996,47996,SPLIT_DEEP,False,4.190843317599292,Donovan Wilson,12.279080194895121,-8.088236877295829,12.662870549912299,-8.472027232313007
2023122410_1757_47996,47996,SPLIT_DEEP,False,1.4433815286033074,Donovan Wilson,1.8208724949226176,-0.37749096631931023,1.2179745636158774,0.22540696498742996
2023122410_1811_47996,47996,SPLIT_DEEP,False,2.4673806050833207,Donovan Wilson,1.5943425467602443,0.8730380583230763,1.0356423238594914,1.4317382812238293
2023122410_1836_47996,47996,SPLIT_DEEP,False,1.5634103905269456,Donovan Wilson,0.9857854429567726,0.577624947570173,0.7779439701138848,0.7854664204130608
2023122410_2278_47996,47996,SINGLE_HIGH,False,-1.224838643220684,Donovan Wilson,1.6956009964998153,-2.9204396397204992,1.7133037500894304,-2.9381423933101143
2023122410_2636_44827,44827,SPLIT_DEEP,True,3.474761375379419,Malik Hooker,2.5705201280015766,0.9042412473778425,3.8257826819413125,-0.35102130656189345
2023122410_2636_47996,47996,SPLIT_DEEP,False,2.9292420540073283,Donovan Wilson,-0.36204932151221186,3.29129137551954,0.9134932278928858,2.0157488261144425
2023122410_2691_47996,47996,SPLIT_DEEP,False,11.431110167059074,Donovan Wilson,12.174144474553776,-0.7430343074947015,11.588573639442075,-0.15746347238300018
2023122410_2744_44827,44827,SPLIT_DEEP,True,3.216124181701677,Malik Hooker,3.0789651519481103,0.13715902975356675,4.441061476163608,-1.2249372944619306
2023122410_2744_47996,47996,SPLIT_DEEP,False,3.098573940025047,Donovan Wilson,0.6123242997795025,2.4862496402455445,1.1973659644854688,1.9012079755395783
2023122410_2823_47996,47996,SPLIT_DEEP,False,6.042398353921193,Donovan Wilson,4.0544845989301965,1.9879137549909967,4.941432502464546,1.100965851456647
2023122410_3385_46259,46259,SINGLE_HIGH,True,7.062361448641862,DeShon Elliott,7.307792239359253,-0.24543079071739093,6.052155777608395,1.010205671033467
2023122410_3522_52478,52478,SPLIT_DEEP,False,2.184208179352056,Brandon Jones,1.9257611751770498,0.258447004175006,1.1885771128010347,0.9956310665510211
2023122410_3861_47996,47996,SPLIT_DEEP,False,2.3533528824749173,Donovan Wilson,1.794583346803143,0.5587695356717743,1.4187298953376164,0.9346229871373009
2023122410_3893_47996,47996,SPLIT_DEEP,False,4.548632354958393,Donovan Wilson,2.2341284573247466,2.3145038976336463,1.5210594360942586,3.0275729188641343
2023122410_3922_44827,44827,SINGLE_HIGH,True,2.2185991672282306,Malik Hooker,2.9776100613857803,-0.7590108941575497,3.3980564598700713,-1.1794572926418407
2023122411_860_48447,48447,SINGLE_HIGH,False,11.383198275963643,P.J. Locke,5.349714682521946,6.033483593441697,4.586737505732312,6.796460770231331
2023122411_1576_48447,48447,SINGLE_HIGH,False,3.032496223981294,P.J. Locke,1.9628872921354725,1.0696089318458215,2.7274709521204707,0.3050252718608233
2023122411_1630_48447,48447,SPLIT_DEEP,False,-0.0110507855623644,P.J. Locke,1.0752216630033045,-1.086272448565669,1.5020622444202658,-1.5131130299826303
2023122411_1691_48447,48447,SPLIT_DEEP,False,11.078832309924774,P.J. Locke,6.812813747757285,4.266018562167489,7.600909242909676,3.477923067015098
2023122411_2070_43387,43387,SINGLE_HIGH,True,7.02663477653082,Justin Simmons,10.551303817551677,-3.524669041020857,10.498570411871981,-3.4719356353411612
2023122411_2240_52445,52445,SINGLE_HIGH,False,5.736034502703484,Kyle Dugger,0.4643229394049033,5.271711563298581,2.6085911194805913,3.127443383222893
2023122411_2602_48447,48447,SINGLE_HIGH,False,14.057833537410218,P.J. Locke,13.800673478083052,0.2571600593271661,11.774451610783569,2.2833819266266495
2023122411_2665_43387,43387,SPLIT_DEEP,True,5.448442475422355,Justin Simmons,1.6319234376526126,3.8165190377697424,1.599967477440833,3.848474997981522
2023122411_2713_43387,43387,SPLIT_DEEP,True,7.032229425827346,Justin Simmons,1.48945189905623,5.542777526771116,1.8401670805227113,5.192062345304635
2023122411_2713_48447,48447,SPLIT_DEEP,False,4.204138004582967,P.J. Locke,2.5710585611025305,1.6330794434804368,2.850350943937155,1.3537870606458124
2023122411_3099_52445,52445,SINGLE_HIGH,False,6.718364110265802,Kyle Dugger,1.0486799378430376,5.669684172422764,1.8347938520631466,4.8835702582026554
2023122411_3192_52445,52445,SINGLE_HIGH,False,14.881001094941888,Kyle Dugger,12.108072128849406,2.7729289660924827,13.146426003630667,1.7345750913112212
2023122411_4151_43387,43387,SINGLE_HIGH,True,8.1188553694753,Justin Simmons,7.857849681828813,0.26100568764648724,7.823522986516821,0.2953323829584793
2023122500_572_46137,46137,SPLIT_DEEP,False,10.503079579837127,Justin Reid,3.880949914411902,6.622129665425225,3.469043416857186,7.034036162979941
2023122500_602_55984,55984,SINGLE_HIGH,False,-3.2279801654104165,Chamarri Conner,0.9274518992830918,-4.155432064693509,1.8175335956844387,-5.045513761094855
2023122500_625_46137,46137,SINGLE_HIGH,False,-0.0527026756136024,Justin Reid,1.530380512062552,-1.5830831876761544,1.777135442186525,-1.8298381178001275
2023122500_1047_46137,46137,SPLIT_DEEP,False,-7.653447943328585,Justin Reid,1.2964790830572663,-8.94992702638585,1.6033121449506762,-9.256760088279261
2023122500_1047_47882,47882,SPLIT_DEEP,False,7.858315608358979,Mike Edwards,3.3250335031553298,4.53328210520365,2.815470651179597,5.0428449571793825
2023122500_1211_47974,47974,SPLIT_DEEP,True,-4.767890063413441,Marcus Epps,1.0150260581133363,-5.782916121526777,1.2459926972422632,-6.013882760655704
2023122500_1516_47882,47882,SINGLE_HIGH,False,8.458766153198095,Mike Edwards,6.202802680045386,2.2559634731527085,5.092285701520315,3.3664804516777798
2023122500_2328_55984,55984,SPLIT_DEEP,False,2.2377739090333506,Chamarri Conner,16.01268945365023,-13.774915544616878,16.15829467635542,-13.92052076732207
2023122500_2875_47974,47974,SPLIT_DEEP,True,-6.7543712390146915,Marcus Epps,2.967065254022752,-9.721436493037444,2.3966642195629753,-9.151035458577667
2023122500_2875_53472,53472,SPLIT_DEEP,True,0.8608925352324786,Tre'von Moehrig,2.8333313010828305,-1.972438765850352,3.209216854542154,-2.3483243193096754
2023122500_3235_47974,47974,SPLIT_DEEP,True,4.174824709841944,Marcus Epps,3.640591262066599,0.5342334477753452,3.466196302878558,0.7086284069633866
2023122500_3235_53472,53472,SPLIT_DEEP,True,8.159033501703236,Tre'von Moehrig,2.2912924600252955,5.867741041677941,1.693030334570219,6.466003167133017
2023122500_3950_47974,47974,SPLIT_DEEP,True,-3.701005773466005,Marcus Epps,1.6415465785982428,-5.3425523520642475,1.9267098361276762,-5.627715609593681
2023122500_3950_53472,53472,SPLIT_DEEP,True,-5.620144320339751,Tre'von Moehrig,1.1942198949964051,-6.814364215336156,1.7906329065980522,-7.410777226937803
2023122500_4009_47974,47974,SINGLE_HIGH,True,6.033502393227371,Marcus Epps,0.3595825154758179,5.673919877751553,3.2077828826655175,2.8257195105618536
2023122500_4032_47974,47974,SINGLE_HIGH,True,1.368959719343767,Marcus Epps,1.3060564307353275,0.06290328860843952,2.10236582331272,-0.733406103968953
2023122501_632_53604,53604,SINGLE_HIGH,True,-2.828557788882886,Jason Pinnock,6.084203980715703,-8.912761769598589,6.12946315930201,-8.958020948184895
2023122501_1619_43353,43353,SPLIT_DEEP,False,6.537227532616901,Kevin Byard,1.4033058112299155,5.133921721386986,1.5292105571260297,5.008016975490872
2023122501_1911_54808,54808,SPLIT_DEEP,True,2.9318175911884623,Reed Blankenship,2.397279420012147,0.5345381711763153,1.145809077429206,1.7860085137592563
2023122501_2151_53604,53604,SPLIT_DEEP,True,-1.0241308303958458,Jason Pinnock,3.0229155587319254,-4.047046389127772,4.331736435053386,-5.355867265449231
2023122501_3025_53604,53604,SINGLE_HIGH,True,0.2592175440524134,Jason Pinnock,1.5820042162369425,-1.3227866721845292,2.001607748917243,-1.7423902048648294
2023122501_3050_52444,52444,SINGLE_HIGH,True,-6.782306814041247,Xavier McKinney,5.006890912454911,-11.789197726496159,3.906589971005336,-10.688896785046584
2023122501_3275_54579,54579,SINGLE_HIGH,False,10.88159141974103,Dane Belton,5.069274574172212,5.812316845568818,4.2092987757835925,6.672292643957437
2023122501_3618_43353,43353,SINGLE_HIGH,False,4.574922927092739,Kevin Byard,0.7882304344949678,3.786692492597772,1.7781281807799392,2.7967947463128002
2023122501_4421_54808,54808,SPLIT_DEEP,True,0.6865545085797997,Reed Blankenship,12.017512296515026,-11.330957787935226,13.041249321782516,-12.354694813202716
2023122502_241_44854,44854,SPLIT_DEEP,False,6.917345862691064,Marcus Williams,0.8592957790567225,6.058050083634342,1.9490164676847126,4.968329395006352
2023122502_241_54479,54479,SPLIT_DEEP,False,0.9442326749240096,Kyle Hamilton,2.2853306992965416,-1.3410980243725321,2.8103671121240072,-1.8661344371999977
2023122502_274_44854,44854,SPLIT_DEEP,False,5.388317918818817,Marcus Williams,0.8053959022860633,4.582922016532754,1.7240710830981811,3.664246835720636
2023122502_274_54479,54479,SPLIT_DEEP,False,4.067760942822701,Kyle Hamilton,-0.584721072180486,4.652482015003186,0.43903173566114084,3.6287292071615598
2023122502_1040_54479,54479,SINGLE_HIGH,False,1.6105727546749176,Kyle Hamilton,0.9279431404858705,0.6826296141890471,1.8717255413382556,-0.2611527866633381
2023122502_1113_44854,44854,SPLIT_DEEP,False,2.082421480534018,Marcus Williams,4.8185460140840695,-2.7361245335500515,4.512707131423802,-2.4302856508897843
2023122502_1363_38868,38868,SPLIT_DEEP,True,4.326296238035576,Tashaun Gipson,6.337192929203343,-2.0108966911677664,4.664943481437277,-0.3386472434017005
2023122502_2104_38868,38868,SPLIT_DEEP,True,6.595687927079924,Tashaun Gipson,1.3474638131804997,5.248224113899424,1.4656439192583104,5.130044007821613
2023122502_2210_55952,55952,SINGLE_HIGH,False,12.309267374045266,Ji'Ayir Brown,9.360444977752454,2.9488223962928117,7.585482304721286,4.72378506932398
2023122502_2391_44854,44854,SINGLE_HIGH,False,-0.0660431751907584,Marcus Williams,2.184072625820324,-2.2501158010110824,2.6238936298644964,-2.689936805055255
2023122502_3188_44854,44854,SPLIT_DEEP,False,-4.810734312895434,Marcus Williams,2.754719349856817,-7.565453662752251,3.2880062460983606,-8.098740558993795
2023122502_3188_52627,52627,SPLIT_DEEP,True,-2.244538827980783,Geno Stone,1.5098960566434783,-3.7544348846242612,1.2939333506688921,-3.538472178649675
2023122502_3610_52627,52627,SPLIT_DEEP,True,0.5454992425039276,Geno Stone,1.1523458605346628,-0.6068466180307353,1.6860379109661148,-1.1405386684621872
2023122502_3871_44854,44854,SINGLE_HIGH,False,1.9267165518291731,Marcus Williams,0.5776713318285228,1.3490452200006504,0.7029990110735334,1.2237175407556398
2023122502_4419_44854,44854,SPLIT_DEEP,False,5.075410129028435,Marcus Williams,-0.7021195682069048,5.777529697235339,1.000899607406529,4.074510521621906
2023122502_4419_52627,52627,SPLIT_DEEP,True,2.9570317230830176,Geno Stone,0.7963669409605078,2.16066478212251,0.7162932273374931,2.2407384957455245
2023122800_209_46186,46186,SPLIT_DEEP,False,-3.866287674790412,Jordan Whitehead,0.9113361978103441,-4.777623872600756,2.3340854674396603,-6.200373142230072
2023122800_209_54833,54833,SPLIT_DEEP,False,-3.023723333950368,Tony Adams,1.0407257529254117,-4.06444908687578,2.031855181036054,-5.055578514986422
2023122800_320_47846,47846,SINGLE_HIGH,False,8.13685060900904,Juan Thornhill,6.041737574278184,2.095113034730856,6.961290381574834,1.1755602274342056
2023122800_752_46186,46186,SINGLE_HIGH,False,1.349300342489009,Jordan Whitehead,1.4268595766785028,-0.07755923418949373,1.3623971299121296,-0.013096787423120482
2023122800_932_56405,56405,SINGLE_HIGH,False,1.529650256167369,Ronnie Hickman Jr.,-0.7367594458839554,2.2664097020513245,0.736068060640962,0.7935821955264071
2023122800_1094_47846,47846,SPLIT_DEEP,False,0.9041178678102986,Juan Thornhill,1.8564667374482673,-0.9523488696379687,1.5068555699194803,-0.6027377021091818
2023122800_1342_56405,56405,SINGLE_HIGH,False,5.683347836969997,Ronnie Hickman Jr.,5.1808431637773875,0.5025046731926093,4.783156402838926,0.900191434131071
2023122800_1483_46186,46186,SINGLE_HIGH,False,4.874362600512843,Jordan Whitehead,5.271647275440599,-0.3972846749277563,5.072027442639116,-0.19766484212627322
2023122800_1508_46186,46186,SINGLE_HIGH,False,10.420868321809984,Jordan Whitehead,6.845217963116804,3.5756503586931796,7.624669841891956,2.7961984799180275
2023122800_1998_54833,54833,SPLIT_DEEP,False,5.606481171131553,Tony Adams,2.1852751773623806,3.4212059937691723,1.7371554121981063,3.8693257589334467
2023122800_2524_47846,47846,SINGLE_HIGH,False,-1.4095751728099175,Juan Thornhill,0.2818538643147255,-1.691429037124643,1.5667271570430596,-2.9763023298529774
2023122800_3114_46186,46186,SINGLE_HIGH,False,0.0618545000744905,Jordan Whitehead,10.869831137509436,-10.807976637434946,9.024557301163192,-8.962702801088701
2023122800_4495_47846,47846,SPLIT_DEEP,False,1.916476855761175,Juan Thornhill,1.4009000308549537,0.5155768249062214,1.0682551704386647,0.8482216853225104
2023123000_101_47996,47996,SPLIT_DEEP,False,3.421837548896696,Donovan Wilson,1.7059590791676529,1.7158784697290432,1.224082104253938,2.197755444642758
2023123000_126_44827,44827,SINGLE_HIGH,True,-4.565303632173286,Malik Hooker,1.5737863732278201,-6.139090005401107,1.4809572298994809,-6.046260862072767
2023123000_481_53530,53530,SINGLE_HIGH,False,6.195249722414575,Ifeatu Melifonwu,0.7796581394755808,5.415591582938994,1.1214300613785637,5.073819661036011
2023123000_675_54562,54562,SPLIT_DEEP,True,3.17630303200896,Kerby Joseph,0.5803248228378887,2.5959782091710712,1.4558181560275507,1.720484875981409
2023123000_941_53530,53530,SINGLE_HIGH,False,-4.805992418096031,Ifeatu Melifonwu,0.866518168228954,-5.672510586324986,1.2066434954400336,-6.012635913536065
2023123000_1089_54562,54562,SPLIT_DEEP,True,6.035891794358205,Kerby Joseph,2.286166502158474,3.7497252921997313,1.7723610173022397,4.263530777055966
2023123000_1326_47996,47996,SINGLE_HIGH,False,1.9644320677698823,Donovan Wilson,0.5856585011077776,1.3787735666621046,1.3246967966956813,0.639735271074201
2023123000_1521_43533,43533,SINGLE_HIGH,False,-2.560012260173294,Jayron Kearse,0.22222277674587684,-2.782235036919171,1.1487584540393394,-3.7087707142126334
2023123000_2314_43533,43533,SINGLE_HIGH,False,4.087389821364908,Jayron Kearse,2.2112734176195716,1.876116403745336,1.7053890657923745,2.382000755572533
2023123000_2735_53530,53530,SINGLE_HIGH,False,2.2511337042390034,Ifeatu Melifonwu,2.2955549023473223,-0.044421198108318904,1.7067878146224444,0.5443458896165589
2023123000_2876_44827,44827,SINGLE_HIGH,True,18.514781228046974,Malik Hooker,11.736959062967609,6.777822165079366,14.772886269195045,3.7418949588519297
2023123000_3119_54562,54562,SINGLE_HIGH,True,9.24815589790312,Kerby Joseph,11.128930700623469,-1.8807748027203495,10.879288269380075,-1.631132371476955
2023123000_3895_47996,47996,SPLIT_DEEP,False,0.8420379077404139,Donovan Wilson,1.4779957191503816,-0.6359578114099678,1.8502085016682521,-1.0081705939278383
2023123000_3943_47996,47996,SPLIT_DEEP,False,2.118501732015158,Donovan Wilson,0.8541001818488707,1.2644015501662873,1.1621241093355188,0.9563776226796392
2023123000_3991_44827,44827,SPLIT_DEEP,True,-1.9180009964143725,Malik Hooker,0.629619158931449,-2.5476201553458218,2.3713498955974917,-4.289350892011864
2023123101_106_44854,44854,SPLIT_DEEP,False,1.071093201345544,Marcus Williams,1.0983614939207176,-0.02726829257517349,0.39233764445576114,0.678755556889783
2023123101_308_53465,53465,SPLIT_DEEP,False,15.27089827655887,Jevon Holland,10.26538314814275,5.005515128416121,10.783394897594535,4.487503378964336
2023123101_428_46259,46259,SPLIT_DEEP,True,11.704581473053793,DeShon Elliott,8.206374465525101,3.4982070075286913,6.1929562025389036,5.511625270514889
2023123101_500_46259,46259,SINGLE_HIGH,True,10.72039312007846,DeShon Elliott,8.240041774042705,2.4803513460357554,7.59571781524434,3.1246753048341205
2023123101_576_52627,52627,SINGLE_HIGH,True,-0.4340635985223606,Geno Stone,1.8087610819688615,-2.242824680491222,1.6700100346458058,-2.1040736331681664
2023123101_903_52627,52627,SPLIT_DEEP,True,4.488525143079887,Geno Stone,1.9794759493617422,2.5090491937181447,2.981708061094438,1.5068170819854485
2023123101_968_44854,44854,SPLIT_DEEP,False,-2.127949307613168,Marcus Williams,1.2416059558223624,-3.3695552634355304,0.32710458153561817,-2.455053889148786
2023123101_968_52627,52627,SPLIT_DEEP,True,1.515041340145249,Geno Stone,0.8170053194862155,0.6980360206590335,1.5539086268462299,-0.03886728670098094
2023123101_1038_52627,52627,SPLIT_DEEP,True,-2.9183540409618303,Geno Stone,0.8151112906321651,-3.7334653315939956,0.9891303359118213,-3.9074843768736516
2023123101_1486_44854,44854,SPLIT_DEEP,False,5.455918111803149,Marcus Williams,0.6499270396056188,4.805991072197529,0.5822826634472911,4.8736354483558575
2023123101_1486_52627,52627,SPLIT_DEEP,True,4.29704120374231,Geno Stone,0.7453555582190402,3.55168564552327,0.49935683804972797,3.7976843656925823
2023123101_1556_52627,52627,SINGLE_HIGH,True,8.344294665245933,Geno Stone,13.082712770047495,-4.738418104801562,13.71085304639898,-5.366558381153048
2023123101_1579_44854,44854,SINGLE_HIGH,False,16.080263161201216,Marcus Williams,13.646087344973848,2.434175816227368,12.817523259437381,3.262739901763835
2023123101_1724_46259,46259,SINGLE_HIGH,True,14.063572134244565,DeShon Elliott,12.698942721565235,1.3646294126793297,12.183510941281769,1.8800611929627955
2023123101_1830_44854,44854,SINGLE_HIGH,False,2.082211000143559,Marcus Williams,1.2454491800928202,0.8367618200507387,1.83100774739383,0.251203252749729
2023123101_1976_53465,53465,SPLIT_DEEP,False,9.495945593725642,Jevon Holland,1.4261165096350306,8.06982908409061,1.6326133863161978,7.863332207409444
2023123101_2090_52627,52627,SPLIT_DEEP,True,-1.3669456463784222,Geno Stone,1.8374873321730119,-3.2044329785514343,1.9727431356535838,-3.339688782032006
2023123101_2126_52627,52627,SPLIT_DEEP,True,-3.178066608649889,Geno Stone,7.865837676466588,-11.043904285116476,6.723585906775858,-9.901652515425747
2023123101_2149_52627,52627,SPLIT_DEEP,True,2.203502305627615,Geno Stone,1.259158309661407,0.9443439959662081,1.2920667836930573,0.9114355219345578
2023123101_2672_53465,53465,SINGLE_HIGH,False,-3.9759159188763817,Jevon Holland,1.3518771669494642,-5.327793085825846,1.622670550939775,-5.598586469816157
2023123101_2785_44854,44854,SPLIT_DEEP,False,5.565928312392571,Marcus Williams,0.5702974910189215,4.995630821373649,1.2981439552435319,4.267784357149039
2023123101_2785_52627,52627,SPLIT_DEEP,True,0.7634247752321981,Geno Stone,0.873252763358509,-0.1098279881263109,0.8552116857838055,-0.09178691055160737
2023123101_3102_52627,52627,SPLIT_DEEP,True,11.232782932627623,Geno Stone,6.25530322770382,4.9774797049238035,5.6575691455623875,5.575213787065236
2023123101_3150_52627,52627,SPLIT_DEEP,True,18.75250100771961,Geno Stone,13.967831658020357,4.784669349699252,14.267678441976434,4.484822565743174
2023123101_3380_46259,46259,SINGLE_HIGH,True,1.7842370184958227,DeShon Elliott,1.7389037137039494,0.04533330479187336,1.7224679270980898,0.0617690913977329
2023123102_456_40166,40166,SINGLE_HIGH,False,6.403113911933155,Jordan Poyer,2.203501720030162,4.199612191902993,2.877631639913684,3.525482272019471
2023123102_1893_52445,52445,SINGLE_HIGH,False,4.811019619364854,Kyle Dugger,1.52067712189192,3.290342497472934,1.950229057195509,2.8607905621693446
2023123102_3340_40107,40107,SINGLE_HIGH,True,16.06987031713195,Micah Hyde,16.219606659526537,-0.14973634239458633,14.773902369154428,1.2959679479775232
2023123102_3542_52445,52445,SINGLE_HIGH,False,1.0319018325936673,Kyle Dugger,1.9983441776803568,-0.9664423450866895,1.7155829660065685,-0.6836811334129012
2023123102_3636_52445,52445,SINGLE_HIGH,False,2.1709764126021343,Kyle Dugger,2.1314475541763582,0.039528858425776026,1.0517026036931547,1.1192738089089795
2023123103_55_44925,44925,SINGLE_HIGH,True,-4.512371952654604,Eddie Jackson,6.062756652430002,-10.575128605084606,6.5207192244954015,-11.033091177150006
2023123103_112_44925,44925,SINGLE_HIGH,True,21.14879879506719,Eddie Jackson,17.200152135008224,3.948646660058966,15.870721067981265,5.278077727085925
2023123103_221_56089,56089,SINGLE_HIGH,False,15.321309141718464,DeMarcco Hellams,14.40366838563871,0.9176407560797539,11.910737928232209,3.4105712134862554
2023123103_599_44925,44925,SINGLE_HIGH,True,7.175528277230342,Eddie Jackson,2.3847205888365663,4.790807688393775,2.9067598779908357,4.268768399239506
2023123103_668_44925,44925,SINGLE_HIGH,True,15.80653240571483,Eddie Jackson,11.352816712045342,4.453715693669487,11.6792970408149,4.12723536489993
2023123103_910_46123,46123,SINGLE_HIGH,True,1.8929231593671023,Jessie Bates,1.9167160003722423,-0.02379284100514001,1.2700567570479233,0.622866402319179
2023123103_1202_44925,44925,SINGLE_HIGH,True,0.3155156405771429,Eddie Jackson,0.6837773046685709,-0.368261664091428,1.3846379871148446,-1.0691223465377018
2023123103_1655_44925,44925,SPLIT_DEEP,True,6.135494680956039,Eddie Jackson,1.6010275971014363,4.534467083854603,2.279795643121709,3.85569903783433
2023123103_1655_54513,54513,SPLIT_DEEP,True,-2.1916023327705805,Jaquan Brisker,1.6501015340728298,-3.8417038668434103,0.8519665601174697,-3.04356889288805
2023123103_2053_56089,56089,SINGLE_HIGH,False,-2.3142480209134497,DeMarcco Hellams,1.2755899401093167,-3.5898379610227664,2.497614260741778,-4.811862281655228
2023123103_2528_56089,56089,SINGLE_HIGH,False,-0.0149644034853366,DeMarcco Hellams,9.219891660102967,-9.234856063588303,8.475324277403518,-8.490288680888854
2023123103_2843_54513,54513,SPLIT_DEEP,True,1.593964796513566,Jaquan Brisker,2.072895585196433,-0.4789307886828671,2.3313043202667005,-0.7373395237531346
2023123103_2998_56089,56089,SINGLE_HIGH,False,12.5119543807875,DeMarcco Hellams,10.565893201590304,1.946061179197196,10.864653541623516,1.647300839163984
2023123103_3262_44925,44925,SPLIT_DEEP,True,5.5103856513977645,Eddie Jackson,5.448746474927624,0.06163917647014028,3.590737955790514,1.9196476956072503
2023123103_3262_54513,54513,SPLIT_DEEP,True,8.918743407952567,Jaquan Brisker,5.011407055847614,3.907336352104953,3.050198241637629,5.868545166314938
2023123103_3285_54513,54513,SPLIT_DEEP,True,-2.3980117273451125,Jaquan Brisker,1.043670268943143,-3.4416819962882554,1.648524568392883,-4.046536295737996
2023123103_3346_44925,44925,SPLIT_DEEP,True,0.7577702455023054,Eddie Jackson,1.333064516857262,-0.5752942713549565,1.5804308610820827,-0.8226606155797773
2023123103_3346_54513,54513,SPLIT_DEEP,True,0.7630480736835041,Jaquan Brisker,0.9371712500541839,-0.17412317637067976,0.8952279965439303,-0.13217992286042612
2023123103_3802_46123,46123,SINGLE_HIGH,True,15.010989410222027,Jessie Bates,7.764477990110302,7.246511420111726,11.195628683920642,3.8153607263013853
2023123103_3906_54513,54513,SPLIT_DEEP,True,0.1947149640725758,Jaquan Brisker,1.8677027851700547,-1.672987821097479,2.0167768473129772,-1.8220618832404014
2023123103_3929_44925,44925,SPLIT_DEEP,True,1.8236917996784945,Eddie Jackson,4.9374507364875715,-3.1137589368090772,4.228097728470168,-2.4044059287916735
2023123103_3929_54513,54513,SPLIT_DEEP,True,-1.6361591028225,Jaquan Brisker,4.106574062133813,-5.742733164956313,4.864049067347459,-6.500208170169959
2023123104_80_43474,43474,SPLIT_DEEP,False,26.1619583401335,DeAndre Houston-Carson,13.102745466338074,13.059212873795424,15.573930714947824,10.588027625185674
2023123104_80_54502,54502,SPLIT_DEEP,True,12.450028601733957,Jalen Pitre,9.812367480966984,2.637661120766973,15.108387184068047,-2.65835858233409
2023123104_683_43474,43474,SPLIT_DEEP,False,18.95927392272596,DeAndre Houston-Carson,17.0899354510973,1.8693384716286587,16.543683530427124,2.415590392298835
2023123104_683_54502,54502,SPLIT_DEEP,True,17.08493014829582,Jalen Pitre,16.719203639254257,0.36572650904156134,16.10662430475618,0.978305843539637
2023123104_1048_52535,52535,SPLIT_DEEP,False,5.395093210003292,K'Von Wallace,3.359084863877579,2.0360083461257132,2.593415068175294,2.801678141827998
2023123104_1341_53529,53529,SPLIT_DEEP,False,10.900052674571242,Elijah Molden,5.994267697938114,4.905784976633128,6.031184141848151,4.868868532723091
2023123104_1682_52535,52535,SPLIT_DEEP,False,2.409235472609068,K'Von Wallace,0.7611723986765003,1.6480630739325677,0.30294398170178205,2.106291490907286
2023123104_1769_43474,43474,SPLIT_DEEP,False,3.7458692524862816,DeAndre Houston-Carson,4.998228457949638,-1.2523592054633568,5.315240925968418,-1.5693716734821361
2023123104_1769_54502,54502,SPLIT_DEEP,True,7.590135114139019,Jalen Pitre,4.6738731522619,2.916261961877119,4.746555556725459,2.84357955741356
2023123104_1878_43474,43474,SPLIT_DEEP,False,6.3723004400558025,DeAndre Houston-Carson,3.4170553694993573,2.9552450705564453,5.8639133037761955,0.5083871362796071
2023123104_2083_53529,53529,SINGLE_HIGH,False,-2.3108843228963423,Elijah Molden,2.51696203765716,-4.827846360553503,2.2076992417397694,-4.518583564636112
2023123104_2452_54502,54502,SPLIT_DEEP,True,2.5480758393248912,Jalen Pitre,1.823666374605547,0.7244094647193442,1.2990450035249346,1.2490308357999567
2023123104_3052_54502,54502,SPLIT_DEEP,True,-2.5505467729890814,Jalen Pitre,0.8598305322417262,-3.4103773052308077,1.5332803204080543,-4.083827093397136
2023123105_100_47974,47974,SINGLE_HIGH,True,3.163782971138369,Marcus Epps,2.1328668413610012,1.030916129777368,3.067006105491232,0.09677686564713728
2023123105_746_54561,54561,SINGLE_HIGH,False,4.1723784007847975,Nick Cross,0.8225183522390942,3.349860048545703,1.2625767846139766,2.909801616170821
2023123105_892_54561,54561,SINGLE_HIGH,False,21.7364431992903,Nick Cross,20.413154272910873,1.3232889263794263,17.67325201310466,4.063191186185641
2023123105_1182_47974,47974,SPLIT_DEEP,True,-1.3724575078542491,Marcus Epps,2.0075084277257673,-3.3799659355800165,1.2556470512245301,-2.6281045590787793
2023123105_1453_54561,54561,SINGLE_HIGH,False,6.639550917222174,Nick Cross,5.043285753643974,1.5962651635781997,4.144787899885998,2.494763017336176
2023123105_1629_47974,47974,SPLIT_DEEP,True,2.9624893097717093,Marcus Epps,1.7821381526074058,1.1803511571643035,0.9815782369487671,1.9809110728229422
2023123105_1819_54561,54561,SINGLE_HIGH,False,1.4063318649060186,Nick Cross,5.760327823092587,-4.353995958186569,7.3630020088307315,-5.956670143924713
2023123105_2051_54561,54561,SINGLE_HIGH,False,2.417435073622781,Nick Cross,1.3476472611503654,1.0697878124724156,0.9864641751702319,1.430970898452549
2023123105_2489_47974,47974,SINGLE_HIGH,True,8.322661479434629,Marcus Epps,11.569311070584073,-3.2466495911494437,10.741722216235663,-2.4190607368010344
2023123105_3366_54561,54561,SINGLE_HIGH,False,26.121542784935443,Nick Cross,16.015235885923488,10.106306899011955,16.433562019470596,9.687980765464847
2023123105_3389_54561,54561,SINGLE_HIGH,False,0.0338378427019199,Nick Cross,-0.014832017534063921,0.04866986023598382,0.5260013766811742,-0.4921635339792543
2023123105_3936_54561,54561,SINGLE_HIGH,False,0.4524363938538478,Nick Cross,1.1991318622571054,-0.7466954684032576,2.387123734049566,-1.934687340195718
2023123105_3961_54561,54561,SINGLE_HIGH,False,-0.9960354525684528,Nick Cross,4.4009261218411355,-5.3969615744095885,4.284646288074721,-5.280681740643174
2023123106_109_43350,43350,SPLIT_DEEP,False,-1.2774512030581615,Vonn Bell,1.3440445252103073,-2.621495728268469,1.6074669877735905,-2.884918190831752
2023123106_415_53494,53494,SINGLE_HIGH,True,-1.1767465862578297,Andre Cisco,2.414580873951652,-3.591327460209482,2.3153817715848373,-3.4921283578426667
2023123106_1160_45004,45004,SPLIT_DEEP,False,2.054701656995541,Xavier Woods,1.796642342963016,0.25805931403252513,1.802991542519747,0.2517101144757943
2023123106_1210_43350,43350,SPLIT_DEEP,False,0.5224398442118439,Vonn Bell,2.0889950919751032,-1.5665552477632594,2.2444080610666735,-1.7219682168548296
2023123106_1453_43350,43350,SINGLE_HIGH,False,16.41277220226022,Vonn Bell,13.497578083177064,2.915194119083157,13.789707843426658,2.623064358833563
2023123106_1699_45004,45004,SPLIT_DEEP,False,1.6083900250710037,Xavier Woods,0.7824231999746623,0.8259668250963415,0.5713464293729196,1.0370435956980841
2023123106_2212_48508,48508,SINGLE_HIGH,False,12.140945349864223,Andrew Wingard,11.015683937559341,1.1252614123048819,10.655789536778787,1.485155813085436
2023123106_2476_45004,45004,SPLIT_DEEP,False,5.523439845754929,Xavier Woods,0.7189002634866983,4.80453958226823,1.8179208512478189,3.70551899450711
2023123106_2872_53494,53494,SPLIT_DEEP,True,2.5785328939537866,Andre Cisco,2.4453162742140937,0.1332166197396929,2.175565939548992,0.40296695440479446
2023123106_2897_53494,53494,SINGLE_HIGH,True,-7.571024043266293,Andre Cisco,4.712141229251104,-12.283165272517397,4.673613824912501,-12.244637868178796
2023123106_2984_53494,53494,SINGLE_HIGH,True,16.438787914389554,Andre Cisco,13.698399307233663,2.740388607155891,12.29375918355304,4.145028730836513
2023123106_3151_48508,48508,SINGLE_HIGH,False,-0.5856244085014701,Andrew Wingard,14.703488203744579,-15.289112612246049,14.558391360956918,-15.144015769458388
2023123106_3493_44926,44926,SPLIT_DEEP,True,-2.9308472852266103,Rayshawn Jenkins,-0.6214713652447227,-2.3093759199818877,0.0551951815043914,-2.9860424667310017
2023123107_262_53604,53604,SINGLE_HIGH,True,2.744033317927795,Jason Pinnock,1.8318298664627854,0.9122034514650097,2.0273939500541793,0.7166393678736158
2023123107_346_53604,53604,SPLIT_DEEP,True,4.9184820205958415,Jason Pinnock,0.7905984820167696,4.127883538579072,0.985743236873958,3.9327387837218835
2023123107_500_52607,52607,SPLIT_DEEP,True,14.65076409222704,Jordan Fuller,10.88239751414472,3.76836657808232,12.542341304649511,2.1084227875775294
2023123107_1207_52444,52444,SPLIT_DEEP,True,3.738642025413497,Xavier McKinney,1.6086229877012796,2.1300190377122172,0.8802887559286408,2.8583532694848564
2023123107_1207_54579,54579,SPLIT_DEEP,False,0.8507707807889453,Dane Belton,2.5358609474854332,-1.685090166696488,2.2315828309425347,-1.3808120501535894
2023123107_1239_52444,52444,SINGLE_HIGH,True,12.792364370200676,Xavier McKinney,9.877746238676226,2.914618131524451,10.39735832027996,2.395006049920717
2023123107_1417_52444,52444,SPLIT_DEEP,True,0.8128420784623955,Xavier McKinney,1.6717639251161904,-0.8589218466537949,0.7320478465540443,0.08079423190835122
2023123107_1464_52444,52444,SPLIT_DEEP,True,4.895134495262566,Xavier McKinney,5.672708980502292,-0.7775744852397262,4.094880622430238,0.8002538728323279
2023123107_1464_54579,54579,SPLIT_DEEP,False,2.519581215868054,Dane Belton,-1.1818509736754863,3.7014321895435405,1.578245860337839,0.9413353555302151
2023123107_1929_52607,52607,SINGLE_HIGH,True,13.033137391243413,Jordan Fuller,10.78142740329975,2.251709987943663,9.582525440348938,3.4506119508944746
2023123107_2219_44903,44903,SPLIT_DEEP,False,-1.2170900528471895,John Johnson,1.5708244317976712,-2.787914484644861,0.9419839070382654,-2.159073959885455
2023123107_2826_52607,52607,SINGLE_HIGH,True,21.25733505150617,Jordan Fuller,14.836441675632786,6.420893375873385,16.84254068278971,4.414794368716461
2023123107_2956_54579,54579,SINGLE_HIGH,False,6.195146399781475,Dane Belton,1.4671249124494044,4.728021487332071,2.2451594836787567,3.949986916102718
2023123107_3112_44903,44903,SPLIT_DEEP,False,8.588490489270379,John Johnson,9.87875857199801,-1.2902680827276303,10.649781076727285,-2.061290587456906
2023123107_3241_44903,44903,SPLIT_DEEP,False,0.9955045142045656,John Johnson,2.794187521824211,-1.7986830076196454,3.095703962469405,-2.1001994482648394
2023123107_3241_52607,52607,SPLIT_DEEP,True,-2.3774843943651955,Jordan Fuller,1.4166007812633543,-3.79408517562855,1.2668981729732156,-3.644382567338411
2023123107_3330_54579,54579,SINGLE_HIGH,False,14.056729987358114,Dane Belton,8.65355763900931,5.403172348348804,10.164478462860346,3.892251524497768
2023123107_3589_44903,44903,SPLIT_DEEP,False,-0.2164111786816214,John Johnson,1.6853273956790469,-1.9017385743606683,1.257238471694249,-1.4736496503758705
2023123107_3719_52444,52444,SINGLE_HIGH,True,1.3274337799991,Xavier McKinney,0.8697769426815667,0.45765683731753337,1.150356220652288,0.17707755934681213
2023123108_456_54808,54808,SINGLE_HIGH,True,5.528294800681982,Reed Blankenship,1.3172641947759112,4.211030605906071,1.354090652130246,4.174204148551736
2023123108_944_43353,43353,SPLIT_DEEP,False,0.3507634999299247,Kevin Byard,0.6274669390516155,-0.2767034391216908,0.8291427181208402,-0.47837921819091545
2023123108_1048_55931,55931,SPLIT_DEEP,False,9.70203941944364,Sydney Brown,7.355644160510347,2.346395258933293,7.005680042859478,2.6963593765841622
2023123108_1789_44848,44848,SINGLE_HIGH,False,20.79678211881398,Budda Baker,13.86717468173007,6.929607437083909,13.627129683104048,7.169652435709931
2023123108_3621_54808,54808,SINGLE_HIGH,True,7.968453978183199,Reed Blankenship,5.9194188775147,2.0490351006684984,4.325501205508937,3.6429527726742617
2023123108_3900_54819,54819,SPLIT_DEEP,False,5.549958898057417,Joey Blount,4.579871573331804,0.970087324725613,7.738580768884088,-2.1886218708266707
2023123109_117_46711,46711,SINGLE_HIGH,False,3.639051719197207,Ryan Neal,6.337731413449829,-2.698679694252622,6.263132356428284,-2.624080637231077
2023123109_766_40017,40017,SPLIT_DEEP,True,-6.604259682774359,Tyrann Mathieu,3.5427889480224115,-10.147048630796771,2.1027619049395962,-8.707021587713955
2023123109_766_56011,56011,SPLIT_DEEP,False,-6.947870431445109,Jordan Howden,3.401912906472612,-10.34978333791772,2.1026749238091753,-9.050545355254284
2023123109_976_47810,47810,SINGLE_HIGH,False,4.212270142909901,Johnathan Abram,12.465173045913723,-8.252902903003822,13.24861434889213,-9.036344205982228
2023123109_1086_52453,52453,SINGLE_HIGH,True,12.827190386456376,Antoine Winfield Jr.,8.006998786248134,4.820191600208242,6.761267071569584,6.065923314886792
2023123109_1451_52453,52453,SINGLE_HIGH,True,1.0329585334376294,Antoine Winfield Jr.,-0.12206122634210616,1.1550197597797356,0.49098227315863774,0.5419762602789917
2023123109_1520_52453,52453,SINGLE_HIGH,True,1.6904989806984707,Antoine Winfield Jr.,1.3676841923787157,0.32281478831975496,1.917012252548421,-0.2265132718499503
2023123109_2015_40017,40017,SINGLE_HIGH,True,12.457491395867942,Tyrann Mathieu,8.693753127553931,3.763738268314011,9.561311267497658,2.8961801283702844
2023123109_2416_46711,46711,SINGLE_HIGH,False,0.6346846699867079,Ryan Neal,4.750299527351817,-4.1156148573651095,4.827460114991315,-4.1927754450046075
2023123109_2935_52453,52453,SINGLE_HIGH,True,8.710255181200374,Antoine Winfield Jr.,11.166197150257048,-2.455941969056674,10.381013623320662,-1.6707584421202881
2023123109_3087_47810,47810,SPLIT_DEEP,False,4.852483531692511,Johnathan Abram,1.2715657824422222,3.580917749250289,0.9110055571670772,3.9414779745254336
2023123109_3168_52453,52453,SINGLE_HIGH,True,3.722956694154573,Antoine Winfield Jr.,0.7581807164884794,2.9647759776660934,0.9510954123236566,2.7718612818309163
2023123109_3210_40017,40017,SPLIT_DEEP,True,6.110305713597683,Tyrann Mathieu,4.644466251958799,1.4658394616388835,4.797376896910174,1.3129288166875082
2023123109_3210_47810,47810,SPLIT_DEEP,False,9.216069187470266,Johnathan Abram,6.784534456294349,2.4315347311759172,6.187521578958331,3.0285476085119347
2023123109_3364_40017,40017,SPLIT_DEEP,True,1.855014916984188,Tyrann Mathieu,1.4942881369265542,0.3607267800576339,1.4693663799894399,0.3856485369947482
2023123109_3741_56011,56011,SPLIT_DEEP,False,15.621916744843716,Jordan Howden,15.68295001985467,-0.06103327501095457,14.987971746735054,0.633944998108662
2023123109_3920_40017,40017,SPLIT_DEEP,True,7.082171345505236,Tyrann Mathieu,11.037664977500826,-3.9554936319955907,10.880279800639583,-3.798108455134347
2023123110_606_52624,52624,SINGLE_HIGH,False,6.137263676658378,Kam Curl,5.305878950326947,0.8313847263314313,6.314803035770666,-0.1775393591122878
2023123110_631_52624,52624,SPLIT_DEEP,False,-0.9014536171350294,Kam Curl,1.3174375793525488,-2.2188911964875784,0.7978857977621914,-1.6993394148972207
2023123110_1274_38868,38868,SINGLE_HIGH,True,9.547032582106825,Tashaun Gipson,11.30152443188156,-1.7544918497747357,11.546620049921744,-1.9995874678149193
2023123110_1457_52624,52624,SPLIT_DEEP,False,-0.7664677837146243,Kam Curl,3.621875660226433,-4.388343443941057,2.736895468941242,-3.5033632526558662
2023123110_1487_55912,55912,SINGLE_HIGH,False,0.0227871627437412,Quan Martin,1.8186107078533558,-1.7958235451096145,1.8269629928147602,-1.804175830071019
2023123110_1877_55912,55912,SINGLE_HIGH,False,1.3287677945882468,Quan Martin,1.5241832658946868,-0.19541547130644,1.1869900284481592,0.14177776614008764
2023123110_2357_38868,38868,SINGLE_HIGH,True,-2.1000854531072264,Tashaun Gipson,6.291730963334848,-8.391816416442074,4.372880733304996,-6.472966186412222
2023123110_2600_40031,40031,SINGLE_HIGH,False,-0.692047748371218,Logan Ryan,1.065793710114129,-1.757841458485347,1.0804839361837306,-1.7725316845549486
2023123110_2765_55912,55912,SINGLE_HIGH,False,8.138896575774616,Quan Martin,5.226496684014775,2.9123998917598417,7.316508803667269,0.8223877721073469
2023123110_2893_52512,52512,SPLIT_DEEP,False,8.912093769966225,Terrell Burgess,7.715975476647496,1.1961182933187287,5.580042349561385,3.3320514204048397
2023123110_2893_52624,52624,SPLIT_DEEP,False,2.5914364629094457,Kam Curl,5.485943031671766,-2.8945065687623206,5.231711887857828,-2.640275424948382
2023123110_2986_38868,38868,SPLIT_DEEP,True,6.003029662169515,Tashaun Gipson,1.5775680304283892,4.425461631741126,2.5958228787632365,3.407206783406279
2023123110_2986_40031,40031,SPLIT_DEEP,False,4.5216645191277,Logan Ryan,1.5363667368271283,2.985297782300572,2.1999801515574635,2.3216843675702368
2023123110_3507_39908,39908,SPLIT_DEEP,False,-8.977525594527794,Erik Harris,17.02254922730075,-26.000074821828544,15.951323216401429,-24.928848810929225
2023123110_3507_40031,40031,SPLIT_DEEP,False,2.987004839343946,Logan Ryan,17.44817416541752,-14.461169326073573,15.160182255624775,-12.17317741628083
2023123111_204_42543,42543,SPLIT_DEEP,True,7.464083300735394,Quandre Diggs,5.323219724520949,2.1408635762144455,2.9082181187875324,4.555865181947862
2023123111_239_42543,42543,SPLIT_DEEP,True,5.933577609980141,Quandre Diggs,11.975965525015342,-6.042387915035201,11.010894561843642,-5.0773169518635015
2023123111_1405_43400,43400,SINGLE_HIGH,False,0.5367703979556531,Miles Killebrew,2.0821271656469453,-1.5453567676912923,2.259564354840638,-1.7227939568849848
2023123111_1837_42390,42390,SINGLE_HIGH,False,3.605265163007891,Eric Rowe,1.1231173173762214,2.4821478456316695,1.4128296644505358,2.192435498557355
2023123111_2182_52904,52904,SINGLE_HIGH,False,3.0139273393112864,Elijah Riley,1.3713949496430085,1.642532389668278,1.1769954272008452,1.8369319121104413
2023123111_2701_47891,47891,SPLIT_DEEP,True,2.6116131985797795,Julian Love,1.540262082354197,1.0713511162255824,0.885450711899681,1.7261624866800984
2023123111_2769_42390,42390,SINGLE_HIGH,False,-0.3357595627392786,Eric Rowe,1.2509402039266815,-1.5866997666659601,1.2961163009569576,-1.6318758636962363
2023123111_3055_42543,42543,SINGLE_HIGH,True,10.058112594861848,Quandre Diggs,15.688734158415315,-5.630621563553467,13.89073946931039,-3.8326268744485414
2023123111_3651_43400,43400,SPLIT_DEEP,False,5.346003015261655,Miles Killebrew,1.8947359564907702,3.4512670587708847,1.0999326115119157,4.246070403749739
2023123112_253_46086,46086,SINGLE_HIGH,True,3.961088575936154,Derwin James,9.725933171491588,-5.764844595555434,7.455684201902255,-3.4945956259661006
2023123112_630_46086,46086,SPLIT_DEEP,True,2.898858495580231,Derwin James,1.7720497216661852,1.1268087739140455,0.8348521098796411,2.0640063857005897
2023123112_849_43387,43387,SINGLE_HIGH,True,3.8632010201742544,Justin Simmons,4.103053893669962,-0.23985287349570772,3.7878098198596026,0.07539120031465174
2023123112_979_46086,46086,SINGLE_HIGH,True,24.402011949661585,Derwin James,19.49924762119666,4.902764328464926,17.368323334707156,7.033688614954428
2023123112_1291_43387,43387,SPLIT_DEEP,True,10.641136098735936,Justin Simmons,10.322111641147217,0.31902445758871956,10.649731825971303,-0.008595727235366724
2023123112_1314_43387,43387,SPLIT_DEEP,True,3.0616291389093746,Justin Simmons,5.258945602143091,-2.197316463233716,4.7385339885856474,-1.6769048496762728
2023123112_1454_46086,46086,SPLIT_DEEP,True,3.2743997605883486,Derwin James,1.6041778648197926,1.670221895768556,1.2373261987895763,2.0370735617987723
2023123112_1509_52594,52594,SINGLE_HIGH,True,1.2861270296196157,Alohi Gilman,2.159637767124341,-0.8735107375047253,2.492132102768382,-1.2060050731487664
2023123112_1683_43387,43387,SPLIT_DEEP,True,3.847331464098541,Justin Simmons,1.8663850269165552,1.9809464371819858,1.5935384553915153,2.2537930087070257
2023123112_1864_52594,52594,SINGLE_HIGH,True,-0.1017698746940549,Alohi Gilman,1.0466347149870183,-1.1484045896810733,1.7882688306496846,-1.8900387053437395
2023123112_1937_48447,48447,SPLIT_DEEP,False,4.009671101472881,P.J. Locke,1.4683960583590552,2.5412750431138256,0.4678014118949996,3.541869689577881
2023123112_2276_46086,46086,SPLIT_DEEP,True,-4.6467674699636525,Derwin James,2.675547828024597,-7.322315297988249,1.9026041146550146,-6.549371584618667
2023123112_2457_52542,52542,SPLIT_DEEP,False,-5.456911490313795,Jaylinn Hawkins,1.5695243612968193,-7.026435851610614,1.7972059210175608,-7.254117411331356
2023123112_2653_43387,43387,SPLIT_DEEP,True,10.150460845311876,Justin Simmons,11.850322056496308,-1.699861211184432,11.632402048139525,-1.4819412028276489
2023123112_2653_48447,48447,SPLIT_DEEP,False,13.828350234792897,P.J. Locke,7.167017134440596,6.661333100352301,9.837158167691072,3.9911920671018244
2023123112_2982_52594,52594,SINGLE_HIGH,True,23.182835200136008,Alohi Gilman,19.363550875466277,3.819284324669731,16.857584240842833,6.325250959293175
2023123112_3445_46086,46086,SPLIT_DEEP,True,1.700181749181028,Derwin James,1.8936446683608412,-0.19346291917981318,0.6387275906252476,1.0614541585557804
2023123112_3574_43387,43387,SINGLE_HIGH,True,10.555945850402852,Justin Simmons,5.751468087794691,4.804477762608161,4.734667722658841,5.82127812774401
2023123112_3620_43387,43387,SPLIT_DEEP,True,4.405924017387984,Justin Simmons,1.7115910600808377,2.6943329573071466,1.164332099598795,3.241591917789189
2023123112_4107_48447,48447,SPLIT_DEEP,False,-1.1442178715108753,P.J. Locke,1.3863631803078218,-2.530581051818697,1.7172902363780267,-2.861508107888902
2023123112_4155_48447,48447,SPLIT_DEEP,False,2.3914030412650296,P.J. Locke,2.2361611688296565,0.15524187243537302,1.4803495506873396,0.9110534905776899
2023123112_4243_43387,43387,SPLIT_DEEP,True,-3.836807541943287,Justin Simmons,5.64806375102345,-9.484871292966737,6.9773353075078255,-10.814142849451112
2023123112_4243_48447,48447,SPLIT_DEEP,False,5.814850678621516,P.J. Locke,6.65087802753427,-0.8360273489127534,6.949744071555995,-1.1348933929344787
2023123113_55_47882,47882,SINGLE_HIGH,False,0.6333054238801026,Mike Edwards,4.440530388080798,-3.807224964200695,3.2878150670313113,-2.6545096431512087
2023123113_1623_55984,55984,SPLIT_DEEP,False,-2.3795180594188423,Chamarri Conner,0.8026860956813279,-3.18220415510017,2.0874567720977018,-4.466974831516544
2023123113_1925_47882,47882,SPLIT_DEEP,False,6.863387201130933,Mike Edwards,4.3804369819637845,2.482950219167148,3.3115535982990085,3.551833602831924
2023123113_2407_55960,55960,SINGLE_HIGH,False,16.145638712176037,Jordan Battle,16.44136427456562,-0.29572556238958114,14.809710774926058,1.3359279372499788
2023123113_2462_55960,55960,SINGLE_HIGH,False,12.001295307417546,Jordan Battle,10.230806053978435,1.770489253439111,8.775141160983605,3.2261541464339416
2023123113_2741_47882,47882,SINGLE_HIGH,False,0.2392033649161558,Mike Edwards,1.2590246845170232,-1.0198213196008674,2.2021139602460353,-1.9629105953298795
2023123113_2766_55984,55984,SINGLE_HIGH,False,0.7175016642777234,Chamarri Conner,-1.284738300438361,2.0022399647160842,1.8529346769311852,-1.1354330126534617
2023123113_2849_55960,55960,SINGLE_HIGH,False,1.6109192668213694,Jordan Battle,2.5119510224255057,-0.9010317556041363,1.2235633976192641,0.3873558692021053
2023123113_3089_47882,47882,SPLIT_DEEP,False,3.454662620294278,Mike Edwards,3.0756401848606507,0.37902243543362735,1.823385872156999,1.631276748137279
2023123113_3824_46137,46137,SPLIT_DEEP,False,0.7007427249438578,Justin Reid,4.226550513548086,-3.5258077886042285,3.9223527875157362,-3.2216100625718784
2023123113_3824_47882,47882,SPLIT_DEEP,False,-3.5144019308330527,Mike Edwards,3.0200419472293847,-6.534443878062437,2.2950084274978364,-5.809410358330889
2023123113_3824_55984,55984,SPLIT_DEEP,False,0.2893216980761428,Chamarri Conner,0.6026475745622963,-0.31332587648615357,1.751581459474318,-1.4622597613981752
2023123113_3903_46137,46137,SPLIT_DEEP,False,2.752300418737608,Justin Reid,0.5655032727628893,2.186797145974719,2.815943935567157,-0.06364351682954883
2023123113_3903_55984,55984,SPLIT_DEEP,False,4.2119811738222,Chamarri Conner,3.3537557817651393,0.8582253920570606,3.3862474158424725,0.8257337579797275
2023123113_3933_47882,47882,SPLIT_DEEP,False,16.78762427657182,Mike Edwards,15.522776206532438,1.2648480700393812,15.785344119296202,1.0022801572756173
2023123113_3933_55984,55984,SPLIT_DEEP,False,11.200615215493114,Chamarri Conner,12.41982835056081,-1.2192131350676956,14.51879808363114,-3.3181828681380257
2023123114_62_38559,38559,SINGLE_HIGH,False,18.350848107817725,Harrison Smith,13.456341271013695,4.89450683680403,15.240061547026567,3.1107865607911585
2023123114_107_53554,53554,SINGLE_HIGH,True,8.226201016302028,Camryn Bynum,5.951317952081469,2.2748830642205586,4.642785515503999,3.5834155007980284
2023123114_514_53554,53554,SINGLE_HIGH,True,12.69195983262449,Camryn Bynum,10.185569822114747,2.506390010509742,9.366179824729151,3.3257800078953377
2023123114_654_53554,53554,SINGLE_HIGH,True,14.059116228299342,Camryn Bynum,11.454822300312914,2.6042939279864274,10.777396704400363,3.2817195238989783
2023123114_815_46669,46669,SPLIT_DEEP,False,14.41887477934113,Jonathan Owens,11.26351523898786,3.1553595403532686,12.351226320608589,2.06764845873254
2023123114_815_47804,47804,SPLIT_DEEP,False,1.4831989434859525,Darnell Savage,13.727048580474152,-12.2438496369882,12.742022438972791,-11.258823495486839
2023123114_1174_47804,47804,SINGLE_HIGH,False,-1.9438980621473103,Darnell Savage,1.031962138048319,-2.9758602001956294,2.120240504813842,-4.0641385669611525
2023123114_1734_46669,46669,SPLIT_DEEP,False,-7.098689257910187,Jonathan Owens,5.784283881860345,-12.882973139770531,4.359616845484108,-11.458306103394296
2023123114_2017_38559,38559,SPLIT_DEEP,False,2.787772731847454,Harrison Smith,1.1197987064065107,1.6679740254409434,2.5041653352624866,0.2836073965849675
2023123114_2017_53554,53554,SPLIT_DEEP,True,1.7178615551646343,Camryn Bynum,0.6745700146686002,1.0432915404960341,0.9250411664174223,0.7928203887472121
2023123114_2368_46669,46669,SPLIT_DEEP,False,-3.428801355412296,Jonathan Owens,1.1365437307250414,-4.565345086137338,1.4338828710151317,-4.862684226427428
2023123114_2368_47804,47804,SPLIT_DEEP,False,8.576173477042646,Darnell Savage,3.95292666013227,4.623246816910376,2.7149855635596705,5.861187913482976
2023123114_2544_38559,38559,SINGLE_HIGH,False,16.787395225336127,Harrison Smith,10.198009449451405,6.589385775884722,12.075175612683513,4.712219612652614
2023123114_3464_46669,46669,SPLIT_DEEP,False,0.5829969455894126,Jonathan Owens,1.3342207938053783,-0.7512238482159657,2.1916569316728065,-1.608659986083394
2023123114_3618_46669,46669,SPLIT_DEEP,False,-3.0267576786450245,Jonathan Owens,4.092569515665028,-7.119327194310053,3.6086958384307595,-6.635453517075784
2023123114_3710_47804,47804,SINGLE_HIGH,False,0.5763534653683706,Darnell Savage,8.422215546133204,-7.845862080764833,7.021494747330271,-6.4451412819619005
2024010600_106_44854,44854,SINGLE_HIGH,False,3.2022954754455455,Marcus Williams,0.8091716425522476,2.393123832893298,2.2851796985084487,0.9171157769370968
2024010600_178_44854,44854,SPLIT_DEEP,False,4.874664637015448,Marcus Williams,-0.5908879689648932,5.46555260598034,0.7481770129948853,4.126487624020562
2024010600_808_52627,52627,SINGLE_HIGH,True,13.751971104355077,Geno Stone,16.168864236061673,-2.416893131706596,15.288411681972153,-1.5364405776170766
2024010600_1467_42390,42390,SINGLE_HIGH,False,3.0564064003252245,Eric Rowe,1.6226250181972963,1.4337813821279282,1.1365297648411357,1.9198766354840888
2024010600_1502_43400,43400,SINGLE_HIGH,False,-0.4125881810959626,Miles Killebrew,1.193292447871609,-1.6058806289675716,2.235618256775636,-2.6482064378715986
2024010600_1679_44854,44854,SPLIT_DEEP,False,3.288065072888928,Marcus Williams,2.5324676608705623,0.7555974120183655,3.3599328189726423,-0.07186774608371449
2024010600_1810_52627,52627,SINGLE_HIGH,True,2.924694234521808,Geno Stone,1.4816841544027075,1.4430100801191004,1.580785926531214,1.3439083079905938
2024010600_1989_42390,42390,SINGLE_HIGH,False,3.1578495491851095,Eric Rowe,2.1949649193322327,0.9628846298528768,1.4933205468079471,1.6645290023771624
2024010600_2498_42390,42390,SINGLE_HIGH,False,3.335093502031805,Eric Rowe,3.678674110360228,-0.34358060832842297,2.5683527750070008,0.7667407270248043
2024010600_2756_44854,44854,SPLIT_DEEP,False,0.192172969128932,Marcus Williams,-1.200489343065925,1.392662312194857,0.10489862473275302,0.08727434439617898
2024010600_2875_42390,42390,SINGLE_HIGH,False,2.6771616368487186,Eric Rowe,1.7695416668574997,0.9076199699912189,1.3829191166505037,1.2942425201982148
2024010600_3506_42390,42390,SINGLE_HIGH,False,2.5572098896775257,Eric Rowe,2.2459418381202667,0.311268051557259,1.273219262492109,1.2839906271854167
2024010600_3565_42390,42390,SPLIT_DEEP,False,2.837806275482877,Eric Rowe,1.690704605705383,1.147101669777494,0.7608175947971691,2.076988680685708
2024010601_112_54502,54502,SPLIT_DEEP,True,7.727228747897261,Jalen Pitre,1.5179590870789996,6.209269660818261,2.0849644255062625,5.642264322390998
2024010601_403_54561,54561,SINGLE_HIGH,False,19.534648002881983,Nick Cross,12.901806496745047,6.632841506136936,14.806394272237984,4.728253730643999
2024010601_474_43474,43474,SPLIT_DEEP,False,-0.3030348076165365,DeAndre Houston-Carson,1.1383159139403818,-1.4413507215569183,0.7671827383770058,-1.0702175459935424
2024010601_1418_43474,43474,SINGLE_HIGH,False,5.610304231465024,DeAndre Houston-Carson,3.3927644204550917,2.2175398110099325,3.6733448804438638,1.9369593510211605
2024010601_1950_43474,43474,SPLIT_DEEP,False,16.373605903992534,DeAndre Houston-Carson,12.921425162700203,3.452180741292331,13.774190897477576,2.599415006514958
2024010601_1950_54502,54502,SPLIT_DEEP,True,20.64047059319666,Jalen Pitre,13.843609409929682,6.796861183266978,13.978749710519644,6.661720882677017
2024010601_2437_54502,54502,SINGLE_HIGH,True,9.515600846380831,Jalen Pitre,4.977422655471383,4.5381781909094485,4.213070450070954,5.302530396309877
2024010601_2866_54561,54561,SINGLE_HIGH,False,-7.657092275355388,Nick Cross,0.40134026614027524,-8.058432541495662,2.0244669563828115,-9.681559231738198
2024010601_2997_35459,35459,SPLIT_DEEP,False,6.148527420639217,Kareem Jackson,0.3271830479228382,5.821344372716379,1.7202304464052762,4.428296974233941
2024010601_3457_54561,54561,SINGLE_HIGH,False,9.968344467441607,Nick Cross,13.236277604454688,-3.267933137013081,11.469161181629673,-1.5008167141880655
2024010700_247_56011,56011,SINGLE_HIGH,False,9.950682287796235,Jordan Howden,8.317001868359986,1.6336804194362493,7.214947591625204,2.735734696171031
2024010700_476_53469,53469,SPLIT_DEEP,False,2.3533204159534504,Richie Grant,0.9711933669517727,1.3821270490016777,1.1927035503374235,1.160616865616027
2024010700_603_46123,46123,SINGLE_HIGH,True,7.189275761316212,Jessie Bates,6.507132292848553,0.6821434684676593,6.257831325930015,0.9314444353861973
2024010700_869_46123,46123,SPLIT_DEEP,True,3.7203863446009224,Jessie Bates,2.5664877990541566,1.1538985455467659,2.075500614131153,1.6448857304697695
2024010700_1040_53469,53469,SPLIT_DEEP,False,2.0844281640601707,Richie Grant,2.082639684580076,0.0017884794800946402,1.2832258581546938,0.8012023059054769
2024010700_1933_40017,40017,SPLIT_DEEP,True,3.8332845725371385,Tyrann Mathieu,1.6843367632753716,2.1489478092617667,1.788628331838031,2.0446562406991076
2024010700_1981_56011,56011,SPLIT_DEEP,False,3.841504176202079,Jordan Howden,8.335082988127391,-4.493578811925312,8.973465374115392,-5.131961197913313
2024010700_2041_40017,40017,SPLIT_DEEP,True,1.4204186096443046,Tyrann Mathieu,7.358122415895515,-5.937703806251211,8.269910908371067,-6.849492298726762
2024010700_2340_40017,40017,SINGLE_HIGH,True,-0.2132909427127458,Tyrann Mathieu,2.374398269890866,-2.5876892126036117,2.1180444014061743,-2.33133534411892
2024010700_2396_53469,53469,SINGLE_HIGH,False,11.490213985850088,Richie Grant,13.527807477722334,-2.0375934918722454,13.596372453903436,-2.106158468053348
2024010700_2660_46123,46123,SPLIT_DEEP,True,15.25195462951058,Jessie Bates,16.536020196728646,-1.2840655672180663,15.049758595652243,0.2021960338583373
2024010700_2660_53469,53469,SPLIT_DEEP,False,19.208429820247957,Richie Grant,11.374772581174886,7.833657239073071,15.172516250073262,4.035913570174696
2024010700_3148_53469,53469,SPLIT_DEEP,False,7.628735310765043,Richie Grant,8.493204324396643,-0.8644690136316004,9.52248629260878,-1.8937509818437377
2024010700_4208_40017,40017,SPLIT_DEEP,True,4.508915763961787,Tyrann Mathieu,2.2098374388810798,2.2990783250807074,1.1679376797698744,3.340978084191913
2024010701_107_55960,55960,SINGLE_HIGH,False,17.95042112860474,Jordan Battle,14.045102814905778,3.905318313698963,13.406877298213521,4.54354383039122
2024010701_206_54915,54915,SINGLE_HIGH,False,6.024290988027738,D'Anthony Bell,0.3939565841466869,5.630334403881052,2.175323202421878,3.8489677856058604
2024010701_395_54915,54915,SPLIT_DEEP,False,1.2627103375551094,D'Anthony Bell,5.820498063387717,-4.557787725832608,5.282490142323801,-4.0197798047686915
2024010701_395_56405,56405,SPLIT_DEEP,False,9.438806920711295,Ronnie Hickman Jr.,6.101119242668991,3.337687678042304,6.2134943229134825,3.2253125977978128
2024010701_420_56405,56405,SINGLE_HIGH,False,0.7789473030885254,Ronnie Hickman Jr.,1.7193324454843637,-0.9403851423958383,2.5773123361579486,-1.7983650330694232
2024010701_926_48026,48026,SINGLE_HIGH,False,11.97740637076161,Nick Scott,10.915422506810573,1.0619838639510366,10.873404090844303,1.1040022799173066
2024010701_2533_40039,40039,SPLIT_DEEP,False,0.2713753961513685,Duron Harmon,3.048256840605431,-2.7768814444540624,2.7266263668379533,-2.455250970686585
2024010701_2667_55960,55960,SINGLE_HIGH,False,3.5162109068833782,Jordan Battle,2.500436563809353,1.0157743430740251,2.831047135121066,0.685163771762312
2024010701_2692_55960,55960,SINGLE_HIGH,False,11.45880203156749,Jordan Battle,10.682763599723705,0.7760384318437854,10.493140822168735,0.9656612093987551
2024010702_204_53529,53529,SPLIT_DEEP,False,7.242883885790282,Elijah Molden,5.654625526375177,1.5882583594151054,4.1844477994386144,3.0584360863516675
2024010702_673_53529,53529,SPLIT_DEEP,False,6.276162851582384,Elijah Molden,2.399415283178475,3.876747568403909,1.9378035792967623,4.338359272285622
2024010702_1100_53529,53529,SINGLE_HIGH,False,1.2249567151258134,Elijah Molden,1.8104421752375794,-0.585485460111766,1.447414764227264,-0.2224580491014505
2024010702_1213_53494,53494,SINGLE_HIGH,True,1.2504000575746057,Andre Cisco,1.893080434719396,-0.6426803771447902,2.7931522414213106,-1.5427521838467049
2024010702_1260_44926,44926,SINGLE_HIGH,True,9.8065782500984,Rayshawn Jenkins,10.153312837806427,-0.3467345877080259,7.3841832507843055,2.422394999314095
2024010702_1327_53494,53494,SINGLE_HIGH,True,11.321509887479827,Andre Cisco,6.09117487241921,5.230335015060617,4.430449057794737,6.89106082968509
2024010702_1350_44926,44926,SPLIT_DEEP,True,1.4895210513697317,Rayshawn Jenkins,1.2395559658946935,0.24996508547503815,0.6741359208565108,0.8153851305132209
2024010702_1832_52535,52535,SINGLE_HIGH,False,6.215500584630776,K'Von Wallace,4.999207514825131,1.216293069805645,4.448800560332486,1.7667000242982906
2024010702_1942_52535,52535,SPLIT_DEEP,False,5.473663979220348,K'Von Wallace,1.9420934227296442,3.5315705564907036,1.3789867171805517,4.094677262039796
2024010702_2102_44926,44926,SPLIT_DEEP,True,6.725672509998212,Rayshawn Jenkins,7.810558661983529,-1.0848861519853168,7.85596831950222,-1.130295809504008
2024010702_2703_52535,52535,SPLIT_DEEP,False,-0.6843697291337918,K'Von Wallace,1.7620016862044239,-2.4463714153382154,1.138166186220598,-1.8225359153543899
2024010702_3354_53494,53494,SINGLE_HIGH,True,4.5895555222723665,Andre Cisco,0.8630106485565552,3.7265448737158113,1.6391580598138624,2.950397462458504
2024010702_3960_52535,52535,SPLIT_DEEP,False,-2.146664455788393,K'Von Wallace,18.882225465994093,-21.028889921782486,16.574281328405036,-18.72094578419343
2024010702_3960_53529,53529,SPLIT_DEEP,False,21.01480062176833,Elijah Molden,14.167211470058179,6.847589151710151,15.109364893063827,5.905435728704504
2024010703_937_47888,47888,SINGLE_HIGH,False,4.515913557063982,C.J. Gardner-Johnson,6.535096220344141,-2.0191826632801595,5.73884277974882,-1.2229292226848383
2024010703_1186_47888,47888,SINGLE_HIGH,False,-4.462686222604892,C.J. Gardner-Johnson,-0.305631750100176,-4.157054472504716,1.305638361277488,-5.76832458388238
2024010703_1661_54562,54562,SINGLE_HIGH,True,7.827919571917694,Kerby Joseph,3.4824578261204593,4.345461745797235,3.7257788713303137,4.1021407005873805
2024010703_1958_54562,54562,SINGLE_HIGH,True,5.237617484154726,Kerby Joseph,6.869939590191257,-1.632322106036531,5.581535910318392,-0.34391842616366564
2024010703_1988_54562,54562,SINGLE_HIGH,True,0.5426599135975358,Kerby Joseph,1.4357186368610622,-0.8930587232635263,1.7800581208853057,-1.2373982072877698
2024010703_2063_53530,53530,SPLIT_DEEP,False,5.547215114161648,Ifeatu Melifonwu,0.5755923032604331,4.971622810901215,2.1817775338897265,3.365437580271921
2024010703_2093_54562,54562,SPLIT_DEEP,True,1.538648765753294,Kerby Joseph,1.6524625012188452,-0.11381373546555129,0.8525827369448304,0.6860660288084635
2024010703_2381_38559,38559,SINGLE_HIGH,False,1.8493890289067645,Harrison Smith,1.7028255689963818,0.14656345991038267,1.8350984225110336,0.014290606395730876
2024010703_2897_54562,54562,SINGLE_HIGH,True,-2.8257110093005284,Kerby Joseph,1.952727099589135,-4.778438108889663,1.649105073964538,-4.4748160832650665
2024010703_2998_54562,54562,SPLIT_DEEP,True,2.5721682826140224,Kerby Joseph,2.1837804715356004,0.388387811078422,3.5551431944732386,-0.9829749118592161
2024010703_3213_54562,54562,SINGLE_HIGH,True,12.436271471569343,Kerby Joseph,9.00755091004983,3.4287205615195138,7.286974549582476,5.149296921986867
2024010703_3238_47888,47888,SPLIT_DEEP,False,16.059173051873355,C.J. Gardner-Johnson,14.296933019543362,1.7622400323299932,14.23399427464821,1.825178777225144
2024010703_3868_47888,47888,SPLIT_DEEP,False,1.1929989390198976,C.J. Gardner-Johnson,1.5818879239909809,-0.38888898497108326,0.8432707017707219,0.3497282372491757
2024010703_4109_47888,47888,SINGLE_HIGH,False,10.572695651148289,C.J. Gardner-Johnson,5.775930501590203,4.796765149558086,5.725422283418234,4.847273367730055
2024010703_4132_47888,47888,SPLIT_DEEP,False,2.7861436021397146,C.J. Gardner-Johnson,1.1559012345530981,1.6302423675866164,3.299976694724153,-0.5138330925844383
2024010703_4132_54562,54562,SPLIT_DEEP,True,8.257316479189443,Kerby Joseph,5.240392926608876,3.0169235525805673,6.636183685213962,1.6211327939754812
2024010704_149_44837,44837,SPLIT_DEEP,False,7.928676048693259,Jabrill Peppers,9.881470949165822,-1.952794900472563,8.37783029425748,-0.44915424556422145
2024010704_149_52445,52445,SPLIT_DEEP,False,6.359397150098637,Kyle Dugger,8.947343005885365,-2.587945855786728,7.656014320152092,-1.2966171700534552
2024010704_393_44837,44837,SINGLE_HIGH,False,11.11951078891314,Jabrill Peppers,10.26845028293848,0.8510605059746599,9.398910094950828,1.7206006939623109
2024010704_710_44837,44837,SINGLE_HIGH,False,1.5103848185160569,Jabrill Peppers,1.6169588954843006,-0.10657407696824373,1.444703871100769,0.06568094741528796
2024010704_965_44837,44837,SPLIT_DEEP,False,0.7131641103055895,Jabrill Peppers,0.9092477823974406,-0.19608367209185118,2.4769464090269064,-1.763782298721317
2024010704_965_52445,52445,SPLIT_DEEP,False,-2.7537189605855428,Kyle Dugger,1.130841855148727,-3.88456081573427,0.9591906984208549,-3.7129096590063977
2024010704_1455_52445,52445,SINGLE_HIGH,False,11.53908333915236,Kyle Dugger,7.639626893277191,3.8994564458751686,5.891070815007688,5.648012524144671
2024010704_1870_52445,52445,SPLIT_DEEP,False,10.61965428746614,Kyle Dugger,9.725445099496627,0.8942091879695138,9.862175356259389,0.7574789312067516
2024010704_1921_54833,54833,SINGLE_HIGH,False,16.843832580357052,Tony Adams,13.679348795144266,3.164483785212786,12.339557988290373,4.504274592066679
2024010704_1944_52476,52476,SPLIT_DEEP,False,6.018820945414875,Ashtyn Davis,4.361611385837273,1.657209559577602,4.209228998002388,1.8095919474124873
2024010704_2821_54833,54833,SPLIT_DEEP,False,2.456700368174962,Tony Adams,7.947970228180676,-5.491269860005714,7.629620413686813,-5.172920045511851
2024010704_3081_54833,54833,SINGLE_HIGH,False,-1.6858275686785014,Tony Adams,7.711744213501118,-9.397571782179618,7.280997352849423,-8.966824921527923
2024010704_3564_52476,52476,SPLIT_DEEP,False,12.163386840320085,Ashtyn Davis,8.119242655950162,4.044144184369923,8.545137142204405,3.6182496981156795
2024010704_3564_54833,54833,SPLIT_DEEP,False,8.68140258293474,Tony Adams,11.719726226709952,-3.038323643775211,9.370973778917048,-0.6895711959823068
2024010704_3632_54833,54833,SPLIT_DEEP,False,-0.1646412560744394,Tony Adams,1.9248264117160696,-2.089467667790509,0.6704500345121005,-0.83509129058654
2024010704_3870_54833,54833,SINGLE_HIGH,False,11.571417646708571,Tony Adams,13.309827992784887,-1.738410346076316,11.446050139424045,0.12536750728452617
2024010705_80_43350,43350,SPLIT_DEEP,False,-0.4295882768788761,Vonn Bell,1.4386185015580906,-1.8682067784369667,1.5072650871133249,-1.936853363992201
2024010705_223_43350,43350,SPLIT_DEEP,False,15.789462092542315,Vonn Bell,9.083526924320859,6.7059351682214565,9.860798321762003,5.928663770780313
2024010705_223_45004,45004,SPLIT_DEEP,False,11.150266625838531,Xavier Woods,10.09424309057223,1.056023535266302,9.777272467157792,1.37299415868074
2024010705_519_43350,43350,SPLIT_DEEP,False,15.956483198023356,Vonn Bell,14.793759222555066,1.1627239754682908,14.174487502885945,1.781995695137411
2024010705_519_45004,45004,SPLIT_DEEP,False,19.727739883291544,Xavier Woods,14.51187338488006,5.215866498411485,14.9055038819389,4.822236001352644
2024010705_789_45004,45004,SPLIT_DEEP,False,13.980459922494832,Xavier Woods,11.394897310890919,2.5855626116039137,13.57780738811147,0.40265253438336224
2024010705_1715_45004,45004,SINGLE_HIGH,False,-2.42135028826595,Xavier Woods,1.4451228780895908,-3.866473166355541,1.5710915078079921,-3.9924417960739422
2024010705_3000_43350,43350,SINGLE_HIGH,False,1.64609883447251,Vonn Bell,1.6325950380541905,0.013503796418319558,2.2561643194837186,-0.6100654850112086
2024010706_153_46669,46669,SINGLE_HIGH,False,6.781600597281538,Jonathan Owens,1.5201780536354463,5.261422543646091,1.5519242642775595,5.229676333003979
2024010706_178_47804,47804,SINGLE_HIGH,False,3.2894242470263526,Darnell Savage,0.9370723428295588,2.352351904196794,1.4787025485191965,1.8107216985071561
2024010706_408_44925,44925,SINGLE_HIGH,True,4.91676548276075,Eddie Jackson,10.031907383049287,-5.1151419002885365,7.4775663271678425,-2.560800844407092
2024010706_524_44925,44925,SINGLE_HIGH,True,2.5068201326181,Eddie Jackson,2.115820561806618,0.39099957081148196,2.7462384097224213,-0.2394182771043214
2024010706_588_47804,47804,SPLIT_DEEP,False,-1.895898365091245,Darnell Savage,5.209197027585717,-7.105095392676962,4.737436815833574,-6.633335180924819
2024010706_783_44925,44925,SINGLE_HIGH,True,-3.8498335291647017,Eddie Jackson,1.0044056924675298,-4.854239221632231,2.2293959711426137,-6.079229500307315
2024010706_1356_54513,54513,SPLIT_DEEP,True,-0.19573808080664,Jaquan Brisker,2.2047991469115957,-2.4005372277182357,1.3415061934225445,-1.5372442742291845
2024010706_2310_47804,47804,SINGLE_HIGH,False,4.438582109281593,Darnell Savage,0.8944083212326687,3.544173788048924,1.797512921684799,2.641069187596794
2024010706_2375_56107,56107,SINGLE_HIGH,False,10.393684573729333,Anthony Johnson Jr.,4.606228654480986,5.787455919248347,5.041244779071926,5.352439794657407
2024010706_2504_54513,54513,SPLIT_DEEP,True,-2.7000995798648333,Jaquan Brisker,1.0132506783351012,-3.7133502581999345,1.604059793451853,-4.304159373316686
2024010706_3017_44925,44925,SINGLE_HIGH,True,3.976968834454292,Eddie Jackson,2.4491905722166107,1.5277782622376814,2.30776217105584,1.6692066633984521
2024010707_287_52512,52512,SPLIT_DEEP,False,-2.828284321822345,Terrell Burgess,5.220055134606826,-8.04833945642917,4.56343277365263,-7.3917170954749745
2024010707_690_46680,46680,SPLIT_DEEP,False,9.372828993184,Sean Chandler,5.06879157961417,4.304037413569829,4.3525281292329066,5.020300863951093
2024010707_800_43533,43533,SPLIT_DEEP,False,11.166802603838455,Jayron Kearse,5.56050313210937,5.606299471729085,4.365975291088349,6.800827312750107
2024010707_800_44827,44827,SPLIT_DEEP,True,-0.1783877839303684,Malik Hooker,4.813311232240714,-4.991699016171083,3.997062485439902,-4.175450269370271
2024010707_1205_44827,44827,SINGLE_HIGH,True,13.450746110993984,Malik Hooker,13.204589171567218,0.24615693942676664,13.555022127865325,-0.10427601687134036
2024010707_1240_47996,47996,SPLIT_DEEP,False,4.021617652438517,Donovan Wilson,1.6276623296308823,2.393955322807635,0.7634009783329283,3.258216674105589
2024010707_2051_52512,52512,SINGLE_HIGH,False,-2.5274391551321767,Terrell Burgess,4.480425251559307,-7.007864406691484,3.614465392512873,-6.14190454764505
2024010707_3010_43533,43533,SINGLE_HIGH,False,18.913183674417255,Jayron Kearse,19.490697280337503,-0.5775136059202488,16.225809798915364,2.6873738755018906
2024010707_3701_46680,46680,SINGLE_HIGH,False,15.274163086980806,Sean Chandler,11.893192216510748,3.3809708704700583,11.849768465063967,3.4243946219168393
2024010708_110_53472,53472,SPLIT_DEEP,True,3.0619598170057554,Tre'von Moehrig,4.179645275774387,-1.1176854587686318,5.42032012971909,-2.3583603127133346
2024010708_317_47974,47974,SPLIT_DEEP,True,4.131837258149817,Marcus Epps,1.4899047519567707,2.6419325061930463,0.7141345962551888,3.4177026618946282
2024010708_782_47974,47974,SINGLE_HIGH,True,-5.595367754292353,Marcus Epps,2.093441327511955,-7.688809081804308,2.213126438110848,-7.8084941924032005
2024010708_835_47974,47974,SPLIT_DEEP,True,1.3727198726494496,Marcus Epps,1.7618147932289456,-0.389094920579496,1.703800067601276,-0.3310801949518263
2024010708_1602_48447,48447,SINGLE_HIGH,False,0.6702301022721198,P.J. Locke,4.099209310686491,-3.428979208414371,4.634620415183721,-3.9643903129116014
2024010708_1973_43387,43387,SPLIT_DEEP,True,16.79670992924801,Justin Simmons,19.074656529645047,-2.277946600397037,15.832834196375442,0.9638757328725678
2024010708_1973_48447,48447,SPLIT_DEEP,False,2.961289792782143,P.J. Locke,13.464246480342664,-10.502956687560522,14.445161148043393,-11.48387135526125
2024010708_2659_47974,47974,SPLIT_DEEP,True,5.908145310224798,Marcus Epps,1.8972944912532586,4.010850818971539,1.2917232160836374,4.616422094141161
2024010708_2659_53472,53472,SPLIT_DEEP,True,-2.9212191954196074,Tre'von Moehrig,0.9738291254612644,-3.8950483208808717,0.9136081486656114,-3.8348273440852187
2024010708_2756_47974,47974,SINGLE_HIGH,True,-1.6415186835880604,Marcus Epps,15.100017847819936,-16.741536531407995,14.919415551968935,-16.560934235556996
2024010708_2810_53472,53472,SINGLE_HIGH,True,6.679957830470851,Tre'von Moehrig,10.461760679379587,-3.781802848908736,11.155910949722218,-4.475953119251367
2024010708_2951_43387,43387,SPLIT_DEEP,True,1.0937842731662162,Justin Simmons,0.7962448868203538,0.2975393863458624,1.4442286368813715,-0.3504443637151553
2024010708_2996_43387,43387,SINGLE_HIGH,True,8.415930212644211,Justin Simmons,10.780492170173943,-2.364561957529732,11.086080663064976,-2.670150450420765
2024010708_3126_47974,47974,SPLIT_DEEP,True,4.651035216127914,Marcus Epps,5.569658704529838,-0.9186234884019235,5.472402222233347,-0.821367006105433
2024010708_3418_43387,43387,SINGLE_HIGH,True,-0.8594270819448049,Justin Simmons,0.9583983913058843,-1.8178254732506893,1.4226310897179886,-2.2820581716627935
2024010708_3717_53472,53472,SPLIT_DEEP,True,10.26601940998092,Tre'von Moehrig,15.32310946716255,-5.057090057181629,15.663679111789929,-5.397659701809008
2024010708_3765_47974,47974,SPLIT_DEEP,True,-1.648938052865656,Marcus Epps,0.8573212220482056,-2.5062592749138615,1.5685188124577252,-3.2174568653233813
2024010709_100_52594,52594,SINGLE_HIGH,True,2.7369228769535425,Alohi Gilman,2.7400236275562277,-0.0031007506026852205,1.3214763386771562,1.4154465382763863
2024010709_726_55984,55984,SINGLE_HIGH,False,13.622335418689293,Chamarri Conner,10.453002485534359,3.1693329331549336,10.7637593115208,2.858576107168492
2024010709_804_52542,52542,SPLIT_DEEP,False,2.813477131218045,Jaylinn Hawkins,1.6744988406127017,1.1389782906053434,1.433278399991087,1.3801987312269581
2024010709_1418_46086,46086,SPLIT_DEEP,True,3.2433762192140847,Derwin James,8.337403886934815,-5.094027667720731,6.009635462322626,-2.766259243108541
2024010709_1523_46086,46086,SPLIT_DEEP,True,2.6281126658962704,Derwin James,0.6065097215847958,2.0216029443114745,1.8449061218031941,0.7832065440930762
2024010709_1523_52594,52594,SPLIT_DEEP,True,-0.7538739629066242,Alohi Gilman,1.9876294491564508,-2.741503412063075,2.4267989835532386,-3.180672946459863
2024010709_1752_55984,55984,SINGLE_HIGH,False,14.094827235084257,Chamarri Conner,9.543869680128308,4.550957554955948,7.785026909226401,6.309800325857855
2024010709_1877_46086,46086,SPLIT_DEEP,True,3.745743512691268,Derwin James,1.9570643815572741,1.788679131133994,1.8635073629973906,1.8822361496938775
2024010709_2000_52594,52594,SINGLE_HIGH,True,19.20068125584607,Alohi Gilman,17.768794786322154,1.431886469523917,15.629036488821978,3.571644767024093
2024010709_2027_55984,55984,SPLIT_DEEP,False,3.1967755096801618,Chamarri Conner,4.145928256285583,-0.9491527466054208,2.7992566150911475,0.39751889458901424
2024010709_2052_43413,43413,SPLIT_DEEP,False,-2.393204600149579,Deon Bush,1.8091633433422754,-4.202367943491854,2.301078762945451,-4.69428336309503
2024010709_2704_43413,43413,SPLIT_DEEP,False,2.9749346635714673,Deon Bush,1.8771441542729166,1.0977905092985507,1.25777469168594,1.7171599718855273
2024010709_3573_55984,55984,SPLIT_DEEP,False,-1.286668673201838,Chamarri Conner,1.7398532756410319,-3.02652194884287,1.054600781623213,-2.341269454825051
2024010709_3598_55984,55984,SINGLE_HIGH,False,9.445140477472094,Chamarri Conner,9.9420909733155,-0.49695049584340545,9.318676234541647,0.12646424293044767
2024010709_3719_43413,43413,SPLIT_DEEP,False,-0.4617124487205721,Deon Bush,5.069244256606653,-5.530956705327225,7.350064153997443,-7.811776602718015
2024010710_85_52607,52607,SPLIT_DEEP,True,3.169626044795274,Jordan Fuller,1.6121904951361092,1.557435549659165,1.358784858073026,1.8108411867222483
2024010710_614_40031,40031,SPLIT_DEEP,False,9.863147551792403,Logan Ryan,9.266035284768288,0.5971122670241158,9.875381420141128,-0.012233868348724641
2024010710_614_55109,55109,SPLIT_DEEP,False,12.923433155587311,Tayler Hawkins,10.556915783222161,2.3665173723651503,9.838961285693916,3.0844718698933953
2024010710_796_54718,54718,SINGLE_HIGH,True,6.1713526058058825,Russ Yeast,4.9118541522747385,1.259498453531144,6.536087296042609,-0.3647346902367268
2024010710_908_44903,44903,SPLIT_DEEP,False,3.078758212852919,John Johnson,1.7105176757331104,1.3682405371198085,0.7821883451594918,2.296569867693427
2024010710_1319_54718,54718,SINGLE_HIGH,True,3.543755936622931,Russ Yeast,0.7741327281528783,2.769623208470053,1.7572889316443465,1.7864670049785847
2024010710_1370_44903,44903,SINGLE_HIGH,False,8.969067346501097,John Johnson,4.97420943715167,3.9948579093494274,6.100027712355544,2.869039634145553
2024010710_1596_55109,55109,SPLIT_DEEP,False,3.476863381716834,Tayler Hawkins,5.520057744234497,-2.0431943625176627,3.889431063269968,-0.41256768155313406
2024010710_2387_55109,55109,SPLIT_DEEP,False,13.990377505890551,Tayler Hawkins,10.990174359570249,3.0002031463203025,9.01807424139188,4.972303264498672
2024010710_2678_44903,44903,SPLIT_DEEP,False,11.27305703918593,John Johnson,10.508831829157732,0.764225210028199,9.577290450770139,1.6957665884157915
2024010710_2772_55109,55109,SINGLE_HIGH,False,6.226486131679657,Tayler Hawkins,2.147808048822987,4.07867808285667,2.0732437606262977,4.153242371053359
2024010710_3357_54718,54718,SPLIT_DEEP,True,15.968812244364864,Russ Yeast,11.70178801483747,4.267024229527394,11.72487606303747,4.243936181327394
2024010710_3357_56099,56099,SPLIT_DEEP,False,9.4491516981393,Jason Taylor,10.393433354913023,-0.9442816567737236,9.662635547724046,-0.21348384958474576
2024010710_3653_54718,54718,SPLIT_DEEP,True,5.928191638572509,Russ Yeast,5.057173547940257,0.8710180906322513,4.581635736509358,1.3465559020631508
2024010710_3688_54718,54718,SPLIT_DEEP,True,5.260145072183873,Russ Yeast,0.5641741437577699,4.695970928426103,0.6083370483636479,4.651808023820225
2024010710_3688_56099,56099,SPLIT_DEEP,False,1.1174128346428915,Jason Taylor,1.0698796707481681,0.047533163894723396,1.9295634104158745,-0.812150575772983
2024010711_124_43353,43353,SPLIT_DEEP,False,20.13151742621438,Kevin Byard,19.51238845488091,0.6191289713334704,16.551795168655715,3.5797222575586645
2024010711_559_52444,52444,SPLIT_DEEP,True,4.349098114639426,Xavier McKinney,1.2949839083765868,3.054114206262839,0.942659859857752,3.4064382547816736
2024010711_994_54579,54579,SINGLE_HIGH,False,19.254195342764415,Dane Belton,18.13070002653608,1.123495316228336,15.750329776254324,3.5038655665100915
2024010711_1275_43353,43353,SPLIT_DEEP,False,10.022758925869862,Kevin Byard,9.538189253715627,0.48456967215423496,9.902505592302884,0.12025333356697843
2024010711_1275_54808,54808,SPLIT_DEEP,True,13.417742223208236,Reed Blankenship,9.980511522816622,3.4372307003916145,9.022304321540698,4.395437901667538
2024010711_1537_54808,54808,SINGLE_HIGH,True,11.130425598370469,Reed Blankenship,9.337947654105143,1.7924779442653254,9.815677494223289,1.3147481041471796
2024010711_1742_54808,54808,SPLIT_DEEP,True,5.796006419233976,Reed Blankenship,2.000087613680538,3.7959188055534376,1.442254511718442,4.353751907515534
2024010711_1789_54808,54808,SINGLE_HIGH,True,16.243517566480612,Reed Blankenship,13.037053478568112,3.206464087912501,12.953972196457979,3.2895453700226334
2024010711_1919_52444,52444,SPLIT_DEEP,True,21.48861677168505,Xavier McKinney,15.448412639900795,6.040204131784254,15.341151013194644,6.147465758490405
2024010711_1997_54808,54808,SINGLE_HIGH,True,16.203807104770767,Reed Blankenship,7.882804733891086,8.321002370879683,8.670150510122523,7.533656594648244
2024010711_2045_43353,43353,SPLIT_DEEP,False,5.443939564318946,Kevin Byard,16.891657519353128,-11.447717955034182,15.533465448821929,-10.089525884502983
2024010711_2045_54808,54808,SPLIT_DEEP,True,17.48165502073239,Reed Blankenship,14.950477752693189,2.531177268039201,14.718800308211645,2.7628547125207454
2024010711_2115_54808,54808,SINGLE_HIGH,True,2.130560908232977,Reed Blankenship,1.3015295321616143,0.8290313760713626,1.750372017127651,0.38018889110532594
2024010711_2396_54579,54579,SINGLE_HIGH,False,8.68930946542612,Dane Belton,8.382583216758901,0.30672624866721954,8.6937464007872,-0.004436935361079364
2024010711_3422_54579,54579,SINGLE_HIGH,False,3.894514166662262,Dane Belton,1.179712415755594,2.714801750906668,2.8161077250158204,1.0784064416464414
2024010711_3447_54579,54579,SINGLE_HIGH,False,10.091351709033828,Dane Belton,4.1831705033960995,5.908181205637729,3.2692845125884045,6.822067196445424
2024010711_3981_54579,54579,SINGLE_HIGH,False,5.235081057930155,Dane Belton,1.9580678273232037,3.2770132306069515,2.639903692116129,2.595177365814026
2024010712_185_42543,42543,SINGLE_HIGH,True,7.033776135114577,Quandre Diggs,12.05574538233664,-5.021969247222064,11.130066685425817,-4.09629055031124
2024010712_471_44848,44848,SINGLE_HIGH,False,2.6269883293924927,Budda Baker,11.563458408853348,-8.936470079460856,10.86533772275713,-8.238349393364638
2024010712_763_44848,44848,SINGLE_HIGH,False,0.4344305552389809,Budda Baker,2.8344861752406345,-2.4000556200016536,3.8069121757907087,-3.372481620551728
2024010712_1271_46807,46807,SPLIT_DEEP,False,-6.714525578276415,Andre Chachere,2.760734265168606,-9.475259843445022,1.8404087954683988,-8.554934373744814
2024010712_1534_42543,42543,SINGLE_HIGH,True,-3.298656080447074,Quandre Diggs,2.7003433436231545,-5.998999424070229,3.5135766395188774,-6.812232719965952
2024010712_2628_42543,42543,SPLIT_DEEP,True,-2.271920608946532,Quandre Diggs,3.6293611736449383,-5.90128178259147,3.465589030758024,-5.737509639704556
2024010712_2628_47891,47891,SPLIT_DEEP,True,-1.285012521509719,Julian Love,-0.4940682428543869,-0.7909442786553321,1.2913951132293118,-2.576407634739031
2024010712_3210_49410,49410,SPLIT_DEEP,False,6.574086954074735,Jalen Thompson,1.2746904317659626,5.299396522308772,1.5434987632146626,5.0305881908600725
2024010712_3704_44848,44848,SPLIT_DEEP,False,12.771544357662355,Budda Baker,12.342386855745868,0.42915750191648705,12.252530600595833,0.5190137570665225
2024010712_3704_49410,49410,SPLIT_DEEP,False,14.957583943942002,Jalen Thompson,12.623219165143587,2.334364778798415,12.60504402905381,2.352539914888192
2024010712_3808_42543,42543,SPLIT_DEEP,True,-0.7894408966602864,Quandre Diggs,2.0851572093569666,-2.874598106017253,1.1701271639413928,-1.9595680606016792
2024010713_158_40107,40107,SPLIT_DEEP,True,9.93773386693296,Micah Hyde,10.631709925908295,-0.6939760589753341,10.855690090957827,-0.9179562240248664
2024010713_158_47844,47844,SPLIT_DEEP,False,16.224612326893673,Taylor Rapp,9.592545262441188,6.632067064452485,10.39837583088008,5.826236496013593
2024010713_291_46259,46259,SINGLE_HIGH,True,3.0354715753566612,DeShon Elliott,2.2144284890002366,0.8210430863564246,2.6160734423710803,0.41939813298558093
2024010713_599_40166,40166,SINGLE_HIGH,False,0.1299205045729143,Jordan Poyer,0.7978987530342702,-0.6679782484613559,1.7163151517828892,-1.5863946472099748
2024010713_696_40166,40166,SPLIT_DEEP,False,5.99052183792365,Jordan Poyer,3.2597819641436883,2.7307398737799615,5.292688916347145,0.6978329215765049
2024010713_746_46259,46259,SPLIT_DEEP,True,16.67422355812338,DeShon Elliott,14.697223282218152,1.9770002759052279,14.86890424052647,1.8053193175969096
2024010713_965_40107,40107,SPLIT_DEEP,True,3.2590697764330416,Micah Hyde,1.9643194683191898,1.2947503081138518,1.539034445624976,1.7200353308080656
2024010713_1037_47844,47844,SPLIT_DEEP,False,-1.8422522393949627,Taylor Rapp,0.08975852019151588,-1.9320107595864786,1.297297061713504,-3.1395493011084668
2024010713_1344_52478,52478,SINGLE_HIGH,False,23.737068508086843,Brandon Jones,15.003319840473063,8.73374866761378,15.170219086720031,8.566849421366811
2024010713_1533_40166,40166,SPLIT_DEEP,False,1.2583926811533033,Jordan Poyer,1.0794570536447916,0.17893562750851166,1.0147044190346843,0.24368826211861894
2024010713_2727_46259,46259,SPLIT_DEEP,True,2.372588074363751,DeShon Elliott,1.376670714584079,0.995917359779672,0.9639181655738369,1.4086699087899142
2024010713_2727_52478,52478,SPLIT_DEEP,False,1.8117770116015297,Brandon Jones,0.7297841078035424,1.0819929037979872,1.0992552899038799,0.7125217216976498
2024010713_2774_46259,46259,SPLIT_DEEP,True,4.510724726108055,DeShon Elliott,1.2044448412554125,3.3062798848526427,1.3408600456409356,3.1698646804671196
2024010713_2827_40107,40107,SPLIT_DEEP,True,-1.7245206633339212,Micah Hyde,0.807262224408774,-2.531782887742695,0.8977036046521949,-2.622224267986116
2024010713_2905_40107,40107,SINGLE_HIGH,True,-2.267600721255743,Micah Hyde,1.3283823865981672,-3.59598310785391,1.6235809509590116,-3.8911816722147545
2024010713_3296_46259,46259,SINGLE_HIGH,True,9.36455545206379,DeShon Elliott,6.450597241544379,2.913958210519411,6.532435719870236,2.8321197321935543
2024010713_3351_46259,46259,SINGLE_HIGH,True,11.221868844267007,DeShon Elliott,9.716442578375858,1.505426265891149,9.259740570301453,1.9621282739655541
2024010713_3467_40107,40107,SINGLE_HIGH,True,-0.8703941875058323,Micah Hyde,0.05489756182717608,-0.9252917493330084,1.6886531935089737,-2.559047381014806
2024010713_3515_40107,40107,SPLIT_DEEP,True,-1.8732745957553536,Micah Hyde,-1.266370321981373,-0.6069042737739807,0.8921292354161441,-2.765403831171498
2024010713_3906_40107,40107,SPLIT_DEEP,True,-2.4528765058351247,Micah Hyde,2.518956622537837,-4.971833128372962,3.5646214816398754,-6.017497987475
2024010713_3995_47844,47844,SPLIT_DEEP,False,6.9751670662361125,Taylor Rapp,1.5765377527582691,5.398629313477843,3.161729377326137,3.8134376889099757
2024010713_4018_47844,47844,SPLIT_DEEP,False,7.040843160502098,Taylor Rapp,3.2957734368583735,3.745069723643724,3.5043393868170725,3.536503773685025
